applicant_id,applicant_name,ssn,email,street_address,zip,birth_date,region,annual_income,debt_to_income,credit_history_years,delinquencies_2y,employment_years,loan_amount,area_risk_score,collections_flag_post_decision,repaid
APP00001,Omar Smith,943-32-4986,omar.smith366@example.com,4103 Maple Ave,90483,1968-07-27,metro,70100.0,0.487,4.4,0,3.9,21500.0,35.6,1,0
APP00002,Carlos Patel,964-44-6739,carlos.patel724@example.com,2219 Lakeview Blvd,91118,1970-06-27,metro,69200.0,0.498,9.0,1,19.8,27300.0,23.5,0,1
APP00003,Daniel Davis,904-46-9179,daniel.davis364@example.com,4173 Maple Ave,90991,1961-12-24,metro,86500.0,0.414,10.2,0,9.7,20500.0,25.5,0,1
APP00004,Kevin Ali,969-90-7764,kevin.ali280@example.com,9660 Hillcrest Way,96007,1957-10-19,rural,52900.0,0.278,10.7,0,3.0,13700.0,66.9,1,0
APP00005,Linh Moore,989-17-8628,linh.moore673@example.com,2685 Oak St,90979,1960-09-22,metro,45600.0,0.41,15.8,1,3.2,21800.0,45.8,0,0
APP00006,Grace Brown,954-44-9754,grace.brown411@example.com,6026 Hillcrest Way,90437,1973-06-24,metro,64700.0,0.237,12.9,0,3.7,14200.0,28.4,0,1
APP00007,Alex Ali,972-47-3502,alex.ali743@example.com,694 Pine Rd,91843,1966-12-21,metro,45700.0,0.202,8.0,0,7.8,27800.0,33.2,0,1
APP00008,Carlos Ramirez,975-47-4136,carlos.ramirez808@example.com,510 Oak St,90684,1977-07-23,metro,67200.0,0.517,3.4,1,7.5,24200.0,16.8,0,1
APP00009,Aisha Davis,969-43-8145,aisha.davis500@example.com,1804 Elm Dr,90509,1950-09-20,metro,33400.0,0.577,19.2,0,4.4,11500.0,21.4,0,0
APP00010,Sofia Singh,941-51-7270,sofia.singh784@example.com,1771 Pine Rd,90683,1976-07-01,metro,67000.0,0.271,15.9,1,7.6,25700.0,29.2,1,1
APP00011,Linh Moore,978-62-3803,linh.moore964@example.com,6462 Elm Dr,95973,1989-08-01,rural,74300.0,0.439,9.9,0,4.3,23000.0,73.8,1,0
APP00012,Aisha Smith,905-62-6932,aisha.smith384@example.com,3368 Lakeview Blvd,91355,1963-01-01,metro,87800.0,0.51,9.7,0,3.9,15300.0,23.8,1,0
APP00013,Mateo Martinez,958-78-4191,mateo.martinez415@example.com,8979 Cedar Ln,90576,1959-06-19,metro,33300.0,0.31,4.7,0,7.8,17500.0,29.0,1,0
APP00014,Noah Martinez,966-78-6958,noah.martinez92@example.com,5264 Oak St,95981,1988-10-15,rural,65400.0,0.232,14.7,0,8.2,31600.0,74.6,1,0
APP00015,Hiro Nguyen,983-16-7024,hiro.nguyen984@example.com,1057 Elm Dr,95926,2001-03-07,rural,,0.403,2.6,1,5.6,23500.0,68.8,1,0
APP00016,Linh Lopez,911-62-4392,linh.lopez417@example.com,2454 Maple Ave,90067,1951-11-16,metro,61000.0,0.395,16.2,0,5.1,16600.0,23.2,0,1
APP00017,Noah Brown,903-55-2416,noah.brown421@example.com,8939 Maple Ave,95927,1974-11-08,rural,40700.0,0.316,19.0,0,8.3,12400.0,65.9,0,0
APP00018,Priya Taylor,999-86-3282,priya.taylor566@example.com,5294 Maple Ave,95964,1958-09-03,rural,,0.569,10.4,0,3.0,26500.0,76.7,1,0
APP00019,Fatima Hernandez,949-28-6432,fatima.hernandez688@example.com,8754 Hillcrest Way,91760,1995-04-11,metro,100200.0,0.28,28.0,1,2.4,20300.0,37.9,0,1
APP00020,Fatima Garcia,986-63-7462,fatima.garcia891@example.com,8137 Lakeview Blvd,95946,1992-04-18,rural,41500.0,0.409,4.6,0,13.4,17000.0,71.4,1,0
APP00021,Ravi Nguyen,916-77-7634,ravi.nguyen853@example.com,1806 Elm Dr,91180,1998-12-23,metro,112900.0,0.291,11.8,0,,20500.0,41.3,0,1
APP00022,Emma Nguyen,900-10-9630,emma.nguyen93@example.com,281 Elm Dr,91391,1982-03-14,metro,67300.0,0.51,13.1,0,3.8,30000.0,51.5,1,0
APP00023,Sofia Martinez,978-15-9907,sofia.martinez895@example.com,9419 Elm Dr,90216,1991-07-26,metro,40700.0,0.285,7.9,0,,25700.0,39.5,0,1
APP00024,Aisha Smith,989-79-7241,aisha.smith482@example.com,4487 Cedar Ln,91209,1977-12-13,metro,66600.0,0.416,9.9,0,7.0,22100.0,39.2,0,0
APP00025,Hiro Nguyen,959-64-4457,hiro.nguyen512@example.com,7292 Elm Dr,90043,1962-08-26,metro,50600.0,0.437,6.7,0,13.0,23100.0,31.0,0,1
APP00026,Grace Ramirez,959-18-5004,grace.ramirez989@example.com,9518 Cedar Ln,90638,1993-08-10,metro,65300.0,0.485,2.0,0,7.8,2100.0,42.0,0,1
APP00027,Maria Lopez,969-44-9071,maria.lopez910@example.com,4751 Cedar Ln,90032,1956-03-25,metro,65800.0,0.303,7.1,0,4.8,16700.0,43.7,0,1
APP00028,Hiro Ali,942-62-4317,hiro.ali178@example.com,6421 Maple Ave,96156,1963-03-03,rural,74600.0,0.247,4.5,0,1.2,19700.0,66.5,1,0
APP00029,Ravi Lee,949-78-6379,ravi.lee901@example.com,8387 Cedar Ln,96108,1997-02-16,rural,46800.0,0.424,5.9,0,1.9,19000.0,63.4,1,0
APP00030,Priya Ali,936-43-3068,priya.ali331@example.com,6281 Lakeview Blvd,90431,1958-03-11,metro,26800.0,0.467,19.9,1,13.3,30100.0,34.6,1,0
APP00031,Grace Hernandez,981-63-7426,grace.hernandez347@example.com,8673 Cedar Ln,91865,1962-06-07,metro,,0.418,7.3,1,2.1,25100.0,45.3,1,0
APP00032,Grace Kim,908-70-5648,grace.kim216@example.com,92 Hillcrest Way,95994,1963-03-06,rural,52900.0,0.288,14.0,1,9.1,19400.0,64.2,1,0
APP00033,Kevin Wilson,961-49-3377,kevin.wilson189@example.com,8137 Maple Ave,90855,1960-11-21,metro,61200.0,0.282,16.0,1,4.8,3000.0,37.2,0,0
APP00034,Kevin Hernandez,960-48-1659,kevin.hernandez420@example.com,7672 Cedar Ln,91141,1957-07-03,metro,61700.0,0.49,13.5,1,7.4,26200.0,37.0,1,0
APP00035,Chloe Taylor,945-90-1763,chloe.taylor341@example.com,4267 Oak St,96157,1974-02-25,rural,42500.0,0.302,1.8,1,5.5,17000.0,78.9,1,0
APP00036,Hiro Singh,954-15-8887,hiro.singh703@example.com,3061 Elm Dr,96008,1986-07-10,rural,57900.0,0.235,22.2,0,4.6,22200.0,68.5,0,1
APP00037,Daniel Clark,990-93-1552,daniel.clark81@example.com,1204 Elm Dr,96181,1954-08-21,rural,71400.0,0.379,8.4,0,3.5,13100.0,64.9,1,0
APP00038,Mateo Johnson,957-34-9629,mateo.johnson443@example.com,9943 Lakeview Blvd,90035,1951-01-18,metro,54300.0,0.02,30.9,0,12.2,6500.0,27.9,0,1
APP00039,Priya Martinez,919-18-3288,priya.martinez585@example.com,9772 Pine Rd,91505,1961-04-25,metro,36100.0,0.291,2.2,0,3.3,36400.0,36.0,1,0
APP00040,Alex Smith,916-15-7262,alex.smith324@example.com,3747 Pine Rd,96190,1985-06-04,rural,50200.0,0.482,18.1,1,11.0,19300.0,77.8,1,0
APP00041,Olivia Kim,933-19-6495,olivia.kim992@example.com,8245 Hillcrest Way,90411,1997-06-29,metro,112500.0,0.392,9.1,2,4.5,5700.0,41.3,0,0
APP00042,Hiro Ali,940-12-7287,hiro.ali564@example.com,2354 Pine Rd,91938,1969-04-26,metro,57800.0,0.27,14.9,1,8.4,22300.0,48.5,0,1
APP00043,Ravi Kim,930-92-2198,ravi.kim187@example.com,6758 Elm Dr,96093,1987-05-06,rural,36100.0,0.315,7.0,0,2.8,24600.0,75.4,1,0
APP00044,Carlos Ali,964-66-3531,carlos.ali70@example.com,4580 Maple Ave,91235,1952-10-31,metro,65200.0,0.31,11.8,0,5.7,10500.0,45.0,0,1
APP00045,Hiro Davis,958-66-6183,hiro.davis779@example.com,6340 Elm Dr,90780,1968-07-14,metro,32900.0,0.369,2.1,1,15.9,15600.0,28.5,1,0
APP00046,Ravi Patel,966-14-7932,ravi.patel66@example.com,9289 Maple Ave,96097,1984-04-28,rural,90400.0,0.439,13.6,0,5.1,3100.0,66.4,0,1
APP00047,Priya Davis,906-54-7459,priya.davis27@example.com,9227 Maple Ave,91316,1996-03-01,metro,37700.0,0.194,10.1,0,13.7,6800.0,14.4,0,1
APP00048,Olivia Ali,986-43-5838,olivia.ali277@example.com,2794 Maple Ave,91552,1950-12-21,metro,45500.0,0.216,5.4,1,7.9,15000.0,25.1,1,0
APP00049,Maria Davis,990-90-2280,maria.davis588@example.com,5410 Elm Dr,96175,1950-03-25,rural,52700.0,0.529,6.0,1,2.7,10300.0,75.8,1,0
APP00050,James Lopez,979-69-9736,james.lopez407@example.com,5965 Lakeview Blvd,90334,1959-09-29,metro,22800.0,0.569,6.1,1,6.3,16700.0,23.0,1,0
APP00051,Priya Lee,903-86-4497,priya.lee196@example.com,6722 Elm Dr,90062,1958-11-13,metro,44700.0,0.334,13.6,0,18.7,14800.0,41.1,0,1
APP00052,Hiro Brown,950-53-9869,hiro.brown553@example.com,8461 Hillcrest Way,90729,1978-09-05,metro,66300.0,0.574,15.4,0,2.4,16800.0,17.9,1,0
APP00053,Aisha Lee,999-53-6589,aisha.lee786@example.com,7291 Lakeview Blvd,91886,1959-11-15,metro,93800.0,0.27,14.8,0,2.9,20500.0,44.0,0,1
APP00054,Alex Martinez,948-62-8699,alex.martinez250@example.com,4978 Pine Rd,90032,1983-01-28,metro,52600.0,0.352,14.0,0,14.7,35900.0,47.4,0,1
APP00055,Grace Smith,965-55-7795,grace.smith633@example.com,3337 Lakeview Blvd,91274,1969-11-24,metro,40000.0,0.389,5.7,0,,20600.0,44.3,0,0
APP00056,Hiro Wilson,964-32-7320,hiro.wilson847@example.com,6005 Hillcrest Way,96134,1986-03-29,rural,95700.0,0.244,5.8,0,11.2,18800.0,87.2,0,1
APP00057,Emma Smith,965-43-8662,emma.smith849@example.com,982 Oak St,90849,1956-10-08,metro,,0.12,6.3,0,,22800.0,28.7,1,0
APP00058,Grace Smith,989-50-9001,grace.smith379@example.com,5485 Elm Dr,91143,1972-08-08,metro,73500.0,0.391,3.4,0,6.5,32400.0,35.1,1,0
APP00059,Noah Martinez,909-47-8919,noah.martinez728@example.com,7558 Maple Ave,90071,1977-01-15,metro,65400.0,0.281,10.7,0,5.5,3200.0,36.4,1,0
APP00060,Olivia Ramirez,968-50-9418,olivia.ramirez315@example.com,8618 Pine Rd,96025,1989-04-12,rural,84300.0,0.315,15.1,0,2.2,24600.0,67.3,1,0
APP00061,James Hernandez,952-23-5860,james.hernandez346@example.com,6157 Elm Dr,91649,1971-09-30,metro,63200.0,0.372,3.5,0,11.7,29000.0,28.7,1,0
APP00062,Fatima Lopez,956-70-2836,fatima.lopez837@example.com,6097 Lakeview Blvd,91541,1950-09-30,metro,82800.0,0.399,25.0,0,4.6,21500.0,24.3,0,1
APP00063,Chloe Taylor,918-36-2053,chloe.taylor515@example.com,53 Maple Ave,91368,1967-07-13,metro,68500.0,0.365,5.8,0,4.2,10300.0,24.5,0,1
APP00064,Emma Singh,900-11-3909,emma.singh429@example.com,2309 Cedar Ln,95909,1986-05-12,rural,80300.0,0.321,4.3,0,7.2,24600.0,60.1,0,1
APP00065,Aisha Patel,961-75-8997,aisha.patel254@example.com,6632 Cedar Ln,96012,1967-07-22,rural,105500.0,0.226,15.6,0,2.8,32900.0,85.4,0,1
APP00066,Carlos Lee,978-82-5997,carlos.lee765@example.com,1284 Hillcrest Way,90108,1952-10-03,metro,41700.0,0.282,9.1,0,4.5,2000.0,31.6,0,1
APP00067,Olivia Taylor,946-30-9431,olivia.taylor60@example.com,5008 Lakeview Blvd,96023,1960-05-11,rural,78900.0,0.295,12.1,1,20.8,32500.0,63.4,0,1
APP00068,Linh Clark,948-77-7453,linh.clark259@example.com,9544 Oak St,90589,1971-09-23,metro,136400.0,0.231,7.2,1,3.2,17600.0,33.4,0,1
APP00069,Linh Wilson,908-55-9665,linh.wilson542@example.com,7108 Elm Dr,96003,1977-05-23,rural,64200.0,0.228,13.5,1,1.5,24300.0,70.4,1,0
APP00070,Daniel Hernandez,905-22-7372,daniel.hernandez464@example.com,800 Elm Dr,90799,1983-10-27,metro,94300.0,0.398,10.4,0,3.9,23900.0,16.0,0,1
APP00071,Daniel Nguyen,900-25-8371,daniel.nguyen341@example.com,8704 Hillcrest Way,96163,1954-10-07,rural,82800.0,0.46,9.2,0,3.7,29700.0,57.1,0,1
APP00072,Alex Ramirez,919-81-1175,alex.ramirez63@example.com,5160 Hillcrest Way,91666,1995-07-10,metro,52300.0,0.215,3.0,0,10.4,44300.0,25.2,1,0
APP00073,Maria Davis,987-20-6710,maria.davis989@example.com,929 Cedar Ln,91968,1975-01-23,metro,102700.0,0.177,12.9,0,4.5,22300.0,29.2,0,1
APP00074,Daniel Hernandez,908-52-5752,daniel.hernandez909@example.com,8753 Cedar Ln,90217,1959-09-12,metro,64700.0,0.29,11.9,1,3.1,27200.0,30.8,1,1
APP00075,Chloe Brown,958-98-5401,chloe.brown520@example.com,9836 Elm Dr,90927,1954-07-25,metro,67000.0,0.295,2.7,1,12.5,17600.0,40.3,0,1
APP00076,Kevin Wilson,954-70-9652,kevin.wilson72@example.com,6686 Cedar Ln,90045,1951-01-17,metro,76600.0,0.506,9.8,0,8.2,6300.0,46.9,1,0
APP00077,Olivia Moore,999-43-5598,olivia.moore496@example.com,8884 Cedar Ln,96090,1991-04-21,rural,60400.0,0.421,10.7,0,2.9,25600.0,73.4,0,1
APP00078,Fatima Clark,963-82-3918,fatima.clark605@example.com,9200 Elm Dr,96129,1982-02-25,rural,31500.0,0.523,12.0,1,1.2,33100.0,72.0,1,0
APP00079,Linh Davis,986-16-1221,linh.davis610@example.com,358 Cedar Ln,90640,1954-04-08,metro,43200.0,0.264,4.8,0,3.5,17300.0,32.6,1,0
APP00080,Aisha Chen,921-58-3096,aisha.chen697@example.com,8115 Lakeview Blvd,90369,1974-02-03,metro,41400.0,0.245,7.5,0,5.0,20300.0,39.9,1,0
APP00081,Carlos Garcia,910-85-4126,carlos.garcia836@example.com,3573 Oak St,90424,1973-09-06,metro,68700.0,0.473,13.0,0,7.1,34800.0,49.1,0,1
APP00082,Olivia Kim,998-87-1832,olivia.kim600@example.com,8964 Pine Rd,90252,1978-05-29,metro,49900.0,0.127,8.1,1,1.7,23100.0,24.4,0,1
APP00083,Fatima Singh,968-56-3270,fatima.singh96@example.com,9101 Hillcrest Way,96149,1951-11-02,rural,61500.0,0.264,21.5,1,7.0,21200.0,68.0,0,1
APP00084,Omar Chen,965-94-9664,omar.chen393@example.com,4000 Lakeview Blvd,96106,1991-06-09,rural,44400.0,0.375,10.6,2,9.0,6900.0,81.8,0,0
APP00085,James Moore,978-47-7938,james.moore795@example.com,8698 Oak St,90308,1952-06-09,metro,124300.0,0.451,5.8,0,1.8,12900.0,36.0,1,0
APP00086,Omar Wilson,941-42-4757,omar.wilson272@example.com,3154 Elm Dr,96195,1955-04-15,rural,103300.0,0.497,5.5,2,5.4,15800.0,70.5,1,0
APP00087,Daniel Kim,941-13-4161,daniel.kim178@example.com,5418 Pine Rd,90997,1996-07-15,metro,37100.0,0.459,9.7,0,4.1,24000.0,43.9,1,0
APP00088,Carlos Davis,985-76-3446,carlos.davis704@example.com,864 Lakeview Blvd,90832,2000-11-15,metro,88900.0,0.5,5.3,0,6.1,18200.0,48.1,1,0
APP00089,Mateo Ali,998-33-3659,mateo.ali563@example.com,8151 Pine Rd,91024,1955-01-14,metro,36100.0,0.32,15.7,0,5.0,10500.0,42.9,0,1
APP00090,Mateo Ali,967-13-1747,mateo.ali96@example.com,672 Pine Rd,91915,1951-11-18,metro,66900.0,0.444,9.3,0,2.5,20900.0,34.4,0,1
APP00091,Hiro Moore,906-26-9958,hiro.moore120@example.com,4089 Maple Ave,91118,1991-03-12,metro,66600.0,0.416,19.2,1,3.4,25800.0,37.9,1,0
APP00092,Mateo Ali,929-54-1700,mateo.ali12@example.com,7819 Oak St,96162,1976-04-23,rural,33200.0,0.383,9.7,0,9.6,26000.0,86.9,1,0
APP00093,James Clark,910-78-4089,james.clark41@example.com,2144 Elm Dr,90773,1987-09-05,metro,36200.0,0.358,10.1,0,4.2,14100.0,46.8,0,1
APP00094,Mateo Nguyen,948-95-9056,mateo.nguyen314@example.com,8444 Lakeview Blvd,90117,1999-05-31,metro,98700.0,0.265,9.8,0,2.0,26100.0,21.6,0,1
APP00095,Chloe Chen,901-22-2494,chloe.chen699@example.com,87 Hillcrest Way,91683,1982-09-04,metro,79600.0,0.286,28.8,2,6.2,22400.0,47.3,0,1
APP00096,Omar Kim,936-68-1558,omar.kim636@example.com,9872 Maple Ave,91882,1958-07-08,metro,43800.0,0.433,13.9,0,7.3,15900.0,38.6,0,1
APP00097,Aisha Brown,915-97-5283,aisha.brown542@example.com,7757 Elm Dr,96028,1967-08-30,rural,31800.0,0.451,11.8,1,1.8,29200.0,90.6,1,0
APP00098,Carlos Singh,992-27-8702,carlos.singh741@example.com,6251 Lakeview Blvd,96198,1976-07-13,rural,,0.45,6.9,0,6.9,26600.0,84.9,1,0
APP00099,Sofia Chen,987-55-8693,sofia.chen435@example.com,4593 Maple Ave,91900,1982-07-19,metro,62000.0,0.357,12.0,1,4.7,17700.0,15.2,0,1
APP00100,Emma Clark,914-66-2113,emma.clark596@example.com,3502 Pine Rd,91966,1956-09-30,metro,59000.0,0.206,10.3,1,10.1,9200.0,34.0,0,1
APP00101,Sofia Chen,976-97-8847,sofia.chen882@example.com,7663 Oak St,90852,1974-08-03,metro,59900.0,0.48,6.4,1,12.9,34200.0,27.1,1,0
APP00102,Ravi Patel,953-62-7373,ravi.patel520@example.com,2602 Maple Ave,95963,1985-10-31,rural,84800.0,0.47,7.4,0,4.8,9700.0,86.7,0,1
APP00103,Carlos Wilson,934-76-4954,carlos.wilson793@example.com,8844 Pine Rd,96089,1980-05-31,rural,116400.0,0.267,4.9,0,9.7,31700.0,68.0,0,1
APP00104,Hiro Ali,997-72-7963,hiro.ali989@example.com,6200 Oak St,91839,1965-09-23,metro,79400.0,0.278,15.8,1,4.7,24900.0,40.4,0,1
APP00105,Aisha Lee,917-97-7334,aisha.lee571@example.com,2669 Lakeview Blvd,91820,1961-02-20,metro,39800.0,0.236,18.2,1,,15500.0,54.1,0,1
APP00106,Carlos Ramirez,916-18-2850,carlos.ramirez822@example.com,8716 Hillcrest Way,90577,1999-05-02,metro,47900.0,0.284,3.3,0,3.5,10100.0,40.8,0,1
APP00107,James Singh,969-21-4296,james.singh39@example.com,3297 Hillcrest Way,90711,1962-04-03,metro,64600.0,0.396,14.8,0,11.0,12300.0,36.9,0,1
APP00108,Noah Davis,964-63-7256,noah.davis124@example.com,5141 Lakeview Blvd,95940,1964-01-01,rural,46500.0,0.5,7.8,0,3.9,7300.0,77.4,1,0
APP00109,Olivia Clark,993-63-4788,olivia.clark73@example.com,9587 Maple Ave,96013,1988-04-24,rural,79400.0,0.218,2.8,2,2.7,18300.0,76.0,1,0
APP00110,Ravi Lee,960-85-5980,ravi.lee535@example.com,2988 Maple Ave,96159,1967-01-04,rural,116000.0,0.278,13.5,1,3.8,24300.0,71.7,0,1
APP00111,Ravi Hernandez,914-78-8969,ravi.hernandez328@example.com,5260 Oak St,96195,1996-03-11,rural,48900.0,0.414,17.1,0,4.4,29300.0,79.5,1,0
APP00112,Aisha Hernandez,946-80-9639,aisha.hernandez549@example.com,4843 Cedar Ln,91211,1987-11-03,metro,45400.0,0.394,6.3,2,4.8,17000.0,38.7,1,0
APP00113,Emma Hernandez,902-84-1780,emma.hernandez814@example.com,560 Oak St,91789,1960-03-06,metro,47500.0,0.52,12.2,0,11.8,19200.0,35.1,1,0
APP00114,Chloe Clark,974-74-2804,chloe.clark96@example.com,3332 Maple Ave,90865,1960-03-28,metro,78400.0,0.335,2.6,1,11.5,17500.0,33.8,0,1
APP00115,Daniel Singh,960-28-8697,daniel.singh987@example.com,2045 Hillcrest Way,90393,1963-05-02,metro,73900.0,0.451,5.7,0,5.0,11500.0,38.5,0,1
APP00116,Daniel Singh,983-46-4161,daniel.singh853@example.com,5031 Cedar Ln,96182,1997-05-09,rural,54800.0,0.385,5.0,0,3.5,18400.0,68.2,1,0
APP00117,Sofia Hernandez,903-38-2688,sofia.hernandez504@example.com,8421 Pine Rd,90150,1953-09-21,metro,39300.0,0.338,5.1,0,2.7,28100.0,42.2,1,0
APP00118,Aisha Singh,993-43-7201,aisha.singh226@example.com,6430 Pine Rd,91161,1966-03-01,metro,72300.0,0.28,18.5,1,7.6,24600.0,47.0,1,1
APP00119,Chloe Moore,976-18-9547,chloe.moore775@example.com,2710 Pine Rd,91851,1959-11-07,metro,92000.0,0.368,5.3,0,3.9,12400.0,44.7,1,1
APP00120,Chloe Wilson,966-73-5960,chloe.wilson280@example.com,7768 Cedar Ln,90840,1972-09-25,metro,53900.0,0.172,3.4,1,14.6,26800.0,48.9,0,1
APP00121,Priya Garcia,960-31-2108,priya.garcia300@example.com,6408 Lakeview Blvd,91940,1959-12-18,metro,60200.0,0.366,6.9,0,4.0,12500.0,35.2,0,1
APP00122,Olivia Lopez,918-11-2916,olivia.lopez650@example.com,1425 Lakeview Blvd,90791,1959-03-30,metro,60300.0,0.171,15.3,1,10.3,29000.0,36.9,0,1
APP00123,Fatima Ali,925-55-1673,fatima.ali529@example.com,654 Pine Rd,90045,1980-12-22,metro,86400.0,0.295,9.5,1,2.5,24300.0,26.8,0,1
APP00124,Linh Nguyen,992-75-9529,linh.nguyen466@example.com,566 Maple Ave,91581,1983-10-02,metro,84900.0,0.254,8.9,0,2.9,11800.0,31.1,0,1
APP00125,James Ali,905-57-1912,james.ali2@example.com,709 Maple Ave,91858,1974-03-08,metro,98200.0,0.228,2.0,1,5.9,14300.0,32.7,0,1
APP00126,Aisha Chen,946-82-9265,aisha.chen355@example.com,520 Lakeview Blvd,91204,2001-07-27,metro,85900.0,0.463,8.4,0,1.0,10400.0,23.4,0,1
APP00127,Mateo Kim,990-86-9014,mateo.kim846@example.com,8780 Cedar Ln,90268,1966-12-21,metro,48300.0,0.289,7.4,1,2.3,29500.0,10.1,1,0
APP00128,Maria Martinez,994-12-9267,maria.martinez438@example.com,6050 Cedar Ln,91343,1977-06-26,metro,65300.0,0.342,3.6,0,8.1,16600.0,41.0,0,1
APP00129,Sofia Lopez,909-63-1960,sofia.lopez544@example.com,5080 Lakeview Blvd,90677,1961-01-02,metro,57500.0,0.37,14.1,0,7.5,26000.0,36.1,0,1
APP00130,Grace Chen,909-81-3569,grace.chen899@example.com,2543 Oak St,91374,1988-04-24,metro,91300.0,0.402,14.7,0,3.2,5300.0,33.2,1,0
APP00131,Carlos Nguyen,930-63-5678,carlos.nguyen192@example.com,1231 Cedar Ln,90435,1950-05-18,metro,44600.0,0.252,2.4,0,3.2,20700.0,44.7,1,0
APP00132,Alex Nguyen,939-67-3459,alex.nguyen605@example.com,6637 Pine Rd,91329,1983-12-02,metro,110300.0,0.424,1.6,0,12.4,25100.0,38.0,0,1
APP00133,Alex Wilson,954-67-4747,alex.wilson516@example.com,3388 Elm Dr,91803,1971-02-02,metro,71800.0,0.389,6.1,0,7.5,25500.0,41.4,1,1
APP00134,Mateo Taylor,983-15-1810,mateo.taylor177@example.com,7742 Oak St,90565,1997-04-21,metro,42200.0,0.282,7.8,0,2.5,41500.0,39.4,1,0
APP00135,Emma Wilson,989-75-3462,emma.wilson105@example.com,7187 Lakeview Blvd,91984,1992-12-31,metro,36500.0,0.359,7.7,0,6.6,27100.0,35.3,1,0
APP00136,Emma Lee,928-71-8156,emma.lee147@example.com,9315 Pine Rd,90241,2000-08-17,metro,94600.0,0.28,17.8,0,29.0,12700.0,39.7,0,1
APP00137,Grace Moore,950-79-3141,grace.moore183@example.com,529 Maple Ave,90718,1950-01-06,metro,50000.0,0.65,10.1,0,2.1,20400.0,32.1,1,0
APP00138,Aisha Garcia,950-33-5279,aisha.garcia773@example.com,6088 Pine Rd,96056,1980-10-04,rural,73900.0,0.433,7.7,1,10.1,31000.0,75.9,0,0
APP00139,Mateo Lee,976-70-1288,mateo.lee255@example.com,8448 Lakeview Blvd,96172,1997-07-29,rural,33300.0,0.344,2.5,0,16.8,25000.0,74.8,0,0
APP00140,Omar Johnson,987-35-6184,omar.johnson403@example.com,6005 Pine Rd,96082,2001-05-14,rural,73300.0,0.385,6.1,0,0.7,18100.0,74.8,1,0
APP00141,Mateo Davis,953-20-7628,mateo.davis463@example.com,3311 Oak St,91767,1988-09-21,metro,43900.0,0.437,8.1,1,9.9,28000.0,51.2,1,0
APP00142,Grace Hernandez,938-63-3514,grace.hernandez507@example.com,1721 Elm Dr,90159,1963-03-25,metro,71000.0,0.385,8.1,0,7.7,12700.0,27.1,0,1
APP00143,Maria Clark,912-21-9933,maria.clark953@example.com,3043 Pine Rd,96018,1963-12-09,rural,65600.0,0.312,6.9,1,7.4,25000.0,60.0,0,1
APP00144,Noah Kim,945-78-6398,noah.kim360@example.com,1803 Hillcrest Way,90104,1977-09-30,metro,71200.0,0.323,4.0,0,2.9,31900.0,32.3,0,1
APP00145,Linh Ali,969-84-6271,linh.ali768@example.com,2741 Elm Dr,95938,1957-10-03,rural,65400.0,0.336,7.9,1,2.9,3100.0,76.9,0,0
APP00146,Ravi Patel,998-43-3249,ravi.patel945@example.com,3222 Maple Ave,96000,1964-06-15,rural,34700.0,0.502,3.7,1,5.6,24200.0,79.5,1,0
APP00147,Mateo Martinez,978-25-4759,mateo.martinez23@example.com,276 Elm Dr,90352,1989-05-26,metro,39700.0,0.422,8.0,1,3.5,6400.0,45.6,1,0
APP00148,Grace Kim,962-84-6117,grace.kim902@example.com,5692 Oak St,91215,1951-05-08,metro,54100.0,0.446,11.7,2,7.5,31300.0,26.2,0,1
APP00149,Maria Martinez,939-16-3679,maria.martinez131@example.com,2467 Oak St,90419,1953-10-23,metro,51000.0,0.081,9.3,0,2.3,31700.0,30.6,0,1
APP00150,Hiro Moore,951-95-9559,hiro.moore162@example.com,3507 Hillcrest Way,96030,1986-01-19,rural,39800.0,0.654,6.2,1,5.5,15900.0,72.1,1,0
APP00151,Kevin Kim,946-49-6468,kevin.kim708@example.com,1066 Elm Dr,95984,1983-02-03,rural,46800.0,0.366,4.7,1,7.0,28900.0,63.2,1,0
APP00152,Noah Nguyen,967-62-1850,noah.nguyen133@example.com,9887 Elm Dr,91463,2001-11-07,metro,63200.0,0.297,14.7,0,11.9,23600.0,27.1,0,1
APP00153,Olivia Nguyen,974-22-3721,olivia.nguyen550@example.com,8968 Oak St,95952,1962-05-20,rural,32100.0,0.348,2.5,2,2.2,21100.0,73.5,1,0
APP00154,Hiro Smith,996-16-7764,hiro.smith795@example.com,2419 Pine Rd,91101,1971-03-11,metro,51200.0,0.394,3.5,0,5.2,20400.0,36.7,1,0
APP00155,Noah Davis,984-36-4470,noah.davis818@example.com,2360 Lakeview Blvd,90727,1999-03-07,metro,77200.0,0.196,8.9,0,3.6,24600.0,13.8,0,1
APP00156,Emma Moore,974-24-3160,emma.moore474@example.com,2175 Lakeview Blvd,91174,1952-08-19,metro,72500.0,0.399,5.7,1,4.8,28100.0,36.2,0,1
APP00157,Fatima Brown,937-41-4496,fatima.brown909@example.com,3973 Maple Ave,95986,1963-07-05,rural,50900.0,0.313,4.7,0,2.2,21400.0,76.8,1,0
APP00158,Aisha Davis,951-73-3165,aisha.davis429@example.com,8801 Maple Ave,90817,1979-02-06,metro,78000.0,0.27,5.3,1,14.8,18400.0,34.4,0,1
APP00159,Carlos Hernandez,955-58-4399,carlos.hernandez969@example.com,5146 Maple Ave,91356,2001-05-14,metro,80800.0,0.301,9.6,0,4.1,2000.0,21.6,0,1
APP00160,Mateo Garcia,910-13-5865,mateo.garcia97@example.com,9083 Maple Ave,96165,1996-07-28,rural,56900.0,0.556,7.2,1,5.0,21700.0,72.2,1,0
APP00161,Carlos Moore,983-69-3328,carlos.moore17@example.com,9303 Hillcrest Way,91353,1996-07-17,metro,68700.0,0.476,3.0,1,2.8,3700.0,34.7,1,0
APP00162,Carlos Lee,973-66-8721,carlos.lee194@example.com,2050 Maple Ave,91558,1986-02-07,metro,54500.0,0.559,2.8,0,2.7,28200.0,18.8,1,0
APP00163,Omar Brown,976-31-9119,omar.brown897@example.com,9195 Oak St,96077,1958-03-05,rural,37900.0,0.244,2.7,1,6.5,34600.0,54.1,1,0
APP00164,Kevin Taylor,912-23-3107,kevin.taylor846@example.com,4608 Lakeview Blvd,90110,1973-06-18,metro,47700.0,0.203,9.9,0,8.7,8900.0,38.6,0,1
APP00165,Emma Wilson,915-85-4684,emma.wilson61@example.com,6972 Elm Dr,91902,1951-05-05,metro,73300.0,0.307,10.6,0,17.1,13400.0,38.9,0,1
APP00166,Omar Hernandez,974-80-6749,omar.hernandez348@example.com,3385 Pine Rd,96083,1962-01-29,rural,112000.0,0.203,20.9,0,6.9,16100.0,74.1,1,1
APP00167,Grace Lopez,985-53-4217,grace.lopez749@example.com,3469 Lakeview Blvd,90553,1957-07-24,metro,68900.0,0.183,5.5,0,6.4,33000.0,26.7,0,1
APP00168,Emma Johnson,982-42-8546,emma.johnson100@example.com,2720 Oak St,91238,1994-03-30,metro,18600.0,0.392,6.3,0,4.1,19100.0,31.8,1,0
APP00169,Olivia Martinez,943-13-6590,olivia.martinez308@example.com,3735 Lakeview Blvd,91358,1955-01-04,metro,63500.0,0.504,10.9,0,4.4,4200.0,38.9,1,0
APP00170,Olivia Hernandez,982-33-2385,olivia.hernandez586@example.com,6855 Lakeview Blvd,90689,1984-08-27,metro,78800.0,0.151,13.0,0,4.5,23800.0,31.2,0,1
APP00171,Emma Davis,989-59-5932,emma.davis634@example.com,6831 Elm Dr,90076,1986-10-03,metro,83100.0,0.462,6.2,0,6.3,22900.0,28.9,1,0
APP00172,Priya Clark,967-62-4320,priya.clark956@example.com,4551 Cedar Ln,96098,1966-09-26,rural,70300.0,0.25,8.2,0,9.9,15400.0,81.0,1,0
APP00173,Emma Martinez,900-11-1993,emma.martinez259@example.com,2424 Hillcrest Way,90971,1980-09-05,metro,103400.0,0.247,10.9,0,0.6,23700.0,42.2,0,1
APP00174,Carlos Chen,951-50-7929,carlos.chen575@example.com,594 Cedar Ln,91054,1997-12-25,metro,89000.0,0.448,10.0,1,2.0,5200.0,30.7,1,0
APP00175,Mateo Davis,955-52-6960,mateo.davis172@example.com,997 Oak St,91644,1997-08-24,metro,37600.0,0.253,10.9,0,3.4,17300.0,35.3,0,1
APP00176,Fatima Clark,974-16-9548,fatima.clark780@example.com,8911 Pine Rd,91311,1967-06-16,metro,38200.0,0.122,5.4,0,5.5,34200.0,31.1,0,1
APP00177,Maria Chen,980-25-3117,maria.chen283@example.com,8627 Elm Dr,90505,1956-11-20,metro,64300.0,0.398,24.4,0,4.0,8300.0,33.7,1,0
APP00178,James Nguyen,993-27-2356,james.nguyen151@example.com,5154 Pine Rd,91455,1996-05-28,metro,41000.0,0.125,2.4,0,9.8,18200.0,35.6,0,1
APP00179,Hiro Garcia,938-36-7942,hiro.garcia344@example.com,2409 Lakeview Blvd,90734,1957-08-09,metro,68700.0,0.414,23.7,0,7.5,38900.0,18.5,0,1
APP00180,Daniel Clark,928-43-3583,daniel.clark908@example.com,7592 Pine Rd,95988,1991-04-07,rural,54200.0,0.349,14.7,0,4.4,7800.0,78.2,1,0
APP00181,Carlos Davis,944-45-9461,carlos.davis90@example.com,3049 Pine Rd,90426,1974-01-16,metro,47200.0,0.547,13.1,0,3.6,15500.0,31.5,1,0
APP00182,Ravi Ramirez,945-37-2245,ravi.ramirez117@example.com,5603 Hillcrest Way,91035,1952-09-27,metro,101100.0,0.344,2.1,1,1.1,15400.0,44.8,1,0
APP00183,Daniel Patel,935-93-3867,daniel.patel951@example.com,4945 Pine Rd,91260,1967-03-22,metro,96000.0,0.127,9.7,0,,27300.0,43.5,0,1
APP00184,Carlos Nguyen,975-81-2626,carlos.nguyen723@example.com,5920 Hillcrest Way,90116,1951-04-19,metro,28900.0,0.378,17.9,0,2.0,23500.0,33.1,1,0
APP00185,Emma Smith,920-27-7011,emma.smith209@example.com,3713 Cedar Ln,96097,1969-11-10,rural,77100.0,0.075,10.5,1,3.4,20600.0,76.0,0,1
APP00186,Fatima Smith,922-86-5509,fatima.smith444@example.com,6644 Hillcrest Way,91376,1958-06-17,metro,26500.0,0.311,8.5,0,3.8,20100.0,44.0,1,0
APP00187,Aisha Lopez,974-98-5927,aisha.lopez465@example.com,1599 Cedar Ln,95908,1975-07-09,rural,37300.0,0.344,5.0,0,4.5,28600.0,63.0,1,0
APP00188,Grace Taylor,971-26-7274,grace.taylor483@example.com,9414 Maple Ave,90123,1963-10-02,metro,57000.0,0.619,12.0,1,,26800.0,43.1,1,0
APP00189,Kevin Chen,963-69-4852,kevin.chen427@example.com,4631 Cedar Ln,91021,1964-05-02,metro,62400.0,0.398,4.6,0,7.8,22900.0,37.0,1,0
APP00190,Fatima Lee,984-54-8491,fatima.lee461@example.com,3199 Pine Rd,90496,1987-09-12,metro,59500.0,0.317,11.1,0,4.0,21900.0,27.6,1,0
APP00191,Noah Wilson,916-36-7958,noah.wilson121@example.com,786 Elm Dr,90250,1999-03-03,metro,67000.0,0.432,6.3,0,2.4,21100.0,37.4,0,0
APP00192,Omar Moore,965-47-1305,omar.moore390@example.com,6405 Oak St,96194,1974-09-09,rural,37300.0,0.555,7.2,1,6.5,34900.0,74.6,0,0
APP00193,Alex Brown,972-80-9170,alex.brown855@example.com,6210 Hillcrest Way,91610,1984-06-04,metro,71100.0,0.409,6.7,2,5.0,31100.0,14.5,0,1
APP00194,Carlos Patel,960-58-4014,carlos.patel747@example.com,5734 Pine Rd,90387,1991-03-10,metro,61700.0,0.322,4.9,0,14.0,6400.0,35.5,1,1
APP00195,James Chen,976-26-7240,james.chen853@example.com,4643 Elm Dr,90318,1955-08-04,metro,,0.301,10.9,0,4.0,15900.0,27.9,0,0
APP00196,James Ramirez,911-84-7912,james.ramirez896@example.com,2312 Lakeview Blvd,96156,1977-09-29,rural,55000.0,0.219,4.9,0,5.0,31500.0,78.6,0,1
APP00197,Kevin Martinez,943-55-1694,kevin.martinez431@example.com,9029 Cedar Ln,90503,1972-09-03,metro,95400.0,0.488,10.2,1,1.9,17400.0,35.2,1,0
APP00198,Fatima Singh,940-36-4125,fatima.singh274@example.com,7232 Hillcrest Way,96031,1954-11-15,rural,84700.0,0.341,17.2,0,0.3,12700.0,81.0,0,1
APP00199,Ravi Johnson,978-74-6798,ravi.johnson694@example.com,6080 Elm Dr,90762,1970-12-15,metro,44300.0,0.049,15.0,0,2.8,29000.0,40.2,0,1
APP00200,Linh Ali,908-37-8708,linh.ali243@example.com,3001 Cedar Ln,91308,1959-12-18,metro,106700.0,0.372,10.3,0,2.6,24700.0,36.1,0,1
APP00201,Carlos Taylor,992-73-4386,carlos.taylor608@example.com,1158 Pine Rd,90926,1979-04-25,metro,55700.0,0.316,10.6,0,9.0,23200.0,17.8,1,0
APP00202,Chloe Garcia,939-81-4653,chloe.garcia731@example.com,6784 Oak St,91536,1963-02-05,metro,71000.0,0.349,15.3,2,0.6,26700.0,19.4,0,1
APP00203,Chloe Ali,972-62-5450,chloe.ali413@example.com,5873 Lakeview Blvd,90268,1964-04-27,metro,180900.0,0.288,16.5,0,3.0,16400.0,42.3,0,1
APP00204,James Moore,907-59-4039,james.moore569@example.com,5791 Maple Ave,91566,1983-12-27,metro,111600.0,0.271,6.9,0,5.1,25300.0,54.6,0,1
APP00205,Daniel Nguyen,972-87-6816,daniel.nguyen899@example.com,2129 Cedar Ln,91991,1959-09-28,metro,50100.0,0.23,5.7,0,4.8,15400.0,37.3,1,0
APP00206,Noah Brown,936-57-8967,noah.brown716@example.com,179 Oak St,96180,1962-08-28,rural,77300.0,0.243,23.1,0,6.0,23400.0,70.1,0,1
APP00207,Fatima Johnson,900-57-5359,fatima.johnson579@example.com,2383 Lakeview Blvd,96136,1981-01-10,rural,73900.0,0.206,12.6,1,4.3,32500.0,91.5,1,0
APP00208,Sofia Ramirez,964-33-2342,sofia.ramirez572@example.com,4067 Maple Ave,90799,1987-07-03,metro,39100.0,0.202,8.8,0,6.2,17900.0,35.9,0,1
APP00209,Ravi Garcia,957-71-4543,ravi.garcia899@example.com,3354 Pine Rd,90528,1974-10-27,metro,37100.0,0.32,2.7,0,3.3,15200.0,40.7,1,0
APP00210,Noah Chen,932-55-7021,noah.chen558@example.com,6659 Lakeview Blvd,91856,1986-09-21,metro,75700.0,0.267,6.7,1,9.8,16100.0,29.4,1,0
APP00211,Sofia Ramirez,985-74-2728,sofia.ramirez57@example.com,7721 Hillcrest Way,91969,1961-05-21,metro,44600.0,0.343,14.6,0,9.6,31500.0,35.3,0,1
APP00212,Linh Moore,968-53-1232,linh.moore716@example.com,8556 Cedar Ln,90759,1958-12-29,metro,57800.0,0.212,18.4,0,2.4,19500.0,30.7,0,1
APP00213,Daniel Lopez,944-60-3174,daniel.lopez37@example.com,7602 Oak St,96146,1953-03-26,rural,59500.0,0.349,4.8,0,6.6,19200.0,61.2,0,1
APP00214,James Garcia,964-22-4107,james.garcia93@example.com,6246 Oak St,91530,1951-02-28,metro,,0.109,19.2,0,5.6,20000.0,29.6,0,1
APP00215,Aisha Singh,961-69-5974,aisha.singh315@example.com,842 Hillcrest Way,91747,1967-02-27,metro,26100.0,0.145,5.1,0,16.1,27300.0,33.3,0,1
APP00216,Priya Hernandez,931-31-8048,priya.hernandez763@example.com,9062 Maple Ave,96189,1999-04-04,rural,51000.0,0.552,13.1,1,3.0,28400.0,52.1,1,0
APP00217,Maria Hernandez,921-80-4184,maria.hernandez624@example.com,7440 Hillcrest Way,96053,1998-12-01,rural,108900.0,0.446,5.1,0,16.0,16500.0,80.4,0,0
APP00218,Linh Chen,990-69-7306,linh.chen572@example.com,4965 Cedar Ln,96008,1993-06-03,rural,43500.0,0.222,11.6,0,3.4,18300.0,76.1,1,0
APP00219,James Ali,923-63-7597,james.ali327@example.com,789 Maple Ave,95943,1999-10-16,rural,40600.0,0.369,4.5,0,5.8,34000.0,78.8,0,0
APP00220,Sofia Clark,903-89-8175,sofia.clark269@example.com,2183 Maple Ave,91624,1957-07-27,metro,30200.0,0.334,10.2,0,2.4,5900.0,24.5,0,1
APP00221,Fatima Lopez,917-76-9950,fatima.lopez662@example.com,6741 Maple Ave,91546,1983-10-14,metro,65500.0,0.387,5.5,0,1.3,40800.0,42.4,0,1
APP00222,James Ramirez,940-60-8956,james.ramirez713@example.com,6743 Maple Ave,95908,1984-03-11,rural,64200.0,0.448,12.4,0,2.3,33700.0,59.3,1,0
APP00223,Alex Wilson,916-42-4109,alex.wilson589@example.com,3015 Pine Rd,90992,1995-05-22,metro,55500.0,0.269,4.6,0,0.4,23800.0,40.2,0,1
APP00224,James Chen,927-33-9614,james.chen510@example.com,2575 Cedar Ln,90126,1962-04-11,metro,77100.0,0.314,7.8,1,7.3,21000.0,45.1,0,1
APP00225,Aisha Singh,985-94-7734,aisha.singh52@example.com,8741 Oak St,90311,1964-11-12,metro,97700.0,0.365,26.2,1,14.8,20600.0,40.1,0,1
APP00226,Noah Taylor,979-67-9806,noah.taylor949@example.com,6191 Maple Ave,91567,1955-07-18,metro,91700.0,0.159,8.2,0,11.1,21100.0,46.5,0,1
APP00227,Aisha Singh,963-44-4209,aisha.singh976@example.com,2045 Hillcrest Way,90892,1997-12-27,metro,56600.0,0.287,11.1,1,6.0,25900.0,29.7,1,0
APP00228,Daniel Brown,965-60-2276,daniel.brown900@example.com,7459 Elm Dr,91043,1970-04-17,metro,,0.36,4.4,2,1.2,28700.0,29.4,1,0
APP00229,Alex Clark,999-42-7028,alex.clark923@example.com,1152 Cedar Ln,91673,1989-12-29,metro,75500.0,0.424,13.8,2,13.3,24100.0,33.6,1,0
APP00230,Sofia Lee,913-74-5466,sofia.lee715@example.com,9421 Oak St,95954,1998-09-03,rural,39500.0,0.631,5.0,1,4.1,37000.0,73.7,1,0
APP00231,Hiro Ali,977-80-3530,hiro.ali695@example.com,9128 Oak St,91225,1997-05-14,metro,69000.0,0.42,10.6,0,11.3,24500.0,32.6,0,1
APP00232,Carlos Smith,997-15-3790,carlos.smith632@example.com,8106 Lakeview Blvd,91820,2000-06-29,metro,49600.0,0.257,9.4,0,1.9,31800.0,34.9,0,1
APP00233,Noah Ramirez,959-78-3037,noah.ramirez30@example.com,4090 Maple Ave,91571,1999-04-02,metro,82500.0,0.249,7.1,0,7.1,17400.0,29.4,0,1
APP00234,James Ramirez,935-72-9243,james.ramirez556@example.com,8733 Lakeview Blvd,90577,1979-10-02,metro,35100.0,0.099,16.9,0,9.0,18400.0,29.2,0,1
APP00235,James Clark,934-46-9080,james.clark190@example.com,80 Maple Ave,96181,1973-04-14,rural,40700.0,0.494,10.9,0,3.9,9100.0,62.0,1,0
APP00236,Noah Ali,987-99-6081,noah.ali9@example.com,9337 Hillcrest Way,96060,1982-06-30,rural,46800.0,0.271,11.5,0,8.4,21200.0,74.8,1,0
APP00237,Omar Ali,937-24-4784,omar.ali425@example.com,2593 Lakeview Blvd,90827,1986-11-30,metro,106500.0,0.376,4.6,0,13.7,20300.0,23.5,0,1
APP00238,Ravi Lee,930-97-3554,ravi.lee743@example.com,3132 Pine Rd,90803,1954-01-24,metro,73400.0,0.27,14.9,0,12.1,31400.0,32.8,0,1
APP00239,Emma Clark,982-33-5752,emma.clark513@example.com,9965 Elm Dr,90961,1979-04-30,metro,91300.0,0.447,9.0,0,5.1,25900.0,31.8,0,1
APP00240,Emma Lopez,982-52-5817,emma.lopez619@example.com,4372 Maple Ave,90128,1996-03-16,metro,61200.0,0.203,7.0,2,8.0,18300.0,41.1,1,0
APP00241,Mateo Brown,963-48-3644,mateo.brown262@example.com,2876 Hillcrest Way,95904,1950-03-30,rural,52100.0,0.266,12.4,0,3.4,22000.0,75.7,1,0
APP00242,Omar Garcia,905-32-2488,omar.garcia72@example.com,6282 Elm Dr,90756,1967-02-15,metro,53800.0,0.348,9.4,0,4.1,29400.0,28.2,1,0
APP00243,Priya Brown,924-22-6186,priya.brown235@example.com,56 Lakeview Blvd,90860,1953-07-04,metro,58800.0,0.464,7.6,0,3.9,25500.0,48.9,0,0
APP00244,Mateo Smith,904-38-8554,mateo.smith544@example.com,2519 Lakeview Blvd,96061,1953-03-13,rural,45400.0,0.413,11.8,0,6.9,23600.0,67.4,1,0
APP00245,Mateo Chen,948-26-2855,mateo.chen583@example.com,2235 Lakeview Blvd,95921,2001-11-12,rural,45100.0,0.323,8.5,0,6.2,18400.0,63.5,1,0
APP00246,Grace Kim,932-68-7278,grace.kim307@example.com,6909 Hillcrest Way,90850,1971-07-31,metro,40700.0,0.438,30.3,0,,2000.0,45.1,0,1
APP00247,Grace Johnson,989-95-6565,grace.johnson895@example.com,6070 Lakeview Blvd,90713,1964-12-23,metro,52900.0,0.191,10.6,0,5.3,36700.0,50.2,0,1
APP00248,Maria Singh,967-38-1020,maria.singh278@example.com,1124 Elm Dr,91264,1977-12-15,metro,46100.0,0.37,15.6,0,12.2,2200.0,26.7,0,1
APP00249,Kevin Smith,931-14-3963,kevin.smith69@example.com,7787 Maple Ave,90190,1964-04-09,metro,70200.0,0.345,2.0,0,4.1,29100.0,32.4,0,1
APP00250,Chloe Singh,971-96-6342,chloe.singh837@example.com,5238 Oak St,96192,1987-02-10,rural,85200.0,0.33,12.8,1,3.1,21400.0,79.9,1,0
APP00251,Daniel Hernandez,984-39-8436,daniel.hernandez952@example.com,2385 Elm Dr,91562,1998-01-12,metro,51300.0,0.385,5.7,0,12.2,2000.0,41.1,0,1
APP00252,Hiro Brown,913-14-6139,hiro.brown354@example.com,2772 Cedar Ln,90201,1985-11-14,metro,53800.0,0.447,6.0,0,1.8,17200.0,37.1,1,0
APP00253,Priya Taylor,934-65-7296,priya.taylor294@example.com,919 Oak St,96005,1982-11-09,rural,36600.0,0.373,12.8,0,4.5,18500.0,69.8,1,0
APP00254,Fatima Lopez,966-86-1882,fatima.lopez662@example.com,3767 Cedar Ln,91311,1965-08-09,metro,51900.0,0.241,3.4,1,10.2,13300.0,38.3,0,0
APP00255,Chloe Nguyen,940-19-7930,chloe.nguyen927@example.com,3469 Hillcrest Way,90587,1986-01-19,metro,36900.0,0.384,10.1,0,13.9,28000.0,41.9,1,0
APP00256,Chloe Lee,926-22-7796,chloe.lee26@example.com,9021 Oak St,91839,1998-05-07,metro,62900.0,0.235,25.7,1,13.4,9100.0,43.0,0,1
APP00257,Noah Martinez,945-75-4204,noah.martinez947@example.com,6649 Cedar Ln,91485,1982-06-30,metro,98400.0,0.38,9.3,0,0.9,12900.0,29.0,0,1
APP00258,Olivia Ali,991-96-1752,olivia.ali842@example.com,90 Lakeview Blvd,90188,1968-04-17,metro,74200.0,0.461,17.4,0,22.5,3600.0,8.8,0,1
APP00259,Olivia Ramirez,912-77-3511,olivia.ramirez624@example.com,6607 Cedar Ln,90982,1999-11-24,metro,50600.0,0.25,13.5,0,6.6,8300.0,33.5,1,0
APP00260,Hiro Johnson,916-66-9326,hiro.johnson28@example.com,8174 Pine Rd,91504,1965-03-23,metro,54100.0,0.088,7.2,2,5.2,18700.0,30.8,0,1
APP00261,Daniel Smith,913-34-1128,daniel.smith609@example.com,6556 Lakeview Blvd,95985,1976-08-17,rural,37400.0,0.487,4.8,0,11.3,32200.0,76.7,1,0
APP00262,Daniel Clark,987-95-8731,daniel.clark964@example.com,4991 Elm Dr,91410,1976-01-21,metro,52300.0,0.204,7.9,0,12.2,16900.0,43.4,0,1
APP00263,Emma Ali,901-92-3866,emma.ali447@example.com,778 Cedar Ln,91460,1991-12-30,metro,40200.0,0.177,12.6,1,8.2,29400.0,41.9,0,1
APP00264,Chloe Lopez,966-82-2732,chloe.lopez438@example.com,5931 Maple Ave,96102,1953-05-22,rural,68000.0,0.283,3.0,1,4.2,24900.0,76.1,0,1
APP00265,Grace Ramirez,983-61-4776,grace.ramirez655@example.com,3430 Maple Ave,91078,1997-04-06,metro,50000.0,0.338,4.0,1,6.4,16100.0,40.4,1,0
APP00266,Hiro Hernandez,986-26-4898,hiro.hernandez966@example.com,9469 Pine Rd,96039,1994-08-21,rural,94900.0,0.116,10.1,1,7.3,23700.0,77.6,0,1
APP00267,Grace Nguyen,945-49-4357,grace.nguyen241@example.com,9009 Oak St,91432,1985-01-12,metro,60600.0,0.317,9.0,0,12.5,35800.0,32.5,0,1
APP00268,Alex Moore,922-98-9819,alex.moore424@example.com,6729 Pine Rd,90735,1999-04-25,metro,74700.0,0.538,9.8,0,12.9,19400.0,41.2,1,0
APP00269,Fatima Lee,933-11-5833,fatima.lee328@example.com,6267 Hillcrest Way,96034,1959-03-27,rural,79200.0,0.471,3.4,2,13.7,21000.0,82.2,1,0
APP00270,Mateo Ali,952-30-6731,mateo.ali184@example.com,5335 Cedar Ln,90446,1980-08-06,metro,66900.0,0.245,14.5,0,2.5,23800.0,30.8,0,1
APP00271,Linh Singh,973-89-6771,linh.singh834@example.com,834 Maple Ave,91616,2000-08-21,metro,100300.0,0.319,6.7,0,1.8,18500.0,45.1,0,1
APP00272,Priya Garcia,979-83-4120,priya.garcia276@example.com,5970 Cedar Ln,96067,1967-03-15,rural,52100.0,0.204,9.7,0,1.7,28800.0,74.2,1,0
APP00273,Mateo Martinez,967-50-2015,mateo.martinez114@example.com,5542 Cedar Ln,91786,1972-06-29,metro,76100.0,0.505,4.3,1,14.1,24800.0,41.7,1,0
APP00274,Kevin Smith,971-94-9978,kevin.smith592@example.com,7826 Lakeview Blvd,91268,1987-11-22,metro,59400.0,0.267,7.1,1,6.9,7900.0,49.5,1,0
APP00275,Sofia Taylor,974-25-3820,sofia.taylor219@example.com,5824 Elm Dr,96136,1961-07-28,rural,41900.0,0.311,7.6,0,5.7,26000.0,65.6,0,0
APP00276,James Ramirez,995-98-9960,james.ramirez966@example.com,6155 Oak St,96139,1982-01-22,rural,47300.0,0.266,5.1,1,3.0,21100.0,66.2,1,0
APP00277,Ravi Brown,903-26-8198,ravi.brown54@example.com,7555 Pine Rd,90500,1982-01-26,metro,56500.0,0.529,12.7,0,14.3,19500.0,45.4,0,1
APP00278,Grace Patel,975-91-2562,grace.patel695@example.com,6956 Pine Rd,91751,1968-05-23,metro,72600.0,0.371,3.9,0,4.3,22300.0,18.2,0,0
APP00279,Mateo Taylor,955-70-5134,mateo.taylor609@example.com,781 Elm Dr,95954,1961-07-06,rural,68800.0,0.585,7.4,0,3.7,31700.0,78.8,0,0
APP00280,Chloe Johnson,906-24-1979,chloe.johnson370@example.com,7131 Oak St,90787,1990-03-23,metro,85700.0,0.319,5.1,0,10.7,14300.0,31.3,0,1
APP00281,Alex Ali,952-65-6286,alex.ali227@example.com,730 Pine Rd,91641,1950-07-11,metro,76600.0,0.4,13.1,0,13.7,30600.0,43.8,0,1
APP00282,Emma Taylor,916-41-5318,emma.taylor650@example.com,7992 Cedar Ln,91220,1970-09-28,metro,54500.0,0.437,21.5,0,13.2,2000.0,45.4,0,1
APP00283,Priya Lee,900-53-3928,priya.lee301@example.com,377 Cedar Ln,90088,1984-09-22,metro,76600.0,0.463,9.3,0,1.6,35300.0,26.4,1,0
APP00284,Grace Chen,939-84-3588,grace.chen636@example.com,9488 Lakeview Blvd,90734,1985-01-12,metro,57300.0,0.31,3.0,0,4.4,32100.0,39.2,0,1
APP00285,Hiro Chen,963-34-6525,hiro.chen284@example.com,7383 Pine Rd,90803,1985-04-05,metro,40700.0,0.33,3.7,1,19.0,23400.0,22.1,1,0
APP00286,Chloe Davis,923-92-9255,chloe.davis352@example.com,2339 Oak St,96084,1976-06-10,rural,36500.0,0.338,8.9,0,5.6,13600.0,72.5,1,0
APP00287,Noah Johnson,903-43-4096,noah.johnson514@example.com,5725 Lakeview Blvd,96152,1975-10-04,rural,43900.0,0.37,10.0,2,6.2,14300.0,75.3,0,0
APP00288,Mateo Nguyen,983-32-8932,mateo.nguyen6@example.com,1979 Pine Rd,90963,1977-04-26,metro,22100.0,0.546,11.3,0,4.2,31500.0,32.0,1,0
APP00289,Emma Ali,918-91-6164,emma.ali190@example.com,9861 Lakeview Blvd,90884,1975-04-07,metro,80400.0,0.165,9.8,0,6.2,27000.0,28.2,0,1
APP00290,Maria Hernandez,989-65-2301,maria.hernandez375@example.com,989 Maple Ave,90490,1957-02-17,metro,59800.0,0.459,8.7,0,14.0,26300.0,36.7,0,1
APP00291,Grace Lee,943-83-7940,grace.lee439@example.com,1647 Oak St,90813,1956-04-07,metro,80800.0,0.448,10.0,1,10.1,23200.0,30.2,0,1
APP00292,Mateo Chen,931-60-2150,mateo.chen773@example.com,4528 Elm Dr,91407,1951-09-10,metro,26800.0,0.13,11.3,0,1.1,33100.0,29.6,0,0
APP00293,Alex Kim,917-83-6848,alex.kim118@example.com,7343 Pine Rd,90994,1971-09-22,metro,40000.0,0.277,5.8,1,4.2,18200.0,33.9,1,0
APP00294,Priya Ali,939-34-3142,priya.ali573@example.com,9962 Maple Ave,91336,1967-07-11,metro,49000.0,0.204,8.9,0,13.4,7800.0,44.8,1,0
APP00295,Omar Singh,914-78-3719,omar.singh953@example.com,1845 Elm Dr,90740,1987-10-14,metro,77600.0,0.531,7.2,0,3.7,27400.0,33.9,1,0
APP00296,Linh Hernandez,941-70-8428,linh.hernandez683@example.com,5800 Oak St,91004,1972-02-24,metro,59700.0,0.308,19.2,0,7.8,6100.0,32.4,0,1
APP00297,Linh Taylor,901-86-2606,linh.taylor236@example.com,9338 Cedar Ln,91833,1965-07-25,metro,,0.351,13.5,0,7.6,9200.0,27.3,0,1
APP00298,Ravi Moore,902-86-8343,ravi.moore782@example.com,1313 Lakeview Blvd,95908,1980-09-18,rural,98900.0,0.171,27.4,0,2.2,16100.0,65.7,0,1
APP00299,James Patel,928-91-7247,james.patel493@example.com,7917 Lakeview Blvd,90626,1952-02-19,metro,,0.184,10.4,2,1.2,42900.0,32.3,1,0
APP00300,Chloe Wilson,919-75-1060,chloe.wilson990@example.com,5091 Elm Dr,91807,1992-12-13,metro,72300.0,0.186,7.0,1,14.1,30900.0,16.5,1,0
APP00301,Omar Davis,948-38-5067,omar.davis443@example.com,3272 Hillcrest Way,95909,1968-06-30,rural,33400.0,0.357,8.3,0,4.0,27200.0,64.8,1,0
APP00302,Chloe Patel,999-12-8862,chloe.patel416@example.com,7648 Cedar Ln,91461,1985-12-20,metro,28300.0,0.116,8.1,0,5.8,17000.0,45.8,0,1
APP00303,Alex Garcia,935-25-5159,alex.garcia948@example.com,9586 Oak St,95951,1989-06-19,rural,50100.0,0.293,12.2,0,5.1,14100.0,68.5,0,1
APP00304,Omar Ali,909-33-3111,omar.ali368@example.com,8918 Lakeview Blvd,90619,1974-07-13,metro,87000.0,0.355,3.0,0,7.0,26100.0,30.4,0,1
APP00305,Priya Martinez,979-29-6551,priya.martinez675@example.com,9650 Lakeview Blvd,90514,1955-03-26,metro,23500.0,0.361,11.3,0,0.6,26900.0,38.0,1,0
APP00306,Omar Clark,962-44-9555,omar.clark879@example.com,4937 Cedar Ln,90464,1981-12-15,metro,73100.0,0.394,6.6,0,7.4,20200.0,39.4,0,1
APP00307,Daniel Taylor,950-80-2941,daniel.taylor191@example.com,9573 Cedar Ln,90132,1979-12-15,metro,36500.0,0.305,6.0,0,7.8,11000.0,33.7,1,0
APP00308,Alex Ramirez,960-51-7818,alex.ramirez497@example.com,2034 Cedar Ln,91793,1973-01-04,metro,87000.0,0.228,13.9,2,1.0,21300.0,48.1,0,1
APP00309,Carlos Kim,972-10-7425,carlos.kim280@example.com,2866 Pine Rd,96057,1962-09-07,rural,89100.0,0.308,12.8,0,18.4,19600.0,67.7,0,1
APP00310,Emma Clark,982-26-5468,emma.clark55@example.com,4452 Pine Rd,90857,1990-12-15,metro,36900.0,0.474,14.0,0,5.3,11600.0,33.1,1,0
APP00311,Hiro Patel,920-16-1726,hiro.patel85@example.com,1861 Maple Ave,96083,1965-10-25,rural,60100.0,0.25,5.6,0,7.4,25100.0,76.1,0,1
APP00312,James Kim,941-73-8459,james.kim464@example.com,237 Oak St,96100,1980-02-11,rural,54600.0,0.373,10.8,2,10.9,16100.0,61.3,1,0
APP00313,Alex Clark,956-55-8510,alex.clark145@example.com,8667 Hillcrest Way,91622,1956-03-05,metro,109300.0,0.146,3.6,0,2.0,20900.0,34.4,0,1
APP00314,Mateo Lee,916-90-9615,mateo.lee134@example.com,9794 Hillcrest Way,90457,1958-08-14,metro,80400.0,0.514,4.4,0,13.8,26300.0,39.2,0,1
APP00315,Linh Martinez,926-41-8867,linh.martinez161@example.com,3400 Maple Ave,90649,1959-03-21,metro,132500.0,0.209,4.6,1,,14800.0,33.0,0,1
APP00316,Alex Chen,957-42-2019,alex.chen874@example.com,6843 Elm Dr,96110,1952-08-27,rural,72100.0,0.423,7.3,0,1.0,13600.0,61.5,0,1
APP00317,Alex Ramirez,939-89-3350,alex.ramirez732@example.com,7918 Maple Ave,90322,1999-10-18,metro,42100.0,0.244,4.4,1,3.5,19300.0,40.7,1,0
APP00318,Aisha Martinez,957-51-4343,aisha.martinez374@example.com,7685 Maple Ave,96183,1973-06-17,rural,56900.0,0.332,3.8,1,9.1,33300.0,87.4,0,1
APP00319,Emma Kim,905-48-1518,emma.kim647@example.com,9615 Elm Dr,96119,2001-02-01,rural,58500.0,0.444,5.9,0,10.6,15600.0,63.3,1,0
APP00320,Alex Wilson,982-99-1910,alex.wilson404@example.com,3916 Elm Dr,90370,1959-06-15,metro,109700.0,0.242,9.2,3,,18200.0,34.4,0,1
APP00321,Alex Wilson,915-28-8296,alex.wilson675@example.com,6566 Maple Ave,90732,1956-05-19,metro,48100.0,0.52,14.2,0,2.5,25600.0,30.7,1,0
APP00322,Linh Brown,980-31-2395,linh.brown6@example.com,4350 Maple Ave,95986,1989-04-15,rural,59200.0,0.413,4.0,0,12.7,27000.0,68.8,0,1
APP00323,Maria Smith,947-95-1859,maria.smith85@example.com,2421 Pine Rd,91444,1999-06-15,metro,45700.0,0.527,2.6,1,3.9,2000.0,30.0,1,0
APP00324,Priya Nguyen,975-13-8242,priya.nguyen307@example.com,1214 Pine Rd,91201,1976-12-30,metro,71600.0,0.434,8.2,0,3.1,9500.0,35.0,0,1
APP00325,Daniel Taylor,931-60-4363,daniel.taylor648@example.com,1860 Lakeview Blvd,91765,1979-05-20,metro,75400.0,0.518,8.6,1,13.2,10900.0,34.5,0,0
APP00326,Daniel Lee,992-65-5217,daniel.lee255@example.com,2731 Hillcrest Way,95940,1978-10-29,rural,119000.0,0.518,14.7,0,9.5,20200.0,65.1,1,0
APP00327,Grace Davis,915-66-2628,grace.davis486@example.com,5007 Maple Ave,91392,1991-11-13,metro,141000.0,0.428,9.0,2,3.8,15800.0,37.8,0,1
APP00328,Kevin Ali,985-69-5667,kevin.ali163@example.com,355 Cedar Ln,91802,1969-07-19,metro,84900.0,0.436,6.9,1,7.9,15300.0,39.6,1,0
APP00329,Emma Hernandez,971-92-3757,emma.hernandez638@example.com,6092 Oak St,90973,1953-11-22,metro,81700.0,0.303,3.4,1,12.2,8300.0,34.9,0,1
APP00330,Chloe Martinez,954-36-6355,chloe.martinez967@example.com,649 Lakeview Blvd,95902,1979-04-17,rural,58000.0,0.532,7.4,0,4.2,22900.0,62.0,1,0
APP00331,Mateo Ramirez,990-44-8095,mateo.ramirez764@example.com,3818 Oak St,90512,1976-01-24,metro,54200.0,0.552,15.7,2,2.4,29700.0,30.1,1,0
APP00332,Olivia Kim,942-50-1831,olivia.kim594@example.com,691 Lakeview Blvd,91059,1972-10-10,metro,63000.0,0.473,13.2,0,23.2,33800.0,32.3,0,0
APP00333,Chloe Garcia,909-79-4908,chloe.garcia385@example.com,7341 Lakeview Blvd,96124,1963-10-05,rural,48600.0,0.318,15.2,0,2.9,22000.0,81.1,1,0
APP00334,Hiro Brown,977-27-4370,hiro.brown504@example.com,8427 Cedar Ln,90770,1977-01-09,metro,116000.0,0.343,14.3,0,13.2,16500.0,29.7,0,1
APP00335,Aisha Ramirez,983-38-8860,aisha.ramirez184@example.com,8831 Pine Rd,96033,1964-04-02,rural,108800.0,0.33,8.5,0,5.1,23800.0,68.9,0,1
APP00336,Sofia Smith,944-98-8190,sofia.smith994@example.com,2319 Maple Ave,91851,1951-10-31,metro,48000.0,0.24,3.3,0,10.4,28000.0,31.5,0,1
APP00337,Chloe Martinez,973-26-7628,chloe.martinez833@example.com,5081 Maple Ave,95993,1994-11-15,rural,76800.0,0.058,9.2,0,3.1,23600.0,60.2,1,1
APP00338,Sofia Garcia,949-24-7356,sofia.garcia819@example.com,7654 Maple Ave,91063,1996-04-21,metro,65300.0,0.346,18.0,0,10.8,26000.0,46.6,0,1
APP00339,Aisha Ramirez,943-33-2465,aisha.ramirez483@example.com,3383 Maple Ave,90026,1996-08-24,metro,56300.0,0.09,3.4,1,13.7,23400.0,30.0,0,1
APP00340,Emma Ali,930-71-4781,emma.ali852@example.com,6336 Pine Rd,91665,1976-02-14,metro,68000.0,0.191,7.0,0,5.6,26200.0,29.1,0,1
APP00341,Ravi Chen,930-75-2091,ravi.chen819@example.com,8549 Maple Ave,91590,1964-08-06,metro,33200.0,0.22,10.5,0,2.2,41900.0,33.4,1,0
APP00342,Olivia Martinez,931-11-3620,olivia.martinez287@example.com,3029 Pine Rd,96091,1976-12-01,rural,39100.0,0.223,16.1,0,4.4,14400.0,68.4,0,0
APP00343,Mateo Martinez,913-97-6889,mateo.martinez688@example.com,8989 Cedar Ln,95927,1962-02-15,rural,133700.0,0.284,21.5,0,8.5,24800.0,80.3,0,1
APP00344,Ravi Brown,916-17-3690,ravi.brown261@example.com,4559 Elm Dr,90896,1977-05-08,metro,58200.0,0.356,6.9,0,,35800.0,27.2,0,1
APP00345,Alex Ali,961-66-7835,alex.ali657@example.com,1092 Hillcrest Way,91383,1967-08-04,metro,42400.0,0.399,10.5,0,3.0,10500.0,26.8,1,0
APP00346,Fatima Kim,982-38-1765,fatima.kim321@example.com,2214 Lakeview Blvd,91469,1965-01-02,metro,65100.0,0.298,23.9,0,1.1,28600.0,47.0,0,1
APP00347,Omar Ramirez,998-68-5973,omar.ramirez921@example.com,4487 Oak St,90531,1954-05-13,metro,102000.0,0.426,9.4,0,0.4,34400.0,19.9,1,0
APP00348,Ravi Chen,959-23-8799,ravi.chen708@example.com,5491 Elm Dr,95904,1988-03-13,rural,50700.0,0.138,4.1,1,2.7,24500.0,64.2,0,0
APP00349,Carlos Patel,958-38-9759,carlos.patel814@example.com,236 Oak St,91283,1969-03-13,metro,98000.0,0.548,3.2,0,,22500.0,34.1,1,0
APP00350,Noah Kim,966-74-7053,noah.kim834@example.com,5933 Lakeview Blvd,90088,1954-07-28,metro,43000.0,0.39,0.8,0,9.3,18000.0,48.4,1,0
APP00351,Fatima Chen,992-30-2192,fatima.chen252@example.com,6400 Hillcrest Way,91039,1951-09-26,metro,54700.0,0.513,11.7,1,5.4,15400.0,21.2,0,1
APP00352,Mateo Ali,957-10-4964,mateo.ali903@example.com,5428 Cedar Ln,95920,1952-11-14,rural,59900.0,0.388,4.5,2,9.0,16800.0,59.7,1,0
APP00353,Daniel Lopez,931-36-7265,daniel.lopez990@example.com,2250 Elm Dr,91089,1978-04-22,metro,82900.0,0.268,7.6,2,11.1,26200.0,33.2,1,0
APP00354,Priya Lee,966-16-7700,priya.lee782@example.com,615 Maple Ave,96097,1952-05-26,rural,73500.0,0.541,20.4,0,2.5,22100.0,83.1,1,0
APP00355,Grace Brown,996-94-3199,grace.brown49@example.com,7211 Hillcrest Way,96017,1996-03-30,rural,71800.0,0.447,7.1,0,18.9,29000.0,77.0,1,0
APP00356,Linh Nguyen,911-79-4676,linh.nguyen95@example.com,9691 Pine Rd,90915,1964-03-17,metro,93200.0,0.271,21.6,0,2.0,31800.0,32.3,0,1
APP00357,Kevin Singh,915-50-5197,kevin.singh1@example.com,9832 Hillcrest Way,95926,1958-02-27,rural,62100.0,0.434,14.3,0,4.4,18500.0,76.6,0,1
APP00358,Chloe Brown,912-20-3566,chloe.brown938@example.com,2528 Oak St,90125,1973-12-19,metro,46700.0,0.228,4.3,0,,15200.0,46.1,0,1
APP00359,Alex Smith,951-96-6527,alex.smith827@example.com,2254 Maple Ave,90974,1994-05-03,metro,57500.0,0.356,8.5,0,1.4,15100.0,40.1,1,0
APP00360,Hiro Singh,903-79-3869,hiro.singh182@example.com,169 Elm Dr,91447,1962-06-16,metro,102000.0,0.482,5.5,3,0.9,11000.0,32.8,1,0
APP00361,Omar Singh,904-53-2562,omar.singh70@example.com,945 Elm Dr,91820,1977-03-17,metro,75100.0,0.539,14.2,0,2.8,18600.0,28.1,0,0
APP00362,Grace Patel,916-59-2802,grace.patel211@example.com,5908 Hillcrest Way,96061,1972-04-26,rural,63800.0,0.169,7.7,2,3.6,28100.0,73.3,1,0
APP00363,Chloe Ramirez,997-21-7589,chloe.ramirez317@example.com,6796 Oak St,91496,1981-07-03,metro,21500.0,0.329,22.4,0,5.9,22700.0,18.6,1,0
APP00364,Hiro Nguyen,918-39-3425,hiro.nguyen930@example.com,7366 Cedar Ln,96134,1998-04-18,rural,52600.0,0.516,3.7,0,6.1,2900.0,71.6,1,0
APP00365,Alex Taylor,996-90-9184,alex.taylor663@example.com,6083 Elm Dr,96144,1973-10-19,rural,87800.0,0.186,18.4,0,4.9,23900.0,77.0,0,1
APP00366,Omar Singh,902-27-1382,omar.singh362@example.com,6735 Elm Dr,95953,1997-10-08,rural,34600.0,0.314,4.4,0,7.2,16500.0,70.8,0,1
APP00367,Carlos Wilson,965-23-8052,carlos.wilson650@example.com,3768 Pine Rd,96102,1993-12-24,rural,49500.0,0.369,7.2,1,3.1,27500.0,66.9,1,0
APP00368,Omar Martinez,990-93-9413,omar.martinez450@example.com,5081 Maple Ave,96133,1955-11-26,rural,41800.0,0.444,16.4,2,2.8,20900.0,71.1,1,0
APP00369,Kevin Singh,997-89-7056,kevin.singh818@example.com,7776 Elm Dr,91902,1976-06-08,metro,82000.0,0.496,6.4,1,3.9,27500.0,32.0,1,0
APP00370,Grace Singh,915-17-2173,grace.singh239@example.com,748 Maple Ave,90461,1959-04-27,metro,66200.0,0.411,12.8,1,0.9,28300.0,40.6,1,0
APP00371,Olivia Singh,944-63-1601,olivia.singh315@example.com,1889 Pine Rd,91938,1981-08-11,metro,128200.0,0.268,7.1,0,5.2,18900.0,39.8,0,1
APP00372,Olivia Martinez,951-49-1552,olivia.martinez70@example.com,384 Pine Rd,96082,1957-04-07,rural,41600.0,0.299,5.6,0,9.8,4200.0,71.3,1,0
APP00373,Linh Ramirez,943-41-1945,linh.ramirez383@example.com,5265 Oak St,91883,1954-06-24,metro,91500.0,0.298,9.8,1,2.1,25400.0,31.4,1,0
APP00374,Carlos Lee,971-38-9241,carlos.lee733@example.com,133 Lakeview Blvd,90764,1996-08-28,metro,50300.0,0.515,9.4,1,11.9,4500.0,47.0,1,0
APP00375,Carlos Kim,915-81-1069,carlos.kim721@example.com,2355 Hillcrest Way,95971,1956-11-06,rural,31800.0,0.287,7.5,0,13.5,12200.0,78.2,1,0
APP00376,Noah Ali,902-42-4599,noah.ali949@example.com,2278 Pine Rd,91019,1999-08-19,metro,75700.0,0.442,6.4,1,9.6,19500.0,44.0,0,1
APP00377,Mateo Davis,932-23-8344,mateo.davis817@example.com,4931 Lakeview Blvd,95994,1982-01-25,rural,109800.0,0.171,6.7,0,11.8,34700.0,66.2,0,1
APP00378,Daniel Ramirez,918-73-9714,daniel.ramirez973@example.com,9998 Cedar Ln,90968,1969-03-09,metro,82700.0,0.358,6.7,0,0.2,34800.0,40.1,0,1
APP00379,Maria Davis,925-71-1157,maria.davis196@example.com,8347 Pine Rd,91481,1974-11-23,metro,113700.0,0.468,13.9,2,,2000.0,29.5,0,0
APP00380,Maria Chen,948-10-6765,maria.chen47@example.com,5756 Elm Dr,90078,1988-12-22,metro,119300.0,0.02,1.5,1,4.6,16600.0,33.5,0,1
APP00381,Omar Chen,939-81-2366,omar.chen308@example.com,6501 Lakeview Blvd,95983,2000-07-01,rural,47200.0,0.274,19.7,1,5.0,17500.0,66.5,1,0
APP00382,Chloe Singh,920-28-4240,chloe.singh258@example.com,1936 Maple Ave,90785,1982-04-28,metro,56800.0,0.404,4.1,1,3.6,8300.0,31.4,1,0
APP00383,Fatima Nguyen,942-20-5836,fatima.nguyen623@example.com,6735 Oak St,96017,1953-01-31,rural,40000.0,0.277,11.5,0,9.3,2000.0,69.7,0,1
APP00384,Mateo Wilson,975-47-2624,mateo.wilson623@example.com,1964 Hillcrest Way,91891,1955-04-19,metro,52700.0,0.291,6.6,0,3.5,39900.0,28.8,0,1
APP00385,Daniel Taylor,944-22-3157,daniel.taylor213@example.com,2313 Elm Dr,90975,1991-11-08,metro,100700.0,0.415,2.3,0,2.3,14800.0,37.9,0,1
APP00386,Grace Lee,954-97-1589,grace.lee733@example.com,5879 Elm Dr,90278,1982-11-02,metro,49600.0,0.271,4.1,1,3.3,3000.0,35.3,0,1
APP00387,Daniel Ali,945-82-4701,daniel.ali220@example.com,6939 Hillcrest Way,90972,1999-03-11,metro,55100.0,0.189,5.1,0,4.7,2500.0,42.1,0,1
APP00388,Noah Ali,933-76-4536,noah.ali50@example.com,7401 Hillcrest Way,91273,1962-05-21,metro,44500.0,0.207,6.6,0,11.7,25000.0,34.7,1,0
APP00389,Alex Patel,916-76-3841,alex.patel431@example.com,7482 Cedar Ln,91094,1995-03-17,metro,22900.0,0.221,6.1,0,4.7,26700.0,23.5,1,0
APP00390,Linh Nguyen,907-51-9062,linh.nguyen190@example.com,6371 Oak St,96027,1956-05-03,rural,43900.0,0.246,7.9,0,7.3,12200.0,91.0,0,1
APP00391,Linh Lopez,941-12-7656,linh.lopez406@example.com,3670 Hillcrest Way,90799,1955-02-11,metro,98300.0,0.394,7.4,0,5.1,12700.0,35.1,0,1
APP00392,Carlos Ali,995-69-9669,carlos.ali184@example.com,1359 Oak St,90372,1985-06-06,metro,103800.0,0.282,9.0,0,15.9,8400.0,38.3,0,1
APP00393,Ravi Johnson,911-91-4019,ravi.johnson114@example.com,8254 Cedar Ln,96065,1976-08-03,rural,51400.0,0.559,5.6,0,4.9,36000.0,90.6,1,0
APP00394,Linh Smith,978-49-4050,linh.smith322@example.com,6071 Maple Ave,90244,1979-10-11,metro,,0.323,14.9,1,2.3,21200.0,35.2,0,1
APP00395,Carlos Hernandez,938-65-3775,carlos.hernandez538@example.com,6570 Maple Ave,96073,1971-04-09,rural,52200.0,0.379,3.5,1,2.3,29500.0,74.1,1,0
APP00396,Daniel Ramirez,911-46-9114,daniel.ramirez805@example.com,644 Pine Rd,90478,1967-06-23,metro,38200.0,0.403,9.5,0,9.0,28100.0,39.5,0,1
APP00397,Fatima Ali,966-56-3514,fatima.ali119@example.com,7159 Lakeview Blvd,91450,1961-09-29,metro,38600.0,0.355,4.5,0,8.6,37400.0,17.0,1,0
APP00398,Mateo Moore,921-85-6459,mateo.moore741@example.com,7770 Elm Dr,95966,1953-07-22,rural,23300.0,0.139,10.2,0,10.1,33700.0,84.3,1,0
APP00399,Mateo Smith,907-67-9965,mateo.smith897@example.com,7534 Cedar Ln,96041,1975-03-22,rural,47200.0,0.343,5.8,0,13.2,26800.0,70.8,0,1
APP00400,Priya Lee,968-58-9014,priya.lee563@example.com,8568 Maple Ave,90240,1971-03-09,metro,57500.0,0.391,7.6,0,5.1,14400.0,25.6,1,0
APP00401,Sofia Lopez,900-10-6455,sofia.lopez229@example.com,1680 Maple Ave,96037,1974-05-07,rural,93100.0,0.193,12.3,0,8.2,10000.0,87.6,0,1
APP00402,Olivia Chen,956-20-9485,olivia.chen4@example.com,226 Pine Rd,95947,1954-12-01,rural,77700.0,0.453,3.6,0,9.5,15300.0,57.5,0,0
APP00403,Aisha Taylor,904-45-3913,aisha.taylor675@example.com,9406 Lakeview Blvd,91565,1971-11-07,metro,96800.0,0.368,6.1,1,10.1,14200.0,35.5,0,1
APP00404,Alex Taylor,989-81-4801,alex.taylor735@example.com,858 Elm Dr,96059,1967-10-20,rural,46500.0,0.508,2.7,0,2.2,27800.0,61.2,1,0
APP00405,Carlos Patel,914-62-5294,carlos.patel341@example.com,3646 Hillcrest Way,96001,1973-01-20,rural,101700.0,0.123,4.1,0,7.5,17300.0,75.1,0,1
APP00406,Ravi Lopez,975-56-9969,ravi.lopez333@example.com,9337 Pine Rd,95935,1955-02-27,rural,61600.0,0.469,4.4,0,7.2,12300.0,87.1,0,0
APP00407,Maria Nguyen,902-54-8458,maria.nguyen474@example.com,6924 Lakeview Blvd,91914,1957-10-06,metro,81200.0,0.341,12.9,0,5.8,7600.0,24.2,0,1
APP00408,Priya Brown,914-83-6099,priya.brown544@example.com,1662 Elm Dr,91212,1990-05-13,metro,55900.0,0.477,2.7,2,4.0,22400.0,44.8,1,0
APP00409,Fatima Taylor,909-76-1922,fatima.taylor48@example.com,2938 Hillcrest Way,91570,1975-08-24,metro,,0.41,5.4,0,6.7,22200.0,36.7,0,1
APP00410,Linh Hernandez,975-94-1654,linh.hernandez292@example.com,6460 Cedar Ln,90766,1987-12-12,metro,103100.0,0.611,14.2,0,11.2,20700.0,30.8,1,0
APP00411,Alex Singh,937-38-2415,alex.singh469@example.com,7923 Maple Ave,91445,1966-06-24,metro,59400.0,0.28,5.9,0,5.2,23100.0,28.8,1,0
APP00412,Fatima Singh,923-73-4975,fatima.singh66@example.com,6522 Hillcrest Way,91645,1982-02-03,metro,66500.0,0.237,7.9,0,5.3,25900.0,39.2,1,0
APP00413,Chloe Johnson,908-21-9660,chloe.johnson988@example.com,8949 Elm Dr,90070,1986-09-07,metro,53800.0,0.382,6.0,1,4.5,14200.0,31.4,0,1
APP00414,Daniel Johnson,908-58-4276,daniel.johnson973@example.com,3872 Lakeview Blvd,90511,1984-06-10,metro,55900.0,0.359,6.1,0,6.6,15100.0,7.2,1,0
APP00415,Fatima Smith,980-33-2722,fatima.smith164@example.com,3654 Hillcrest Way,96075,1973-07-14,rural,53200.0,0.255,2.4,0,11.5,27800.0,82.5,0,1
APP00416,Kevin Hernandez,970-74-9374,kevin.hernandez794@example.com,2669 Hillcrest Way,90826,1999-07-16,metro,68100.0,0.172,9.5,0,9.5,9500.0,46.7,0,1
APP00417,Olivia Garcia,976-37-9776,olivia.garcia277@example.com,9215 Pine Rd,90321,1953-09-12,metro,63000.0,0.141,10.4,0,6.0,35600.0,38.4,0,1
APP00418,Carlos Lopez,909-13-8459,carlos.lopez746@example.com,1461 Lakeview Blvd,90651,1977-02-02,metro,82300.0,0.4,11.9,0,8.9,33100.0,41.2,0,1
APP00419,Kevin Johnson,936-74-1465,kevin.johnson812@example.com,6300 Elm Dr,96134,1951-12-12,rural,72000.0,0.202,13.4,1,5.2,15200.0,71.1,0,0
APP00420,Grace Lee,924-18-5851,grace.lee892@example.com,4645 Cedar Ln,91426,1962-04-18,metro,72000.0,0.63,12.6,0,,23300.0,28.1,1,0
APP00421,Kevin Lopez,991-28-2129,kevin.lopez24@example.com,9933 Elm Dr,95957,1974-08-03,rural,41800.0,0.469,12.3,0,5.8,29100.0,84.0,1,0
APP00422,Chloe Wilson,985-11-8033,chloe.wilson301@example.com,3249 Elm Dr,90921,1998-08-16,metro,60300.0,0.434,16.1,2,16.9,25800.0,35.6,1,0
APP00423,Grace Ali,922-82-4296,grace.ali984@example.com,2017 Lakeview Blvd,95948,1969-10-07,rural,69600.0,0.143,9.0,0,8.8,2000.0,55.7,0,1
APP00424,Olivia Garcia,948-83-5017,olivia.garcia260@example.com,6843 Lakeview Blvd,96061,1956-09-20,rural,55100.0,0.442,7.4,0,12.8,8800.0,65.9,1,0
APP00425,Maria Taylor,948-17-4787,maria.taylor593@example.com,7205 Maple Ave,96147,1958-07-20,rural,71500.0,0.275,20.1,0,1.2,20700.0,77.7,0,0
APP00426,Mateo Martinez,926-53-7707,mateo.martinez415@example.com,1988 Lakeview Blvd,91674,1970-03-21,metro,59900.0,0.498,6.4,0,6.3,14200.0,20.7,1,0
APP00427,Priya Brown,956-42-9508,priya.brown732@example.com,1049 Cedar Ln,90661,1955-05-16,metro,137500.0,0.217,14.0,0,5.4,30800.0,38.0,0,1
APP00428,Aisha Johnson,928-38-2449,aisha.johnson299@example.com,3838 Cedar Ln,90033,1959-03-23,metro,59100.0,0.307,25.4,1,3.1,24700.0,25.6,0,0
APP00429,Mateo Martinez,963-40-8550,mateo.martinez480@example.com,7179 Hillcrest Way,91558,1952-09-30,metro,65700.0,0.291,5.6,0,1.7,8300.0,31.3,0,1
APP00430,Omar Lopez,958-34-8217,omar.lopez12@example.com,4683 Pine Rd,95927,1953-05-07,rural,55400.0,0.377,9.2,1,4.9,5600.0,70.0,1,0
APP00431,Maria Clark,991-12-6598,maria.clark370@example.com,7155 Pine Rd,91760,1968-05-04,metro,93500.0,0.601,6.9,0,4.1,15200.0,29.0,1,0
APP00432,Omar Lee,985-44-8664,omar.lee878@example.com,5545 Maple Ave,96128,1980-08-27,rural,100200.0,0.437,22.8,2,6.9,26800.0,70.5,0,1
APP00433,Alex Ali,946-65-5569,alex.ali923@example.com,2461 Hillcrest Way,90805,1963-01-22,metro,42600.0,0.416,2.3,0,9.1,24000.0,19.4,0,0
APP00434,James Johnson,971-97-7979,james.johnson842@example.com,8215 Cedar Ln,91630,1988-10-27,metro,44900.0,0.205,2.5,0,6.0,11400.0,50.2,1,0
APP00435,Omar Brown,975-63-8127,omar.brown564@example.com,2998 Hillcrest Way,90849,1976-07-25,metro,44700.0,0.257,6.1,0,6.1,26800.0,20.1,1,0
APP00436,Noah Garcia,956-32-7448,noah.garcia187@example.com,3348 Maple Ave,95972,1952-06-01,rural,54300.0,0.424,6.2,0,0.1,17800.0,59.0,0,0
APP00437,Carlos Clark,963-52-8090,carlos.clark494@example.com,8836 Elm Dr,90357,1978-03-17,metro,89700.0,0.399,7.7,1,10.1,30700.0,38.8,0,1
APP00438,Aisha Johnson,990-36-8035,aisha.johnson901@example.com,5561 Cedar Ln,90064,1979-03-14,metro,67900.0,0.43,10.4,0,2.6,31000.0,25.4,0,1
APP00439,Noah Ali,952-34-5192,noah.ali792@example.com,1649 Oak St,91858,1990-08-07,metro,84300.0,0.307,10.6,0,3.7,10800.0,36.7,0,1
APP00440,Priya Martinez,985-28-5992,priya.martinez831@example.com,4021 Hillcrest Way,91476,1977-03-22,metro,50600.0,0.235,14.8,0,17.1,25200.0,28.4,1,0
APP00441,Mateo Wilson,996-84-1798,mateo.wilson419@example.com,7669 Pine Rd,96135,1973-03-27,rural,44400.0,0.424,11.2,1,1.9,28300.0,69.7,1,0
APP00442,Hiro Garcia,969-38-4597,hiro.garcia265@example.com,5161 Lakeview Blvd,95947,1994-12-18,rural,107200.0,0.262,16.9,0,4.8,10500.0,80.2,0,1
APP00443,Noah Moore,940-76-5355,noah.moore156@example.com,4610 Hillcrest Way,90036,1979-08-01,metro,33600.0,0.432,2.5,1,16.5,25800.0,56.6,1,0
APP00444,Hiro Garcia,929-40-8465,hiro.garcia427@example.com,6123 Elm Dr,90792,1981-01-28,metro,56100.0,0.095,10.5,1,6.1,23000.0,30.7,0,1
APP00445,James Taylor,917-21-3902,james.taylor561@example.com,7423 Hillcrest Way,91203,1993-06-22,metro,75800.0,0.282,11.8,0,9.3,25900.0,48.2,0,1
APP00446,Hiro Taylor,955-91-7634,hiro.taylor796@example.com,6499 Elm Dr,96159,1971-04-28,rural,62400.0,0.319,10.2,1,6.5,22700.0,81.6,1,0
APP00447,Priya Ali,968-62-5261,priya.ali97@example.com,3670 Lakeview Blvd,90771,1981-12-16,metro,83700.0,0.135,19.9,2,13.1,9800.0,30.5,0,1
APP00448,Olivia Kim,988-41-3249,olivia.kim273@example.com,3769 Lakeview Blvd,90262,1985-04-03,metro,52000.0,0.4,11.9,0,5.2,18200.0,38.0,0,1
APP00449,Chloe Clark,956-45-7599,chloe.clark73@example.com,9754 Elm Dr,91541,1982-01-08,metro,59600.0,0.463,11.2,0,4.7,17200.0,13.8,1,0
APP00450,Maria Singh,986-30-9549,maria.singh729@example.com,6228 Maple Ave,91187,1958-04-25,metro,64800.0,0.382,8.1,0,3.1,9400.0,24.8,0,1
APP00451,Chloe Nguyen,911-50-7632,chloe.nguyen701@example.com,9429 Cedar Ln,96076,1964-12-05,rural,60800.0,0.267,16.9,0,1.2,28100.0,83.0,0,0
APP00452,Omar Wilson,934-67-8342,omar.wilson927@example.com,8605 Hillcrest Way,91433,1956-04-25,metro,60700.0,0.3,8.2,0,18.4,27100.0,35.5,0,1
APP00453,Kevin Kim,906-84-8381,kevin.kim158@example.com,3579 Cedar Ln,90975,1985-09-07,metro,,0.374,21.5,0,2.5,14500.0,37.9,0,1
APP00454,Omar Johnson,968-91-8224,omar.johnson931@example.com,7717 Elm Dr,90010,1995-12-29,metro,99800.0,0.31,6.2,0,8.5,34000.0,34.8,0,1
APP00455,Hiro Moore,910-27-4375,hiro.moore940@example.com,1368 Lakeview Blvd,90336,1964-05-25,metro,26600.0,0.395,5.4,0,2.0,22000.0,22.9,0,1
APP00456,Priya Smith,925-33-4780,priya.smith461@example.com,2385 Pine Rd,90482,1955-03-13,metro,54900.0,0.26,5.6,0,3.7,19800.0,37.2,0,1
APP00457,Chloe Clark,955-69-8938,chloe.clark683@example.com,5261 Lakeview Blvd,91467,1951-04-28,metro,78000.0,0.378,10.7,0,2.6,13600.0,47.7,0,1
APP00458,Fatima Patel,932-38-8004,fatima.patel46@example.com,7622 Pine Rd,90039,2001-03-09,metro,34700.0,0.428,7.1,1,25.4,17900.0,35.0,1,0
APP00459,Linh Wilson,998-11-6995,linh.wilson309@example.com,1172 Elm Dr,90810,1952-11-14,metro,,0.263,4.1,1,3.1,33400.0,47.6,0,1
APP00460,Maria Johnson,946-96-1907,maria.johnson305@example.com,7965 Oak St,90320,1973-05-04,metro,124500.0,0.407,13.0,0,4.6,21600.0,41.6,0,1
APP00461,Omar Lopez,987-11-9182,omar.lopez793@example.com,9181 Elm Dr,91701,1969-03-18,metro,47400.0,0.557,5.0,0,10.5,22300.0,43.4,0,1
APP00462,Daniel Lopez,977-94-6301,daniel.lopez314@example.com,8950 Hillcrest Way,90165,2000-09-24,metro,53600.0,0.279,11.5,0,12.5,10800.0,25.7,0,1
APP00463,James Moore,954-44-9806,james.moore731@example.com,53 Hillcrest Way,91208,1981-01-07,metro,28800.0,0.235,1.6,0,10.0,33100.0,18.4,1,0
APP00464,Grace Martinez,933-10-5595,grace.martinez855@example.com,1030 Hillcrest Way,91936,1976-08-23,metro,96500.0,0.381,22.0,0,0.6,20200.0,30.5,0,1
APP00465,Noah Ramirez,913-26-4199,noah.ramirez163@example.com,2421 Pine Rd,90393,1981-12-04,metro,28100.0,0.349,16.8,0,2.7,23600.0,44.9,1,0
APP00466,Mateo Nguyen,957-52-1055,mateo.nguyen705@example.com,2513 Cedar Ln,90805,1979-01-28,metro,43600.0,0.411,8.5,0,12.7,18500.0,48.1,0,1
APP00467,Sofia Clark,913-76-4849,sofia.clark144@example.com,1026 Oak St,91286,1997-10-25,metro,71100.0,0.348,6.0,1,5.4,15400.0,23.8,0,1
APP00468,Mateo Patel,995-24-6460,mateo.patel544@example.com,6595 Hillcrest Way,91000,1993-10-16,metro,45900.0,0.59,5.9,1,8.8,22800.0,44.6,1,0
APP00469,Priya Hernandez,981-16-8291,priya.hernandez673@example.com,6317 Elm Dr,95903,1968-03-17,rural,42600.0,0.291,8.9,0,2.9,17600.0,75.6,0,1
APP00470,James Johnson,941-38-6003,james.johnson660@example.com,7144 Maple Ave,95981,1995-12-12,rural,51100.0,0.159,9.2,1,7.4,26500.0,71.8,0,1
APP00471,Noah Nguyen,927-60-3433,noah.nguyen723@example.com,9234 Elm Dr,96064,1968-01-07,rural,55700.0,0.224,21.1,1,29.0,20000.0,65.7,0,1
APP00472,Daniel Patel,945-32-6478,daniel.patel35@example.com,1101 Maple Ave,91704,1973-08-07,metro,51700.0,0.441,4.8,0,11.7,28300.0,29.8,0,1
APP00473,Noah Lopez,914-10-5781,noah.lopez188@example.com,345 Elm Dr,91647,1950-03-21,metro,59300.0,0.348,13.9,0,10.8,10700.0,53.7,0,1
APP00474,Maria Brown,981-47-7270,maria.brown404@example.com,8472 Cedar Ln,91348,1994-09-30,metro,60800.0,0.361,15.1,1,0.8,43900.0,62.3,1,0
APP00475,Carlos Wilson,968-14-7246,carlos.wilson967@example.com,4520 Oak St,90584,1991-10-16,metro,54200.0,0.194,13.7,0,8.1,34500.0,24.2,0,1
APP00476,Sofia Ramirez,912-55-4738,sofia.ramirez297@example.com,2315 Hillcrest Way,91312,1964-05-13,metro,42400.0,0.269,11.0,0,4.5,20300.0,43.1,1,0
APP00477,Fatima Moore,922-31-1304,fatima.moore454@example.com,6696 Cedar Ln,96052,1954-12-13,rural,62700.0,0.41,3.1,1,3.5,15900.0,89.3,1,0
APP00478,Sofia Johnson,945-41-9744,sofia.johnson937@example.com,6518 Maple Ave,90511,1976-12-09,metro,51100.0,0.353,5.1,0,18.4,25900.0,25.2,0,1
APP00479,Omar Ali,929-15-7069,omar.ali70@example.com,1967 Maple Ave,96025,1981-07-28,rural,56400.0,0.372,6.3,0,11.3,29600.0,66.5,1,0
APP00480,Maria Lopez,979-32-9472,maria.lopez562@example.com,9602 Lakeview Blvd,90226,1975-07-16,metro,110400.0,0.205,7.3,1,7.8,32600.0,24.0,0,1
APP00481,Grace Lee,978-33-9985,grace.lee994@example.com,9431 Lakeview Blvd,90964,1983-08-24,metro,96300.0,0.317,10.3,1,13.4,25500.0,20.4,0,1
APP00482,Noah Hernandez,959-62-7396,noah.hernandez237@example.com,6188 Maple Ave,90350,1972-06-14,metro,86500.0,0.371,5.2,0,12.4,21900.0,38.0,0,1
APP00483,Alex Singh,953-12-8569,alex.singh760@example.com,914 Pine Rd,96153,1980-03-05,rural,65000.0,0.177,11.0,0,,12200.0,67.0,0,1
APP00484,Alex Clark,970-65-9133,alex.clark710@example.com,62 Lakeview Blvd,90401,1952-11-09,metro,79400.0,0.326,5.5,0,5.7,30900.0,40.1,0,1
APP00485,Linh Johnson,933-45-1575,linh.johnson341@example.com,7669 Lakeview Blvd,91453,1983-10-29,metro,46000.0,0.211,6.8,1,2.4,25300.0,28.6,0,1
APP00486,Linh Hernandez,988-37-7459,linh.hernandez833@example.com,1509 Hillcrest Way,91218,1973-06-01,metro,67000.0,0.347,14.0,0,9.5,24200.0,33.4,0,1
APP00487,Omar Clark,970-13-6762,omar.clark106@example.com,5855 Lakeview Blvd,91859,1958-04-10,metro,43000.0,0.332,11.8,1,15.1,18900.0,41.7,0,1
APP00488,Fatima Kim,933-16-7085,fatima.kim444@example.com,9632 Maple Ave,90906,1989-07-22,metro,113300.0,0.315,11.6,0,,18300.0,32.3,0,1
APP00489,Emma Moore,939-20-3615,emma.moore677@example.com,4651 Maple Ave,96193,1968-12-05,rural,39400.0,0.28,11.6,0,2.0,4300.0,71.0,1,0
APP00490,Priya Ali,958-18-8519,priya.ali456@example.com,6882 Maple Ave,91463,1986-01-14,metro,81500.0,0.318,10.8,0,6.1,22600.0,33.5,0,1
APP00491,Fatima Patel,904-30-6400,fatima.patel564@example.com,3723 Hillcrest Way,90989,1988-06-06,metro,90800.0,0.409,13.3,1,5.6,15400.0,36.7,1,0
APP00492,Maria Wilson,903-99-9833,maria.wilson144@example.com,7886 Hillcrest Way,95932,1998-10-26,rural,60600.0,0.156,5.4,0,4.8,17000.0,60.7,0,1
APP00493,Linh Kim,921-47-9907,linh.kim788@example.com,3279 Hillcrest Way,90161,1952-02-13,metro,73900.0,0.44,7.3,0,5.9,10400.0,35.4,0,1
APP00494,James Garcia,948-86-5949,james.garcia336@example.com,7339 Pine Rd,90350,1993-12-18,metro,43600.0,0.458,8.4,0,5.2,25800.0,34.9,1,0
APP00495,Chloe Brown,974-46-4220,chloe.brown776@example.com,6827 Pine Rd,91393,1986-05-01,metro,,0.094,12.3,1,1.2,19000.0,35.7,0,1
APP00496,Emma Singh,947-97-1093,emma.singh629@example.com,4746 Maple Ave,96099,1967-08-30,rural,79300.0,0.294,7.4,0,1.2,31700.0,69.8,0,1
APP00497,Aisha Garcia,931-97-8351,aisha.garcia474@example.com,8531 Oak St,91592,1988-10-17,metro,59500.0,0.31,18.5,0,3.9,27000.0,38.9,1,0
APP00498,Daniel Patel,966-22-2852,daniel.patel69@example.com,8867 Oak St,91927,1953-10-10,metro,61700.0,0.268,3.8,1,3.6,22400.0,42.9,1,0
APP00499,Olivia Johnson,948-63-2009,olivia.johnson419@example.com,3256 Elm Dr,96062,2000-01-21,rural,74000.0,0.472,10.3,0,2.8,28300.0,72.1,1,0
APP00500,Emma Clark,939-99-3892,emma.clark550@example.com,4169 Elm Dr,90725,1995-09-16,metro,44900.0,0.328,8.1,0,9.0,12600.0,21.2,0,1
APP00501,Alex Chen,927-33-6253,alex.chen815@example.com,100 Lakeview Blvd,90791,1994-10-24,metro,55900.0,0.407,3.5,1,3.1,25300.0,32.5,0,1
APP00502,Omar Smith,944-99-6614,omar.smith736@example.com,1541 Pine Rd,90358,1976-04-06,metro,63400.0,0.504,9.0,1,6.3,27900.0,43.1,0,0
APP00503,Chloe Moore,997-88-9843,chloe.moore485@example.com,9085 Elm Dr,91341,1992-12-02,metro,64100.0,0.277,11.4,1,6.6,31600.0,61.0,1,0
APP00504,Olivia Smith,957-50-6950,olivia.smith204@example.com,5220 Pine Rd,96038,1998-11-07,rural,29800.0,0.573,14.9,1,5.0,32500.0,73.6,1,0
APP00505,Alex Garcia,926-46-9373,alex.garcia35@example.com,3252 Maple Ave,90149,1982-03-19,metro,53800.0,0.474,5.3,0,8.1,14900.0,55.7,1,0
APP00506,Aisha Garcia,942-62-6405,aisha.garcia576@example.com,9057 Maple Ave,95996,1984-12-24,rural,48700.0,0.26,6.9,0,3.3,39300.0,66.2,1,0
APP00507,Linh Smith,909-59-1284,linh.smith604@example.com,82 Lakeview Blvd,96147,2001-04-05,rural,53400.0,0.327,6.6,0,4.5,12900.0,67.8,0,1
APP00508,Alex Nguyen,963-22-6289,alex.nguyen662@example.com,5853 Pine Rd,91806,1978-12-26,metro,65000.0,0.325,7.2,0,1.9,17900.0,48.4,0,1
APP00509,Omar Ali,987-93-9670,omar.ali234@example.com,9548 Cedar Ln,90794,1972-08-11,metro,92600.0,0.334,9.7,1,7.8,15000.0,41.5,0,1
APP00510,Kevin Brown,954-42-2722,kevin.brown499@example.com,6302 Elm Dr,90222,1952-05-22,metro,46800.0,0.437,5.0,1,12.8,25700.0,46.0,0,0
APP00511,Noah Taylor,912-92-8359,noah.taylor449@example.com,930 Maple Ave,91972,1995-12-03,metro,48700.0,0.207,16.5,1,26.5,33700.0,35.9,0,1
APP00512,Hiro Lopez,957-84-7872,hiro.lopez246@example.com,1762 Oak St,90538,1958-01-27,metro,41900.0,0.439,27.4,0,3.0,17900.0,27.8,0,1
APP00513,Noah Lopez,902-29-7363,noah.lopez817@example.com,8369 Oak St,90230,1957-11-20,metro,49700.0,0.316,16.7,0,15.1,20300.0,37.6,0,1
APP00514,Emma Ali,967-46-7191,emma.ali936@example.com,2862 Cedar Ln,90064,1995-10-02,metro,95400.0,0.224,10.5,1,14.1,9800.0,36.4,0,1
APP00515,Omar Chen,964-10-8297,omar.chen428@example.com,5388 Cedar Ln,90662,1977-05-19,metro,30700.0,0.3,6.0,0,9.1,10600.0,31.8,0,1
APP00516,Ravi Nguyen,969-91-5644,ravi.nguyen766@example.com,8246 Lakeview Blvd,91371,1988-06-18,metro,119200.0,0.685,11.0,1,12.5,24800.0,40.4,1,0
APP00517,Daniel Ali,914-82-8523,daniel.ali637@example.com,230 Cedar Ln,90313,1980-10-06,metro,46000.0,0.351,14.6,0,7.3,30000.0,30.3,0,1
APP00518,Olivia Wilson,908-23-1664,olivia.wilson347@example.com,5632 Maple Ave,91529,1961-09-01,metro,65700.0,0.207,18.8,0,7.3,33500.0,45.5,0,1
APP00519,Olivia Garcia,908-41-1494,olivia.garcia496@example.com,7635 Cedar Ln,90479,1995-07-01,metro,94900.0,0.294,8.1,1,14.8,34400.0,31.6,0,1
APP00520,Carlos Lee,941-53-7136,carlos.lee176@example.com,4913 Cedar Ln,90463,1999-12-26,metro,68000.0,0.367,10.5,1,6.8,30300.0,26.7,1,0
APP00521,Aisha Wilson,937-75-8526,aisha.wilson487@example.com,9209 Oak St,90285,1965-11-17,metro,41600.0,0.355,9.5,0,8.0,27200.0,35.0,1,0
APP00522,James Martinez,977-40-9597,james.martinez984@example.com,2744 Cedar Ln,91573,1955-12-01,metro,48000.0,0.188,5.9,1,15.5,28400.0,35.7,0,1
APP00523,Aisha Clark,997-85-5837,aisha.clark225@example.com,1571 Lakeview Blvd,90035,1971-05-25,metro,102000.0,0.416,8.3,0,6.6,20100.0,39.3,1,0
APP00524,Olivia Hernandez,900-29-6793,olivia.hernandez948@example.com,4266 Hillcrest Way,90937,1985-07-20,metro,69400.0,0.359,4.2,0,5.4,15000.0,32.0,0,1
APP00525,Grace Brown,966-47-2706,grace.brown53@example.com,8574 Maple Ave,91238,1952-10-17,metro,57100.0,0.425,9.1,1,,11500.0,37.4,0,1
APP00526,Omar Lee,918-33-8163,omar.lee447@example.com,3474 Cedar Ln,95907,1985-01-09,rural,23800.0,0.297,16.0,0,9.7,19300.0,72.0,1,0
APP00527,Noah Clark,914-31-8081,noah.clark78@example.com,5402 Maple Ave,90050,1987-09-02,metro,232300.0,0.569,3.7,1,8.7,10000.0,36.1,0,1
APP00528,Mateo Kim,967-33-9288,mateo.kim566@example.com,9328 Oak St,90553,1981-04-06,metro,47300.0,0.332,10.1,0,4.3,17600.0,19.6,1,0
APP00529,Priya Singh,980-25-8608,priya.singh395@example.com,7307 Elm Dr,96136,1980-08-26,rural,46500.0,0.306,7.3,4,1.7,34200.0,79.9,1,0
APP00530,Noah Brown,907-35-4684,noah.brown974@example.com,8019 Oak St,90783,1999-03-06,metro,34000.0,0.377,7.9,0,4.9,29400.0,24.3,1,0
APP00531,Noah Lopez,921-27-6213,noah.lopez23@example.com,9505 Cedar Ln,90581,1991-09-17,metro,48700.0,0.42,7.2,1,8.1,20500.0,32.9,1,0
APP00532,Kevin Garcia,954-72-6512,kevin.garcia574@example.com,2688 Lakeview Blvd,96124,1971-11-20,rural,81100.0,0.451,12.8,2,2.0,26500.0,63.5,1,0
APP00533,Olivia Smith,980-24-1564,olivia.smith673@example.com,2488 Maple Ave,90522,1990-04-17,metro,50400.0,0.133,9.1,1,1.0,10900.0,28.5,0,1
APP00534,Noah Taylor,949-18-4202,noah.taylor475@example.com,6023 Cedar Ln,91971,1965-11-27,metro,42600.0,0.468,9.7,3,5.7,14100.0,39.2,1,0
APP00535,Alex Chen,992-99-7562,alex.chen229@example.com,7976 Hillcrest Way,90971,1999-05-22,metro,87000.0,0.541,8.2,0,10.3,20900.0,24.0,0,1
APP00536,Grace Davis,948-42-8762,grace.davis189@example.com,9598 Lakeview Blvd,90188,1998-06-02,metro,40300.0,0.443,9.1,1,4.7,29300.0,27.1,1,0
APP00537,Emma Davis,972-27-8536,emma.davis582@example.com,3822 Pine Rd,91651,1996-03-27,metro,,0.408,12.2,0,4.6,30700.0,20.5,0,1
APP00538,Fatima Singh,962-64-4911,fatima.singh934@example.com,9931 Cedar Ln,95934,1977-08-07,rural,51000.0,0.328,6.9,0,,20600.0,79.9,0,1
APP00539,Chloe Patel,904-67-9561,chloe.patel189@example.com,4386 Pine Rd,90386,1956-02-05,metro,43600.0,0.425,3.2,0,4.5,36300.0,39.6,1,0
APP00540,James Clark,903-88-2135,james.clark819@example.com,5060 Hillcrest Way,90528,1954-12-12,metro,50700.0,0.485,6.9,1,7.4,7500.0,40.8,1,0
APP00541,Noah Martinez,966-86-7325,noah.martinez299@example.com,3312 Cedar Ln,90704,2001-09-13,metro,,0.435,16.6,1,5.3,22900.0,27.8,1,0
APP00542,James Kim,954-45-5271,james.kim83@example.com,9111 Hillcrest Way,90685,1954-06-05,metro,77200.0,0.243,12.4,1,,33100.0,24.4,0,1
APP00543,James Clark,944-91-2869,james.clark365@example.com,9479 Cedar Ln,96051,1952-10-15,rural,82900.0,0.391,13.1,0,6.7,26500.0,81.0,1,0
APP00544,Omar Chen,984-62-9430,omar.chen174@example.com,8843 Lakeview Blvd,95911,1971-09-16,rural,55700.0,0.343,9.7,0,2.9,27500.0,79.7,0,1
APP00545,Hiro Hernandez,982-43-4471,hiro.hernandez492@example.com,8636 Oak St,90118,1963-06-30,metro,85500.0,0.36,19.2,1,2.3,18400.0,42.3,0,1
APP00546,Grace Lee,975-47-2546,grace.lee282@example.com,9086 Lakeview Blvd,96100,1955-09-17,rural,28400.0,0.447,21.4,0,5.0,14100.0,68.6,1,0
APP00547,Linh Wilson,973-68-4322,linh.wilson649@example.com,6091 Cedar Ln,96170,1981-11-11,rural,36500.0,0.379,7.3,0,1.9,12700.0,78.8,1,0
APP00548,Hiro Chen,992-47-4792,hiro.chen855@example.com,9212 Hillcrest Way,95932,1996-12-10,rural,42200.0,0.355,4.4,0,3.1,23900.0,72.2,1,0
APP00549,Carlos Davis,993-96-7851,carlos.davis576@example.com,3857 Lakeview Blvd,91384,1953-03-28,metro,68500.0,0.525,4.3,0,4.9,23400.0,30.6,0,0
APP00550,Noah Kim,945-45-2860,noah.kim35@example.com,3563 Cedar Ln,96144,1950-07-22,rural,28100.0,0.33,3.1,0,2.8,14800.0,66.8,1,0
APP00551,Noah Lee,985-93-6093,noah.lee420@example.com,2704 Lakeview Blvd,90760,1976-10-27,metro,38600.0,0.278,7.9,1,5.6,30200.0,40.0,1,0
APP00552,Hiro Lopez,943-13-1401,hiro.lopez960@example.com,5202 Oak St,96078,1987-06-18,rural,69200.0,0.336,17.4,1,6.0,21900.0,75.6,0,0
APP00553,Chloe Ramirez,970-33-9744,chloe.ramirez642@example.com,2351 Oak St,95921,1963-12-15,rural,109300.0,0.371,9.2,0,7.4,31500.0,73.3,0,0
APP00554,Hiro Singh,988-74-5366,hiro.singh528@example.com,5161 Pine Rd,95995,1973-09-05,rural,58600.0,0.341,5.7,2,13.9,22900.0,78.6,1,0
APP00555,Kevin Kim,917-56-8033,kevin.kim228@example.com,3821 Elm Dr,90596,1960-12-07,metro,66900.0,0.451,1.6,2,1.6,17400.0,25.1,0,0
APP00556,Hiro Taylor,928-82-8777,hiro.taylor295@example.com,4238 Hillcrest Way,90850,1971-03-10,metro,65300.0,0.18,14.0,0,20.4,14700.0,28.8,0,1
APP00557,Aisha Nguyen,949-99-2844,aisha.nguyen305@example.com,8275 Elm Dr,90662,1995-11-16,metro,64300.0,0.324,7.4,1,10.9,15300.0,46.4,1,1
APP00558,Fatima Wilson,964-94-2131,fatima.wilson976@example.com,4141 Oak St,91363,2001-01-13,metro,44300.0,0.471,10.0,0,5.3,32900.0,44.9,0,0
APP00559,Grace Garcia,927-67-9393,grace.garcia644@example.com,8831 Elm Dr,96159,1955-05-27,rural,50700.0,0.266,12.2,2,3.7,21900.0,72.7,0,0
APP00560,Daniel Singh,915-35-7291,daniel.singh243@example.com,2939 Pine Rd,91286,1982-02-09,metro,94600.0,0.38,14.5,0,13.9,17100.0,42.5,0,1
APP00561,Carlos Hernandez,918-51-4264,carlos.hernandez328@example.com,2690 Elm Dr,90764,1992-06-27,metro,47200.0,0.383,18.8,0,2.8,14300.0,43.3,0,1
APP00562,Noah Kim,929-62-3544,noah.kim214@example.com,7947 Lakeview Blvd,90114,1971-04-26,metro,46200.0,0.329,19.4,1,2.7,13100.0,39.5,0,1
APP00563,Maria Nguyen,958-73-7825,maria.nguyen25@example.com,4110 Elm Dr,90352,1971-12-13,metro,98600.0,0.344,6.1,0,7.3,18500.0,29.2,0,1
APP00564,Linh Smith,935-19-6311,linh.smith960@example.com,7333 Maple Ave,90188,1975-03-17,metro,101000.0,0.144,25.8,0,5.7,24000.0,34.6,0,1
APP00565,Hiro Patel,992-61-6997,hiro.patel584@example.com,5671 Cedar Ln,96174,1960-12-30,rural,106000.0,0.474,6.2,0,7.5,21800.0,71.9,0,1
APP00566,Daniel Ali,920-21-2810,daniel.ali135@example.com,9148 Maple Ave,90549,1991-08-26,metro,106400.0,0.193,7.9,0,4.7,12700.0,22.8,0,1
APP00567,Linh Davis,986-35-5145,linh.davis338@example.com,4100 Pine Rd,96073,1983-01-24,rural,49300.0,0.415,5.1,0,2.8,17200.0,72.8,1,0
APP00568,Omar Clark,918-90-1819,omar.clark957@example.com,5495 Maple Ave,95989,1996-11-06,rural,79100.0,0.517,1.5,2,3.3,14400.0,49.6,1,0
APP00569,Grace Kim,971-48-3665,grace.kim916@example.com,5812 Hillcrest Way,91609,1999-10-18,metro,37200.0,0.537,15.1,1,8.5,17500.0,43.5,1,0
APP00570,Carlos Lopez,949-61-1476,carlos.lopez816@example.com,7095 Cedar Ln,91865,1960-11-26,metro,66600.0,0.399,5.9,0,,18800.0,18.9,1,0
APP00571,Alex Clark,991-63-8145,alex.clark657@example.com,8090 Pine Rd,95995,1968-12-23,rural,108700.0,0.331,6.0,1,1.0,13700.0,81.9,0,1
APP00572,Chloe Smith,930-23-6777,chloe.smith744@example.com,5167 Maple Ave,96176,1973-02-24,rural,51400.0,0.578,11.7,0,1.3,32000.0,80.0,1,0
APP00573,Aisha Taylor,939-28-8556,aisha.taylor297@example.com,4939 Elm Dr,90145,1989-06-03,metro,53800.0,0.58,10.7,0,10.8,2000.0,21.5,1,0
APP00574,Chloe Hernandez,972-12-9328,chloe.hernandez476@example.com,3157 Elm Dr,90361,1983-06-03,metro,65400.0,0.533,9.8,0,4.7,18400.0,33.9,1,0
APP00575,Fatima Davis,999-45-2186,fatima.davis137@example.com,9905 Pine Rd,95931,1985-11-08,rural,55600.0,0.069,8.0,0,3.9,24100.0,83.9,0,1
APP00576,Noah Chen,967-86-9952,noah.chen42@example.com,796 Hillcrest Way,91943,1997-08-21,metro,32000.0,0.328,15.1,1,1.0,13800.0,23.6,1,0
APP00577,Maria Smith,968-99-5941,maria.smith71@example.com,3328 Pine Rd,91987,1981-09-24,metro,70500.0,0.25,6.7,1,5.3,38000.0,34.8,0,1
APP00578,James Brown,973-44-5473,james.brown570@example.com,1049 Lakeview Blvd,90483,1967-10-02,metro,47300.0,0.423,10.0,0,0.5,22000.0,27.4,1,0
APP00579,Linh Lopez,906-28-3765,linh.lopez114@example.com,9046 Oak St,90783,1992-02-24,metro,70300.0,0.377,7.5,0,5.6,37500.0,34.8,0,1
APP00580,Noah Kim,937-89-5662,noah.kim835@example.com,3643 Elm Dr,90188,1980-01-26,metro,56000.0,0.416,7.2,0,6.3,16700.0,40.2,0,1
APP00581,Priya Nguyen,923-47-4538,priya.nguyen744@example.com,6869 Oak St,91897,1991-09-06,metro,53400.0,0.194,4.6,0,1.7,23500.0,35.9,1,0
APP00582,Priya Moore,950-55-7886,priya.moore359@example.com,1915 Maple Ave,91243,1953-02-27,metro,36300.0,0.239,5.0,0,2.4,38600.0,35.7,0,1
APP00583,Aisha Taylor,967-52-8379,aisha.taylor224@example.com,8544 Elm Dr,91152,1976-04-09,metro,44000.0,0.161,10.0,0,13.2,18900.0,38.0,0,1
APP00584,Chloe Taylor,984-38-6533,chloe.taylor498@example.com,698 Pine Rd,90235,1996-07-06,metro,76700.0,0.391,7.0,0,1.8,20600.0,28.2,0,1
APP00585,Ravi Moore,920-21-2109,ravi.moore238@example.com,1187 Lakeview Blvd,96067,1976-05-20,rural,68200.0,0.388,13.4,0,5.9,9800.0,83.6,0,1
APP00586,Linh Lee,997-84-8029,linh.lee228@example.com,2779 Hillcrest Way,95957,1967-08-29,rural,44300.0,0.195,5.0,0,4.6,8900.0,77.1,1,0
APP00587,Emma Kim,965-39-1452,emma.kim907@example.com,4549 Elm Dr,91874,1971-06-17,metro,120300.0,0.187,5.8,0,2.7,5600.0,35.5,0,1
APP00588,Emma Moore,900-22-5956,emma.moore539@example.com,8816 Oak St,90787,1998-04-29,metro,58100.0,0.158,5.1,1,10.8,30500.0,30.6,0,1
APP00589,Emma Johnson,983-39-8754,emma.johnson494@example.com,3441 Elm Dr,90063,1958-09-07,metro,40000.0,0.389,7.3,0,2.2,15800.0,33.9,1,0
APP00590,Maria Smith,994-34-5379,maria.smith587@example.com,8766 Maple Ave,90374,1965-03-25,metro,38200.0,0.374,13.3,1,4.6,15300.0,39.7,1,0
APP00591,Noah Davis,966-10-1838,noah.davis80@example.com,4886 Elm Dr,91261,1973-02-02,metro,70200.0,0.671,10.8,1,15.3,16000.0,34.6,1,0
APP00592,Carlos Johnson,913-49-1102,carlos.johnson877@example.com,5563 Hillcrest Way,95964,1956-11-28,rural,62800.0,0.182,6.9,0,2.1,23500.0,72.1,0,1
APP00593,Olivia Moore,904-70-9452,olivia.moore643@example.com,2741 Elm Dr,96080,1966-10-09,rural,55900.0,0.256,10.3,1,2.5,28300.0,62.1,0,1
APP00594,Grace Smith,902-39-8205,grace.smith887@example.com,4173 Elm Dr,96142,1994-11-21,rural,84400.0,0.446,8.4,0,15.6,17200.0,64.3,0,1
APP00595,James Hernandez,920-98-4745,james.hernandez500@example.com,9366 Pine Rd,96135,1977-11-18,rural,108100.0,0.476,8.5,0,5.3,28600.0,89.3,1,0
APP00596,Noah Taylor,902-42-6098,noah.taylor818@example.com,9251 Pine Rd,91433,1984-09-30,metro,64200.0,0.193,5.4,0,10.6,19600.0,30.0,0,1
APP00597,Noah Taylor,968-38-1198,noah.taylor780@example.com,1013 Pine Rd,91457,1970-07-26,metro,60600.0,0.151,10.6,0,3.6,23800.0,45.0,0,1
APP00598,Hiro Moore,998-94-6069,hiro.moore210@example.com,8927 Pine Rd,90452,1984-08-23,metro,47600.0,0.234,9.4,1,5.5,22900.0,31.6,1,0
APP00599,Emma Hernandez,942-66-9621,emma.hernandez122@example.com,915 Elm Dr,96000,1997-02-25,rural,46300.0,0.485,8.0,1,8.6,13300.0,77.4,1,0
APP00600,Olivia Hernandez,964-48-8747,olivia.hernandez985@example.com,9831 Lakeview Blvd,90948,1963-01-16,metro,71800.0,0.456,4.9,1,8.3,25300.0,24.7,1,0
APP00601,Emma Martinez,935-12-7163,emma.martinez266@example.com,3920 Elm Dr,91777,1974-03-10,metro,39600.0,0.291,13.9,0,3.7,20700.0,27.1,1,0
APP00602,Fatima Hernandez,989-75-3253,fatima.hernandez37@example.com,4833 Oak St,96130,1988-05-10,rural,52200.0,0.164,5.8,2,14.0,26700.0,72.4,0,1
APP00603,Noah Nguyen,996-46-2971,noah.nguyen439@example.com,7378 Elm Dr,91516,1977-04-20,metro,63600.0,0.269,11.4,0,10.1,34800.0,32.7,0,1
APP00604,Omar Chen,956-34-9143,omar.chen168@example.com,184 Oak St,90764,1957-04-29,metro,28100.0,0.273,8.0,0,0.8,13200.0,14.6,0,1
APP00605,Chloe Wilson,945-62-9036,chloe.wilson711@example.com,6103 Cedar Ln,90738,1952-01-11,metro,70700.0,0.456,4.7,0,5.2,32400.0,37.7,1,0
APP00606,Carlos Moore,997-30-1191,carlos.moore626@example.com,104 Hillcrest Way,91664,1980-11-16,metro,96600.0,0.401,2.3,2,1.6,16800.0,36.7,0,1
APP00607,Daniel Moore,945-58-6596,daniel.moore273@example.com,7921 Lakeview Blvd,91058,1994-11-16,metro,58500.0,0.455,16.8,0,1.1,28000.0,22.9,0,1
APP00608,Sofia Lee,914-90-7617,sofia.lee740@example.com,7237 Maple Ave,96106,1977-12-23,rural,73800.0,0.46,6.6,0,5.9,14200.0,74.2,0,1
APP00609,Mateo Martinez,915-85-4078,mateo.martinez307@example.com,1503 Lakeview Blvd,96116,1954-03-26,rural,50400.0,0.233,5.5,0,9.7,28300.0,81.6,0,1
APP00610,Noah Clark,914-16-4068,noah.clark895@example.com,118 Cedar Ln,95932,1958-11-04,rural,44600.0,0.317,6.4,2,13.3,24400.0,81.0,1,0
APP00611,Aisha Singh,961-81-3113,aisha.singh647@example.com,9203 Maple Ave,91099,1972-07-05,metro,67100.0,0.341,11.5,0,0.4,15200.0,39.5,0,1
APP00612,Daniel Ramirez,950-10-8330,daniel.ramirez47@example.com,2429 Lakeview Blvd,91653,1961-11-02,metro,45400.0,0.461,10.6,0,11.7,24800.0,45.1,1,0
APP00613,Fatima Kim,914-37-7499,fatima.kim149@example.com,9878 Elm Dr,91602,1976-10-02,metro,61200.0,0.603,14.9,1,6.2,22700.0,41.5,0,0
APP00614,Grace Lopez,910-16-9402,grace.lopez254@example.com,2779 Cedar Ln,90202,1984-05-21,metro,70800.0,0.142,14.8,0,7.0,18000.0,41.8,0,1
APP00615,Fatima Davis,937-49-1917,fatima.davis34@example.com,283 Hillcrest Way,96043,1973-12-26,rural,38400.0,0.195,2.6,0,4.6,25100.0,72.8,0,1
APP00616,Ravi Kim,979-55-3879,ravi.kim981@example.com,6797 Maple Ave,90545,1983-04-11,metro,65000.0,0.38,7.1,0,7.3,23300.0,38.5,0,1
APP00617,Ravi Ramirez,994-21-5344,ravi.ramirez106@example.com,3628 Oak St,91180,1997-02-27,metro,59300.0,0.158,11.7,1,12.1,20800.0,25.7,0,1
APP00618,Sofia Clark,959-29-1362,sofia.clark639@example.com,5772 Oak St,95912,1983-03-09,rural,132600.0,0.59,9.7,2,1.1,2000.0,62.7,1,0
APP00619,Ravi Patel,959-83-2530,ravi.patel513@example.com,8534 Pine Rd,91047,1955-08-25,metro,78400.0,0.23,9.8,0,8.9,18700.0,29.0,0,1
APP00620,Noah Ali,957-49-2277,noah.ali844@example.com,3336 Elm Dr,96033,1979-07-22,rural,57700.0,0.259,10.0,1,5.7,16800.0,61.4,1,0
APP00621,Priya Martinez,983-13-6317,priya.martinez582@example.com,7424 Maple Ave,95958,1989-12-08,rural,,0.482,4.7,0,9.7,23200.0,78.3,0,0
APP00622,Linh Smith,935-57-3461,linh.smith545@example.com,9016 Oak St,91588,1951-03-22,metro,63500.0,0.292,16.3,0,8.1,26000.0,43.4,0,1
APP00623,Aisha Ali,992-41-3677,aisha.ali593@example.com,2295 Hillcrest Way,96016,1983-03-23,rural,84900.0,0.408,4.6,0,6.6,11600.0,77.6,1,0
APP00624,Grace Moore,980-49-7426,grace.moore567@example.com,1101 Hillcrest Way,96016,1957-11-27,rural,85700.0,0.186,20.8,0,4.2,26800.0,87.0,0,1
APP00625,Grace Johnson,944-50-9098,grace.johnson530@example.com,8749 Maple Ave,91762,1978-08-26,metro,182800.0,0.3,6.0,0,5.9,21800.0,44.5,0,1
APP00626,Maria Hernandez,962-55-6654,maria.hernandez823@example.com,3119 Pine Rd,91060,1981-08-19,metro,157000.0,0.3,18.0,0,5.7,17300.0,38.8,0,1
APP00627,Emma Patel,916-65-5762,emma.patel709@example.com,2020 Lakeview Blvd,91785,1981-03-03,metro,43000.0,0.462,7.3,0,0.7,13400.0,30.6,1,0
APP00628,Chloe Hernandez,955-32-4567,chloe.hernandez338@example.com,1810 Elm Dr,91784,1967-02-13,metro,49100.0,0.429,1.9,1,1.7,32400.0,32.1,1,0
APP00629,Ravi Wilson,987-60-4364,ravi.wilson169@example.com,6174 Oak St,96071,1954-09-29,rural,63000.0,0.324,21.7,0,10.3,22100.0,85.4,0,1
APP00630,Fatima Kim,914-35-3658,fatima.kim193@example.com,2807 Cedar Ln,90487,1957-04-04,metro,89200.0,0.309,27.8,0,,17300.0,14.6,0,1
APP00631,Aisha Johnson,942-86-3317,aisha.johnson6@example.com,3382 Cedar Ln,95986,2000-10-15,rural,63800.0,0.466,13.6,0,6.5,14000.0,72.5,1,0
APP00632,Kevin Taylor,900-48-4820,kevin.taylor577@example.com,256 Pine Rd,91206,1950-02-04,metro,62400.0,0.391,14.5,1,3.9,15500.0,48.0,1,0
APP00633,Carlos Nguyen,922-39-8721,carlos.nguyen500@example.com,2726 Oak St,96185,1974-12-07,rural,43200.0,0.279,10.6,0,8.0,25500.0,83.0,1,0
APP00634,Fatima Ramirez,968-33-8605,fatima.ramirez582@example.com,1846 Maple Ave,90377,1954-12-26,metro,49200.0,0.196,8.6,1,3.3,3300.0,19.8,0,1
APP00635,Fatima Martinez,950-17-6245,fatima.martinez89@example.com,7679 Maple Ave,91727,1996-05-29,metro,89600.0,0.261,11.4,0,,20800.0,39.4,0,1
APP00636,Ravi Taylor,965-93-9079,ravi.taylor950@example.com,1131 Pine Rd,90648,1951-09-20,metro,28700.0,0.298,4.3,2,2.3,15900.0,37.5,1,0
APP00637,Ravi Moore,941-60-2308,ravi.moore185@example.com,6237 Oak St,90722,1969-01-03,metro,82600.0,0.49,12.3,0,3.5,23700.0,51.5,0,1
APP00638,Chloe Patel,926-85-2559,chloe.patel60@example.com,8565 Cedar Ln,91647,1959-07-06,metro,80100.0,0.431,10.5,1,6.3,20100.0,34.7,0,1
APP00639,Maria Clark,968-29-3825,maria.clark245@example.com,2301 Elm Dr,90740,1991-05-25,metro,27600.0,0.288,17.7,0,2.2,19800.0,36.9,0,1
APP00640,Daniel Clark,922-35-1080,daniel.clark280@example.com,5867 Hillcrest Way,96165,1983-01-13,rural,31800.0,0.246,14.7,0,5.2,26900.0,63.1,1,0
APP00641,Maria Ali,934-44-6968,maria.ali105@example.com,4603 Maple Ave,91470,1970-08-26,metro,59400.0,0.405,12.4,0,7.5,24200.0,37.8,0,1
APP00642,Kevin Wilson,977-62-4184,kevin.wilson104@example.com,1296 Cedar Ln,95982,1992-09-29,rural,108100.0,0.057,17.2,1,3.6,10100.0,80.0,0,1
APP00643,Alex Brown,994-49-9821,alex.brown855@example.com,5687 Lakeview Blvd,96006,2001-07-02,rural,59700.0,0.177,11.9,1,4.8,22700.0,70.8,1,0
APP00644,Aisha Davis,962-33-6386,aisha.davis902@example.com,9562 Elm Dr,96065,1960-02-10,rural,113500.0,0.43,16.7,0,6.3,23900.0,75.9,0,1
APP00645,Sofia Lee,956-77-3956,sofia.lee5@example.com,8777 Lakeview Blvd,96151,1964-01-26,rural,74200.0,0.306,22.9,2,8.2,25500.0,65.3,0,1
APP00646,Kevin Garcia,985-35-8459,kevin.garcia340@example.com,8649 Lakeview Blvd,91031,1990-07-17,metro,80000.0,0.198,10.8,2,12.6,8200.0,31.7,0,1
APP00647,Aisha Lee,921-67-5985,aisha.lee811@example.com,1794 Lakeview Blvd,91002,1970-05-09,metro,106000.0,0.378,7.2,1,6.4,17800.0,41.0,0,0
APP00648,Kevin Singh,949-19-7465,kevin.singh978@example.com,9108 Lakeview Blvd,90187,1971-03-07,metro,,0.391,9.2,0,5.4,26900.0,22.4,0,1
APP00649,Fatima Singh,972-73-9272,fatima.singh489@example.com,4936 Pine Rd,96099,1992-10-23,rural,51800.0,0.49,6.6,0,3.6,18900.0,69.6,0,0
APP00650,Ravi Ramirez,909-79-7501,ravi.ramirez125@example.com,7411 Elm Dr,91735,1994-05-15,metro,75000.0,0.229,9.2,1,7.0,36800.0,29.5,0,0
APP00651,Priya Patel,925-73-9547,priya.patel977@example.com,2468 Maple Ave,91437,1997-10-26,metro,46900.0,0.519,6.6,1,9.5,18200.0,26.4,1,0
APP00652,Mateo Clark,988-80-2399,mateo.clark354@example.com,7919 Hillcrest Way,90087,1951-04-23,metro,91900.0,0.32,14.7,1,24.0,17200.0,35.4,0,1
APP00653,Linh Martinez,975-92-3147,linh.martinez509@example.com,8225 Elm Dr,91024,1963-09-08,metro,59200.0,0.303,2.8,0,12.8,19500.0,40.2,0,1
APP00654,Hiro Moore,992-42-3004,hiro.moore895@example.com,4087 Cedar Ln,95956,1962-02-27,rural,35400.0,0.402,1.0,0,1.6,27700.0,67.9,1,0
APP00655,Omar Lopez,929-99-8014,omar.lopez996@example.com,8973 Pine Rd,91955,1986-01-30,metro,42800.0,0.266,10.9,0,5.8,23200.0,23.3,1,0
APP00656,Aisha Clark,983-80-8598,aisha.clark193@example.com,6733 Elm Dr,91027,1962-12-06,metro,67500.0,0.096,6.1,0,7.9,32900.0,30.8,0,1
APP00657,Kevin Garcia,962-36-8862,kevin.garcia937@example.com,8123 Maple Ave,90463,1994-07-18,metro,78400.0,0.225,5.9,0,,24200.0,47.1,0,1
APP00658,Maria Chen,915-50-5084,maria.chen364@example.com,5646 Hillcrest Way,91042,1953-08-21,metro,62000.0,0.348,13.2,0,2.8,34200.0,44.9,0,1
APP00659,Olivia Hernandez,939-67-7066,olivia.hernandez908@example.com,6569 Maple Ave,90949,1987-06-30,metro,57200.0,0.162,6.8,1,1.5,37900.0,48.3,0,1
APP00660,Mateo Ali,986-35-1491,mateo.ali355@example.com,7748 Lakeview Blvd,91538,1950-10-11,metro,88000.0,0.049,4.1,0,3.4,22600.0,21.8,0,1
APP00661,Grace Lee,938-99-1365,grace.lee266@example.com,7697 Pine Rd,91487,1968-09-14,metro,57200.0,0.192,3.2,0,3.2,31500.0,41.5,0,1
APP00662,Kevin Ramirez,939-44-3531,kevin.ramirez324@example.com,869 Elm Dr,90734,1954-10-27,metro,39500.0,0.045,11.2,0,1.8,16300.0,43.0,0,1
APP00663,Sofia Chen,982-90-6012,sofia.chen826@example.com,4303 Oak St,90761,1984-01-17,metro,75500.0,0.102,13.6,1,4.3,13800.0,39.0,0,1
APP00664,Carlos Brown,918-40-5046,carlos.brown733@example.com,2958 Maple Ave,91815,1979-03-11,metro,51000.0,0.351,2.9,0,4.0,12000.0,24.4,1,0
APP00665,Omar Patel,943-87-8554,omar.patel564@example.com,8177 Maple Ave,91691,1987-04-15,metro,99600.0,0.318,21.1,1,4.2,24400.0,36.4,0,1
APP00666,Priya Kim,992-38-4294,priya.kim63@example.com,3065 Pine Rd,96195,1952-06-26,rural,74300.0,0.467,5.5,1,1.8,19200.0,84.6,1,0
APP00667,James Ali,934-53-9972,james.ali643@example.com,7278 Lakeview Blvd,90734,1963-06-08,metro,47200.0,0.299,15.2,1,7.4,11200.0,34.9,0,1
APP00668,Mateo Lopez,917-80-7539,mateo.lopez356@example.com,2533 Pine Rd,91631,1991-01-16,metro,66300.0,0.464,28.0,3,4.0,21300.0,36.1,1,0
APP00669,Noah Wilson,979-66-7771,noah.wilson746@example.com,2965 Pine Rd,91459,1962-12-11,metro,117600.0,0.284,9.5,0,2.4,21200.0,33.4,0,1
APP00670,Noah Lee,945-12-1756,noah.lee871@example.com,1413 Cedar Ln,95960,1981-10-24,rural,54000.0,0.384,14.2,0,8.0,35300.0,65.9,1,0
APP00671,Hiro Wilson,955-55-8251,hiro.wilson289@example.com,7354 Elm Dr,90081,1992-11-23,metro,76500.0,0.36,5.4,0,11.6,18100.0,35.2,0,1
APP00672,Omar Lopez,963-18-3780,omar.lopez801@example.com,5423 Oak St,91932,1986-09-26,metro,71500.0,0.225,7.5,3,5.5,16100.0,41.6,1,0
APP00673,Alex Smith,963-37-6221,alex.smith459@example.com,5186 Oak St,90012,1950-08-17,metro,70900.0,0.481,9.9,1,4.4,2000.0,29.8,0,1
APP00674,Kevin Taylor,987-87-8892,kevin.taylor8@example.com,8110 Oak St,95957,1986-05-27,rural,40500.0,0.106,30.8,0,7.4,27400.0,78.8,1,0
APP00675,Alex Singh,926-32-9791,alex.singh113@example.com,9840 Maple Ave,91318,1966-06-10,metro,23300.0,0.329,6.3,1,5.1,34300.0,13.1,1,0
APP00676,James Singh,927-25-4164,james.singh820@example.com,5656 Pine Rd,91579,1987-11-02,metro,36500.0,0.477,4.0,0,13.5,29700.0,21.8,1,0
APP00677,Maria Patel,904-24-9535,maria.patel725@example.com,6963 Pine Rd,95970,1957-06-21,rural,50300.0,0.303,11.9,0,7.4,26700.0,74.9,0,1
APP00678,Aisha Chen,912-85-4840,aisha.chen615@example.com,773 Elm Dr,91123,1983-04-09,metro,50400.0,0.397,12.3,1,1.0,18600.0,40.6,0,1
APP00679,James Taylor,957-48-8556,james.taylor161@example.com,7635 Oak St,91365,1953-06-10,metro,73600.0,0.487,5.5,1,2.0,7300.0,33.2,1,0
APP00680,Chloe Clark,936-31-5201,chloe.clark338@example.com,6979 Elm Dr,90256,1991-06-20,metro,122100.0,0.461,10.4,1,1.9,31300.0,31.7,0,1
APP00681,Olivia Hernandez,920-78-8636,olivia.hernandez869@example.com,6914 Maple Ave,90194,1963-10-24,metro,48900.0,0.277,15.0,1,10.0,22500.0,41.1,0,0
APP00682,Sofia Garcia,954-44-5935,sofia.garcia664@example.com,7687 Oak St,90076,1985-11-28,metro,38700.0,0.405,2.9,0,4.3,17300.0,50.7,1,0
APP00683,Ravi Garcia,917-97-5568,ravi.garcia507@example.com,171 Maple Ave,95923,1992-10-30,rural,51600.0,0.384,13.9,0,10.6,32100.0,79.1,1,0
APP00684,Linh Clark,956-79-8596,linh.clark462@example.com,8945 Oak St,90956,1971-05-13,metro,56100.0,0.5,11.3,0,8.1,5400.0,31.2,1,0
APP00685,Hiro Taylor,961-31-1224,hiro.taylor741@example.com,2248 Elm Dr,91697,1995-12-03,metro,98000.0,0.417,14.8,1,9.5,20400.0,30.0,0,1
APP00686,Omar Johnson,988-56-8238,omar.johnson568@example.com,9452 Pine Rd,90928,1997-06-20,metro,56900.0,0.494,7.4,0,11.3,14200.0,41.1,1,0
APP00687,Priya Hernandez,966-63-3532,priya.hernandez212@example.com,7614 Oak St,96062,1974-06-12,rural,65700.0,0.449,5.8,0,15.3,28600.0,80.5,1,0
APP00688,Linh Brown,944-58-7150,linh.brown383@example.com,2748 Elm Dr,96176,1965-11-27,rural,32400.0,0.379,4.4,1,4.8,26900.0,70.8,1,0
APP00689,Daniel Brown,919-66-6169,daniel.brown10@example.com,3811 Oak St,96109,1992-06-17,rural,59800.0,0.334,6.9,0,2.6,23800.0,77.3,1,0
APP00690,James Nguyen,938-91-4342,james.nguyen996@example.com,2318 Oak St,91826,1976-06-08,metro,,0.341,1.6,1,,26100.0,33.7,1,0
APP00691,Fatima Hernandez,988-93-9706,fatima.hernandez13@example.com,3106 Elm Dr,91404,1958-08-03,metro,75900.0,0.226,2.8,0,13.7,11900.0,27.7,0,1
APP00692,Olivia Lopez,926-60-5219,olivia.lopez313@example.com,9239 Maple Ave,96032,2000-12-23,rural,45700.0,0.035,5.6,0,7.2,9800.0,67.3,0,1
APP00693,Hiro Lopez,960-41-6228,hiro.lopez635@example.com,1577 Lakeview Blvd,90604,1965-01-17,metro,28700.0,0.468,2.8,1,1.9,26000.0,44.9,1,0
APP00694,Chloe Johnson,911-97-1695,chloe.johnson896@example.com,8297 Oak St,91958,1981-11-17,metro,29500.0,0.298,5.4,0,10.6,32400.0,42.5,1,0
APP00695,Olivia Brown,982-17-3645,olivia.brown703@example.com,3901 Lakeview Blvd,91910,1954-08-17,metro,48700.0,0.365,4.5,0,12.7,25400.0,32.7,0,1
APP00696,Mateo Lopez,975-35-3801,mateo.lopez287@example.com,4796 Maple Ave,90516,1950-06-27,metro,60000.0,0.366,4.7,0,4.9,19500.0,43.3,1,0
APP00697,Grace Ramirez,995-31-1419,grace.ramirez323@example.com,1681 Oak St,90522,1984-09-09,metro,47600.0,0.474,5.6,0,8.0,27000.0,27.3,1,0
APP00698,Mateo Chen,999-10-3108,mateo.chen158@example.com,5694 Oak St,90575,1971-07-18,metro,57400.0,0.283,7.2,0,7.0,17500.0,34.3,0,1
APP00699,Aisha Smith,932-24-1895,aisha.smith685@example.com,8602 Pine Rd,90611,1979-07-13,metro,77200.0,0.53,15.6,1,4.2,27400.0,52.4,1,0
APP00700,Daniel Lopez,994-74-3571,daniel.lopez111@example.com,2402 Hillcrest Way,96032,1974-02-05,rural,45900.0,0.534,5.0,1,6.4,22000.0,65.2,0,0
APP00701,Omar Lee,954-17-4939,omar.lee679@example.com,9832 Oak St,95999,1995-01-05,rural,62900.0,0.424,3.4,1,7.5,23200.0,73.4,0,1
APP00702,Mateo Ramirez,930-35-5141,mateo.ramirez688@example.com,4866 Oak St,90990,1955-11-19,metro,176600.0,0.489,7.1,0,3.9,18400.0,26.9,0,1
APP00703,Carlos Hernandez,903-53-9662,carlos.hernandez54@example.com,1511 Maple Ave,95963,1966-12-24,rural,69200.0,0.069,11.8,0,5.8,14000.0,66.7,0,1
APP00704,Maria Ramirez,994-26-3333,maria.ramirez409@example.com,5490 Pine Rd,96085,1982-06-06,rural,31500.0,0.414,20.0,0,6.5,17300.0,65.8,0,0
APP00705,Alex Smith,983-36-1150,alex.smith154@example.com,8118 Maple Ave,90604,1994-11-09,metro,97000.0,0.262,3.9,1,11.3,26900.0,46.8,0,1
APP00706,Omar Moore,968-11-4445,omar.moore654@example.com,724 Elm Dr,96025,1958-05-26,rural,48500.0,0.265,8.6,1,15.0,5900.0,74.6,0,0
APP00707,Emma Kim,998-11-6941,emma.kim372@example.com,4725 Pine Rd,90962,1952-01-24,metro,59500.0,0.421,9.4,2,9.7,21700.0,23.0,1,0
APP00708,Mateo Garcia,929-22-7598,mateo.garcia151@example.com,865 Maple Ave,96031,1981-06-02,rural,31500.0,0.445,10.4,0,14.2,40000.0,66.5,1,0
APP00709,Omar Nguyen,942-60-3823,omar.nguyen761@example.com,8651 Maple Ave,90378,2001-06-03,metro,62300.0,0.129,7.8,0,0.5,9100.0,38.4,0,1
APP00710,Kevin Garcia,967-34-1676,kevin.garcia128@example.com,9976 Lakeview Blvd,91944,1950-05-16,metro,46700.0,0.214,8.9,3,3.5,25100.0,28.1,1,0
APP00711,Sofia Lopez,913-75-1183,sofia.lopez645@example.com,9198 Oak St,90496,1959-04-20,metro,81500.0,0.408,1.9,0,7.6,27900.0,27.5,0,1
APP00712,Sofia Johnson,988-92-3700,sofia.johnson79@example.com,5853 Elm Dr,91607,1954-04-02,metro,50000.0,0.257,14.3,0,2.6,4100.0,48.8,0,1
APP00713,Aisha Patel,996-13-9258,aisha.patel643@example.com,4861 Maple Ave,95956,1967-07-03,rural,41900.0,0.202,2.3,0,7.0,20300.0,76.1,0,1
APP00714,Kevin Patel,988-32-4278,kevin.patel677@example.com,3624 Pine Rd,95979,1972-03-11,rural,99200.0,0.31,15.9,2,3.1,11500.0,91.0,0,1
APP00715,Olivia Smith,919-75-9633,olivia.smith870@example.com,6479 Oak St,90911,1982-05-22,metro,75000.0,0.3,9.5,1,3.1,25000.0,35.2,1,0
APP00716,Noah Garcia,932-55-4714,noah.garcia383@example.com,3616 Cedar Ln,91316,1959-05-27,metro,57500.0,0.692,11.3,1,19.1,19300.0,34.0,1,0
APP00717,Priya Ali,915-20-8727,priya.ali430@example.com,1791 Lakeview Blvd,96050,1958-02-28,rural,75300.0,0.523,10.8,1,6.8,20100.0,89.8,1,0
APP00718,Emma Lopez,944-47-7628,emma.lopez10@example.com,6604 Elm Dr,96041,1984-09-02,rural,70400.0,0.375,9.7,0,,16500.0,77.8,0,1
APP00719,Olivia Singh,926-18-2151,olivia.singh673@example.com,8966 Maple Ave,91059,1982-12-09,metro,28800.0,0.394,5.1,0,,27900.0,30.5,1,0
APP00720,Omar Moore,996-68-2381,omar.moore407@example.com,5073 Lakeview Blvd,91937,1995-02-16,metro,54800.0,0.406,9.7,1,4.8,21500.0,35.2,1,0
APP00721,Omar Garcia,904-72-1622,omar.garcia407@example.com,7698 Pine Rd,90421,1960-11-21,metro,48500.0,0.419,23.0,0,2.2,26000.0,36.4,1,0
APP00722,Kevin Kim,951-85-6040,kevin.kim343@example.com,3695 Lakeview Blvd,96172,1984-05-27,rural,55400.0,0.23,8.3,0,2.5,23400.0,76.4,1,0
APP00723,Maria Smith,918-13-3926,maria.smith727@example.com,5969 Maple Ave,91836,1969-12-28,metro,64800.0,0.366,5.0,0,0.6,28200.0,42.2,1,0
APP00724,Priya Moore,964-24-3670,priya.moore736@example.com,7950 Hillcrest Way,91426,1976-05-08,metro,44900.0,0.354,12.2,0,20.8,5700.0,41.9,1,0
APP00725,Hiro Singh,949-16-5725,hiro.singh713@example.com,2095 Oak St,95941,1962-09-01,rural,62100.0,0.542,6.0,0,2.8,25800.0,70.9,1,0
APP00726,Linh Clark,945-65-9826,linh.clark837@example.com,4043 Oak St,90652,1971-05-22,metro,77400.0,0.456,22.7,1,15.9,17100.0,34.9,0,1
APP00727,Priya Smith,916-38-8033,priya.smith270@example.com,8920 Elm Dr,96166,1958-10-03,rural,127200.0,0.362,10.5,0,8.8,22400.0,84.1,0,1
APP00728,Daniel Kim,974-21-6041,daniel.kim574@example.com,7551 Hillcrest Way,96065,1975-09-06,rural,56000.0,0.343,7.8,0,9.1,19900.0,76.6,1,0
APP00729,Omar Nguyen,975-34-7117,omar.nguyen942@example.com,461 Cedar Ln,90361,1965-05-13,metro,71300.0,0.412,11.3,0,10.3,25200.0,40.1,0,1
APP00730,Maria Hernandez,900-33-6711,maria.hernandez233@example.com,3804 Cedar Ln,96015,1966-08-20,rural,79200.0,0.428,10.3,1,6.1,18100.0,80.6,1,0
APP00731,Mateo Clark,939-58-5514,mateo.clark123@example.com,5009 Pine Rd,95910,1971-04-15,rural,98700.0,0.37,18.0,0,5.5,31900.0,74.4,0,0
APP00732,Omar Kim,974-65-4288,omar.kim130@example.com,3092 Hillcrest Way,90141,1978-09-22,metro,89000.0,0.276,8.3,0,1.0,27500.0,38.5,1,0
APP00733,Mateo Johnson,987-78-9562,mateo.johnson95@example.com,8617 Elm Dr,90500,1994-12-25,metro,64400.0,0.277,3.9,0,,11300.0,25.6,0,1
APP00734,Emma Singh,968-13-9417,emma.singh866@example.com,1470 Hillcrest Way,91567,1964-10-16,metro,78600.0,0.235,5.8,0,7.2,32000.0,41.7,0,1
APP00735,Priya Clark,907-38-4742,priya.clark101@example.com,5117 Cedar Ln,91622,1981-12-27,metro,48200.0,0.466,6.4,0,7.5,33600.0,28.9,0,1
APP00736,Alex Nguyen,953-66-1730,alex.nguyen112@example.com,1344 Cedar Ln,91665,1950-10-06,metro,45700.0,0.482,7.2,0,2.1,14700.0,28.5,1,0
APP00737,Grace Garcia,983-57-9352,grace.garcia497@example.com,8703 Cedar Ln,91509,1957-04-15,metro,71300.0,0.386,7.3,0,6.1,20400.0,50.9,1,0
APP00738,Linh Nguyen,965-42-5246,linh.nguyen240@example.com,1397 Hillcrest Way,96042,1978-01-01,rural,31700.0,0.47,7.8,0,3.4,24000.0,64.7,1,0
APP00739,Grace Wilson,980-41-4289,grace.wilson708@example.com,864 Cedar Ln,90262,1960-04-28,metro,86000.0,0.143,3.2,0,4.4,14100.0,22.5,0,1
APP00740,Noah Patel,922-78-3777,noah.patel436@example.com,3225 Hillcrest Way,91004,1950-11-21,metro,57000.0,0.355,2.3,0,10.7,17100.0,28.2,0,0
APP00741,Aisha Wilson,928-95-6896,aisha.wilson430@example.com,7324 Maple Ave,91651,1977-12-01,metro,52400.0,0.441,12.0,0,5.2,11900.0,34.6,1,0
APP00742,Omar Moore,995-73-2968,omar.moore985@example.com,7879 Cedar Ln,96046,1996-04-25,rural,95700.0,0.397,3.2,1,4.2,32600.0,76.4,0,1
APP00743,Sofia Singh,944-96-9021,sofia.singh786@example.com,6876 Cedar Ln,90996,1987-04-23,metro,79500.0,0.305,25.5,0,6.1,25100.0,37.6,0,1
APP00744,Omar Nguyen,911-79-3266,omar.nguyen67@example.com,360 Oak St,95947,1962-05-23,rural,55100.0,0.29,10.7,1,6.1,9200.0,71.1,1,0
APP00745,Grace Ramirez,967-94-6983,grace.ramirez860@example.com,5453 Hillcrest Way,90740,1976-03-11,metro,57200.0,0.289,15.4,0,6.4,28100.0,37.5,0,1
APP00746,Hiro Johnson,982-32-8006,hiro.johnson531@example.com,8021 Oak St,91602,1987-08-09,metro,65100.0,0.329,9.6,1,6.9,16300.0,58.1,1,0
APP00747,Priya Patel,982-55-8604,priya.patel355@example.com,251 Cedar Ln,95907,2000-01-14,rural,80800.0,0.302,8.5,0,6.2,25000.0,70.3,0,1
APP00748,Linh Nguyen,925-84-1934,linh.nguyen569@example.com,4785 Elm Dr,91659,1983-09-22,metro,84200.0,0.22,8.8,0,13.4,11400.0,40.4,0,1
APP00749,Olivia Patel,979-14-2677,olivia.patel257@example.com,4434 Oak St,95967,1979-01-31,rural,72800.0,0.371,8.7,0,8.9,15700.0,78.5,1,0
APP00750,Mateo Smith,961-86-2382,mateo.smith503@example.com,4023 Oak St,96031,1985-09-13,rural,78500.0,0.423,11.5,1,13.4,11300.0,75.1,1,0
APP00751,Aisha Singh,949-98-8979,aisha.singh820@example.com,5829 Lakeview Blvd,96178,1957-09-08,rural,87700.0,0.212,3.3,0,3.4,29000.0,65.9,0,1
APP00752,Kevin Singh,974-54-9670,kevin.singh289@example.com,9076 Pine Rd,91982,1961-01-30,metro,76800.0,0.452,25.7,1,9.5,10500.0,45.2,0,1
APP00753,Olivia Johnson,940-19-5137,olivia.johnson930@example.com,560 Lakeview Blvd,96113,1993-05-07,rural,47000.0,0.326,14.1,0,9.7,31800.0,72.5,1,0
APP00754,James Chen,905-81-9137,james.chen892@example.com,3669 Hillcrest Way,96055,1989-07-31,rural,34800.0,0.429,4.7,0,8.5,25400.0,71.8,1,0
APP00755,Alex Wilson,945-17-4655,alex.wilson952@example.com,9697 Pine Rd,91499,1992-03-24,metro,75500.0,0.437,14.6,0,6.5,10900.0,43.5,0,1
APP00756,Linh Wilson,989-42-6095,linh.wilson787@example.com,2055 Lakeview Blvd,91357,1990-08-07,metro,98600.0,0.258,7.5,0,4.0,21300.0,41.1,0,1
APP00757,Omar Patel,989-36-8281,omar.patel328@example.com,1921 Lakeview Blvd,91318,1985-12-31,metro,86600.0,0.445,9.2,1,0.4,23500.0,48.1,1,0
APP00758,Alex Martinez,983-79-9936,alex.martinez843@example.com,2333 Oak St,91376,1960-11-26,metro,95100.0,0.659,1.7,0,9.5,28000.0,38.7,0,0
APP00759,Noah Lopez,973-14-3003,noah.lopez64@example.com,3608 Elm Dr,90188,1988-03-19,metro,62100.0,0.372,8.3,0,8.4,19400.0,40.3,1,0
APP00760,James Ali,925-27-2715,james.ali275@example.com,2797 Maple Ave,91748,1992-12-13,metro,33600.0,0.386,5.5,0,6.9,19600.0,28.4,1,0
APP00761,Grace Johnson,932-21-4442,grace.johnson665@example.com,5762 Maple Ave,95945,1952-07-06,rural,90200.0,0.557,10.2,2,7.2,19700.0,79.3,1,0
APP00762,Hiro Kim,955-14-1138,hiro.kim853@example.com,1333 Oak St,91559,1967-03-19,metro,43200.0,0.358,6.4,2,5.0,14800.0,24.7,1,0
APP00763,Alex Nguyen,949-58-6391,alex.nguyen344@example.com,1938 Oak St,96048,1988-01-29,rural,,0.189,4.9,1,3.4,18300.0,60.4,1,0
APP00764,Kevin Lee,935-66-5264,kevin.lee10@example.com,4747 Maple Ave,90839,1987-10-14,metro,68700.0,0.45,13.8,0,6.7,31800.0,30.8,1,0
APP00765,Carlos Taylor,977-19-4566,carlos.taylor869@example.com,4235 Pine Rd,91006,1971-08-25,metro,73200.0,0.395,5.7,0,9.5,21000.0,52.6,1,0
APP00766,Priya Singh,935-88-6825,priya.singh704@example.com,2333 Lakeview Blvd,90636,1993-08-15,metro,45800.0,0.441,4.2,0,6.1,26900.0,34.9,0,1
APP00767,Mateo Patel,950-71-5046,mateo.patel724@example.com,8811 Elm Dr,91922,1960-06-20,metro,56300.0,0.495,3.4,0,8.5,6800.0,55.0,1,0
APP00768,Mateo Wilson,948-55-6988,mateo.wilson327@example.com,8576 Elm Dr,90937,1995-06-19,metro,20800.0,0.322,13.6,0,6.0,8900.0,32.1,0,1
APP00769,Olivia Ali,992-23-2940,olivia.ali440@example.com,754 Lakeview Blvd,95917,1983-08-04,rural,31900.0,0.239,9.9,0,12.7,23600.0,79.5,1,0
APP00770,Aisha Wilson,940-86-9183,aisha.wilson817@example.com,934 Hillcrest Way,90776,1980-11-27,metro,51500.0,0.252,10.7,0,6.0,16100.0,45.7,0,1
APP00771,Sofia Patel,900-49-8280,sofia.patel822@example.com,3601 Maple Ave,96089,1972-03-16,rural,51100.0,0.266,7.3,1,7.5,20900.0,75.2,0,1
APP00772,Grace Clark,968-21-8710,grace.clark351@example.com,2020 Hillcrest Way,95936,1954-02-16,rural,51100.0,0.487,7.7,0,6.6,17000.0,81.1,1,0
APP00773,Linh Davis,950-99-7165,linh.davis189@example.com,8008 Oak St,91897,1994-01-06,metro,20000.0,0.501,1.8,0,12.3,6600.0,35.8,1,0
APP00774,Noah Wilson,964-61-1270,noah.wilson838@example.com,9828 Maple Ave,96194,1952-07-25,rural,40800.0,0.226,11.5,0,1.8,23300.0,57.0,0,1
APP00775,Hiro Clark,974-64-6068,hiro.clark527@example.com,2885 Elm Dr,91564,1962-04-10,metro,,0.635,1.9,0,7.7,21800.0,27.7,1,0
APP00776,Maria Lopez,911-65-1005,maria.lopez503@example.com,7440 Elm Dr,91479,1955-08-23,metro,57700.0,0.357,11.1,0,,12700.0,33.4,1,1
APP00777,Chloe Ramirez,951-30-2212,chloe.ramirez585@example.com,4179 Cedar Ln,91772,1996-08-13,metro,105900.0,0.56,20.7,1,16.4,17700.0,34.8,0,1
APP00778,Chloe Martinez,921-35-8420,chloe.martinez64@example.com,5073 Pine Rd,91552,1988-08-19,metro,78200.0,0.282,8.4,0,,38800.0,21.1,1,1
APP00779,Fatima Singh,967-27-6165,fatima.singh422@example.com,9175 Hillcrest Way,95981,1951-03-24,rural,63300.0,0.334,7.2,3,0.8,21100.0,73.6,1,0
APP00780,Linh Singh,987-72-3597,linh.singh253@example.com,4395 Elm Dr,91570,2000-02-29,metro,53200.0,0.264,16.9,0,4.3,14300.0,31.2,0,1
APP00781,James Lopez,995-88-7548,james.lopez525@example.com,4188 Maple Ave,90096,1980-04-23,metro,98400.0,0.323,18.6,1,4.8,25900.0,35.9,0,1
APP00782,Carlos Hernandez,902-25-9205,carlos.hernandez288@example.com,4089 Oak St,90269,1992-09-24,metro,40400.0,0.371,7.8,0,6.3,19300.0,33.5,0,1
APP00783,Emma Kim,936-89-1049,emma.kim380@example.com,950 Hillcrest Way,90509,1961-08-14,metro,58700.0,0.248,12.0,0,4.4,13800.0,39.3,0,1
APP00784,Linh Clark,918-88-8124,linh.clark658@example.com,378 Oak St,90699,1963-09-09,metro,68600.0,0.422,9.0,0,10.0,10400.0,34.4,1,0
APP00785,Omar Patel,940-51-3089,omar.patel762@example.com,713 Pine Rd,96127,1967-08-23,rural,51500.0,0.465,8.7,1,2.6,18600.0,78.2,1,0
APP00786,Emma Taylor,935-35-2378,emma.taylor64@example.com,9249 Cedar Ln,96167,1966-01-17,rural,23000.0,0.545,3.8,0,29.0,18600.0,83.4,1,0
APP00787,Sofia Hernandez,921-99-7514,sofia.hernandez583@example.com,5190 Elm Dr,90455,1978-12-28,metro,65200.0,0.309,5.9,0,8.1,23000.0,33.4,0,1
APP00788,Noah Taylor,950-27-3640,noah.taylor230@example.com,8283 Pine Rd,91539,1985-08-18,metro,74600.0,0.278,9.9,0,7.1,13200.0,17.8,0,1
APP00789,Fatima Smith,949-99-6697,fatima.smith481@example.com,8016 Cedar Ln,96181,1952-06-17,rural,59300.0,0.251,5.8,1,3.8,32300.0,77.1,1,0
APP00790,Grace Moore,967-38-9574,grace.moore694@example.com,7243 Elm Dr,95910,1959-06-01,rural,44300.0,0.27,10.3,1,2.6,11300.0,57.6,1,0
APP00791,Omar Singh,991-56-5554,omar.singh963@example.com,5935 Cedar Ln,96127,1983-08-21,rural,,0.547,10.7,0,7.4,22900.0,65.4,1,0
APP00792,Daniel Kim,988-52-9659,daniel.kim986@example.com,7618 Lakeview Blvd,95975,1999-05-16,rural,33300.0,0.421,2.6,1,2.1,20000.0,75.2,1,0
APP00793,James Taylor,937-97-8078,james.taylor565@example.com,5170 Maple Ave,91065,1968-01-21,metro,65200.0,0.478,9.7,0,1.1,19800.0,27.4,0,1
APP00794,Carlos Taylor,970-94-6698,carlos.taylor407@example.com,833 Lakeview Blvd,90547,1986-05-10,metro,60600.0,0.397,20.8,1,3.5,14100.0,45.7,0,1
APP00795,Linh Ali,956-84-7841,linh.ali550@example.com,6427 Maple Ave,91434,2000-09-25,metro,43400.0,0.389,27.2,0,11.2,16300.0,34.6,0,1
APP00796,Kevin Garcia,967-13-3562,kevin.garcia816@example.com,4408 Hillcrest Way,91698,1988-08-30,metro,,0.34,7.7,0,9.2,32100.0,42.1,1,0
APP00797,Olivia Hernandez,979-98-1961,olivia.hernandez381@example.com,2801 Oak St,91621,1993-12-20,metro,70800.0,0.264,8.3,1,6.5,6000.0,51.4,0,1
APP00798,Maria Moore,928-32-5578,maria.moore845@example.com,5087 Pine Rd,95963,1966-07-12,rural,52100.0,0.421,1.7,0,11.8,27700.0,68.1,1,0
APP00799,Grace Johnson,914-93-2577,grace.johnson850@example.com,3295 Lakeview Blvd,90669,1996-11-07,metro,42600.0,0.242,10.8,0,3.2,21000.0,30.1,0,1
APP00800,Ravi Martinez,952-11-6344,ravi.martinez46@example.com,8008 Oak St,91242,1995-05-25,metro,30800.0,0.348,11.6,0,3.7,23100.0,25.7,1,0
APP00801,Carlos Singh,987-66-5097,carlos.singh174@example.com,3053 Maple Ave,90840,1979-10-18,metro,103400.0,0.177,1.4,0,8.7,29000.0,24.0,0,1
APP00802,Hiro Martinez,946-55-3907,hiro.martinez142@example.com,4492 Cedar Ln,96186,1984-09-15,rural,83500.0,0.331,4.2,1,22.3,13200.0,72.8,1,0
APP00803,Linh Johnson,959-72-6906,linh.johnson332@example.com,7330 Cedar Ln,91018,1995-09-09,metro,59900.0,0.43,1.6,1,8.5,19800.0,22.7,1,0
APP00804,Alex Taylor,915-42-7043,alex.taylor711@example.com,7507 Lakeview Blvd,91677,1986-03-04,metro,72200.0,0.337,7.6,0,14.3,32100.0,24.4,1,0
APP00805,Fatima Davis,988-19-2660,fatima.davis891@example.com,3913 Pine Rd,91663,1995-02-25,metro,51800.0,0.489,10.9,1,1.4,20800.0,37.5,0,1
APP00806,Fatima Smith,951-37-8966,fatima.smith649@example.com,6704 Pine Rd,90275,1978-10-09,metro,,0.396,8.1,2,7.9,28200.0,26.3,1,0
APP00807,Maria Nguyen,996-34-6078,maria.nguyen628@example.com,5797 Oak St,90200,1978-04-07,metro,68800.0,0.287,2.0,0,17.1,24100.0,18.9,0,1
APP00808,Emma Kim,974-10-1138,emma.kim649@example.com,4379 Oak St,90088,1996-11-05,metro,66400.0,0.498,2.3,1,5.6,28700.0,26.7,1,0
APP00809,Carlos Johnson,939-17-5267,carlos.johnson849@example.com,9205 Maple Ave,91740,1951-12-09,metro,94800.0,0.528,12.3,1,6.6,8600.0,37.8,1,0
APP00810,Omar Martinez,964-86-5166,omar.martinez229@example.com,4090 Oak St,90777,1981-10-02,metro,46900.0,0.292,3.0,0,4.7,21000.0,30.8,0,1
APP00811,Aisha Patel,926-47-7973,aisha.patel304@example.com,6293 Pine Rd,95958,1972-08-20,rural,45900.0,0.108,9.2,0,12.4,11300.0,53.3,0,1
APP00812,Chloe Johnson,929-52-6063,chloe.johnson558@example.com,3576 Lakeview Blvd,91529,1996-09-03,metro,52100.0,0.359,5.6,0,4.4,20000.0,36.3,0,0
APP00813,Mateo Ramirez,960-83-6462,mateo.ramirez405@example.com,8375 Pine Rd,91229,1988-06-20,metro,44500.0,0.367,11.2,0,8.2,17100.0,40.3,1,0
APP00814,Maria Wilson,993-17-8751,maria.wilson650@example.com,3930 Elm Dr,91029,1987-05-29,metro,119700.0,0.124,12.0,1,4.3,28000.0,39.8,0,1
APP00815,Daniel Martinez,972-14-1086,daniel.martinez431@example.com,9360 Cedar Ln,91528,1991-12-16,metro,79600.0,0.382,9.3,0,3.6,23300.0,43.7,1,0
APP00816,Alex Smith,907-79-4563,alex.smith194@example.com,1534 Elm Dr,91756,1989-08-23,metro,72400.0,0.534,10.4,0,8.1,37800.0,35.0,1,0
APP00817,Ravi Wilson,910-96-4161,ravi.wilson398@example.com,5765 Maple Ave,91873,1986-01-25,metro,61800.0,0.475,19.0,1,8.7,19800.0,46.7,1,0
APP00818,Grace Ali,946-67-6235,grace.ali827@example.com,6438 Oak St,96171,1998-08-31,rural,31500.0,0.509,9.4,0,7.4,20200.0,68.8,1,0
APP00819,Maria Singh,976-24-3970,maria.singh593@example.com,6833 Lakeview Blvd,95999,1995-06-15,rural,90000.0,0.355,7.1,0,8.8,27500.0,61.3,0,1
APP00820,Hiro Taylor,971-44-4168,hiro.taylor430@example.com,6932 Pine Rd,90431,1955-01-07,metro,49600.0,0.517,4.4,0,13.6,33100.0,39.9,1,0
APP00821,Linh Smith,955-35-2391,linh.smith282@example.com,5330 Maple Ave,91857,1976-09-27,metro,90200.0,0.226,6.5,0,10.1,17200.0,29.1,0,1
APP00822,Kevin Ali,969-66-3862,kevin.ali586@example.com,3050 Elm Dr,96187,1958-12-25,rural,79800.0,0.457,6.1,0,5.6,14800.0,63.1,1,0
APP00823,Olivia Lee,922-97-8786,olivia.lee239@example.com,7006 Lakeview Blvd,91385,1972-11-16,metro,66200.0,0.709,3.5,0,4.4,20200.0,38.6,1,0
APP00824,Linh Nguyen,906-39-3365,linh.nguyen591@example.com,2197 Lakeview Blvd,90100,1966-10-29,metro,45400.0,0.425,3.6,0,7.9,10500.0,49.8,0,1
APP00825,Daniel Moore,924-68-1663,daniel.moore22@example.com,9648 Cedar Ln,90262,1969-10-07,metro,40600.0,0.187,6.3,0,10.6,33300.0,34.6,0,1
APP00826,Chloe Hernandez,912-67-1488,chloe.hernandez594@example.com,9528 Elm Dr,91731,1954-04-09,metro,88400.0,0.448,20.9,2,2.6,10800.0,25.5,1,0
APP00827,Olivia Singh,995-19-3087,olivia.singh247@example.com,4124 Lakeview Blvd,90621,1972-11-27,metro,100000.0,0.269,6.1,0,15.0,35900.0,32.8,0,1
APP00828,Emma Lee,930-31-6233,emma.lee792@example.com,8553 Pine Rd,91586,1986-09-09,metro,40900.0,0.313,3.7,0,15.1,21800.0,28.4,0,1
APP00829,James Ali,906-35-6393,james.ali696@example.com,3442 Elm Dr,96046,1961-12-29,rural,38700.0,0.253,2.7,0,18.3,16700.0,65.5,0,1
APP00830,Alex Ramirez,992-58-4030,alex.ramirez539@example.com,4801 Pine Rd,91282,1987-09-16,metro,59000.0,0.32,3.1,0,0.9,21900.0,42.6,0,0
APP00831,Mateo Patel,990-39-4627,mateo.patel746@example.com,7180 Pine Rd,90889,1966-04-01,metro,47700.0,0.382,4.8,1,3.9,16500.0,31.4,1,0
APP00832,Kevin Lopez,925-29-4205,kevin.lopez496@example.com,5549 Elm Dr,90294,1956-12-06,metro,50500.0,0.413,4.9,2,3.6,32200.0,39.6,1,0
APP00833,Maria Ramirez,980-32-2782,maria.ramirez426@example.com,3572 Pine Rd,90252,1958-10-22,metro,70500.0,0.299,4.8,1,9.5,31600.0,37.2,0,1
APP00834,Maria Hernandez,917-69-9986,maria.hernandez641@example.com,4349 Lakeview Blvd,90213,1989-02-05,metro,36000.0,0.433,13.2,1,10.8,15000.0,31.7,1,0
APP00835,Aisha Garcia,963-91-8670,aisha.garcia924@example.com,5116 Oak St,90290,1977-05-20,metro,44400.0,0.29,11.9,0,4.9,21200.0,25.9,1,0
APP00836,Hiro Chen,933-99-8678,hiro.chen392@example.com,937 Oak St,96033,1953-05-09,rural,39900.0,0.054,5.6,0,13.0,24400.0,54.0,0,1
APP00837,Ravi Chen,908-46-2506,ravi.chen710@example.com,5109 Pine Rd,91004,1973-04-19,metro,62800.0,0.568,10.1,0,0.7,18100.0,30.1,0,1
APP00838,Omar Moore,960-79-8046,omar.moore434@example.com,8901 Cedar Ln,96062,1973-10-21,rural,64600.0,0.279,6.4,1,4.7,12200.0,60.7,0,1
APP00839,Hiro Hernandez,981-98-4262,hiro.hernandez918@example.com,3922 Hillcrest Way,90792,1967-06-22,metro,40800.0,0.693,5.9,0,,25700.0,42.3,1,0
APP00840,Grace Hernandez,961-26-9834,grace.hernandez819@example.com,3247 Hillcrest Way,90353,1953-06-29,metro,82400.0,0.242,4.7,1,14.3,9000.0,16.7,0,1
APP00841,Aisha Nguyen,967-67-9742,aisha.nguyen252@example.com,5125 Cedar Ln,90220,1975-12-11,metro,73000.0,0.383,2.4,2,2.3,18600.0,37.0,0,0
APP00842,Mateo Patel,908-95-1000,mateo.patel929@example.com,3204 Pine Rd,96192,1982-08-29,rural,78000.0,0.33,15.8,1,1.8,26700.0,77.9,0,1
APP00843,Fatima Moore,951-47-9580,fatima.moore724@example.com,8674 Elm Dr,91072,1975-04-04,metro,65100.0,0.565,4.5,1,3.0,27500.0,57.7,1,0
APP00844,Noah Hernandez,916-72-6052,noah.hernandez258@example.com,1264 Cedar Ln,90733,1984-07-05,metro,103800.0,0.431,6.9,0,13.9,15200.0,31.6,1,0
APP00845,Mateo Taylor,938-75-3049,mateo.taylor844@example.com,8623 Hillcrest Way,91011,1960-07-24,metro,55600.0,0.407,3.8,1,6.3,16400.0,24.8,1,0
APP00846,Noah Singh,948-41-8557,noah.singh22@example.com,4540 Cedar Ln,96034,1973-10-16,rural,34600.0,0.714,11.2,0,0.5,2000.0,78.1,0,0
APP00847,Hiro Lee,902-47-3369,hiro.lee1@example.com,4594 Oak St,91297,1973-06-08,metro,62200.0,0.321,5.0,0,1.3,19700.0,36.4,1,1
APP00848,Ravi Kim,910-52-3775,ravi.kim675@example.com,629 Lakeview Blvd,90002,1986-10-22,metro,97500.0,0.608,11.1,0,4.9,21400.0,34.3,1,0
APP00849,Priya Patel,923-62-8179,priya.patel232@example.com,5511 Hillcrest Way,90187,1983-09-28,metro,110800.0,0.343,3.4,0,4.1,31500.0,40.5,0,1
APP00850,Daniel Hernandez,916-70-8241,daniel.hernandez59@example.com,9721 Maple Ave,91601,1977-09-26,metro,115300.0,0.376,4.0,0,2.0,18500.0,46.1,0,1
APP00851,Alex Martinez,982-77-7482,alex.martinez56@example.com,4765 Oak St,91011,1957-10-18,metro,82600.0,0.43,4.9,0,4.5,32600.0,32.2,1,0
APP00852,Hiro Davis,901-77-3677,hiro.davis688@example.com,6404 Elm Dr,90618,1986-01-22,metro,105600.0,0.361,6.4,0,9.8,12200.0,33.1,0,1
APP00853,Carlos Patel,918-60-8926,carlos.patel527@example.com,7420 Pine Rd,90044,2000-05-12,metro,86000.0,0.24,3.2,0,4.9,30300.0,28.5,0,1
APP00854,Mateo Martinez,969-50-1529,mateo.martinez689@example.com,4826 Hillcrest Way,90408,1999-05-08,metro,55500.0,0.332,3.4,1,8.8,23000.0,44.7,1,0
APP00855,Noah Taylor,906-37-4761,noah.taylor67@example.com,4412 Oak St,96176,1963-08-14,rural,68700.0,0.232,10.8,0,12.1,2000.0,90.5,1,0
APP00856,Sofia Smith,965-73-6108,sofia.smith531@example.com,4480 Pine Rd,90420,1980-01-27,metro,82400.0,0.201,3.6,1,13.5,27900.0,33.8,0,1
APP00857,Maria Smith,906-58-9954,maria.smith419@example.com,7788 Oak St,96106,1951-03-08,rural,68800.0,0.244,8.5,0,4.2,27800.0,74.9,1,0
APP00858,Carlos Davis,991-40-7413,carlos.davis465@example.com,7070 Oak St,91939,1990-05-21,metro,44600.0,0.152,6.4,2,2.9,15200.0,38.1,1,0
APP00859,Fatima Moore,925-45-9518,fatima.moore709@example.com,3308 Elm Dr,96183,1990-05-16,rural,23800.0,0.447,10.8,0,9.0,18500.0,77.1,1,0
APP00860,Omar Garcia,909-94-7239,omar.garcia646@example.com,3021 Maple Ave,91869,1956-04-19,metro,46500.0,0.626,6.3,1,6.0,21300.0,39.1,1,0
APP00861,Priya Wilson,977-21-6244,priya.wilson349@example.com,74 Maple Ave,90023,1989-04-14,metro,41000.0,0.408,4.3,2,14.2,21400.0,29.1,1,0
APP00862,Carlos Garcia,963-31-1409,carlos.garcia424@example.com,2183 Pine Rd,90144,1986-10-19,metro,70600.0,0.276,14.4,3,4.0,13800.0,37.4,1,0
APP00863,Priya Singh,960-26-5734,priya.singh170@example.com,3032 Elm Dr,91505,1974-12-09,metro,40000.0,0.034,5.4,1,2.9,15200.0,43.2,0,1
APP00864,Priya Chen,966-98-5677,priya.chen558@example.com,7069 Elm Dr,91582,1998-10-24,metro,37000.0,0.381,6.5,0,2.7,27000.0,39.5,0,0
APP00865,Kevin Chen,925-12-4195,kevin.chen842@example.com,6472 Pine Rd,96119,1992-04-09,rural,63400.0,0.372,4.5,0,3.4,26200.0,78.5,1,0
APP00866,Alex Clark,926-53-4405,alex.clark620@example.com,4246 Maple Ave,90795,1950-03-02,metro,49300.0,0.221,10.1,0,0.8,9600.0,40.1,0,1
APP00867,James Brown,967-92-6949,james.brown818@example.com,9040 Lakeview Blvd,90499,1996-05-12,metro,78300.0,0.461,7.7,0,3.2,19400.0,35.2,1,0
APP00868,Kevin Hernandez,910-21-5433,kevin.hernandez333@example.com,656 Pine Rd,91841,1987-03-03,metro,42600.0,0.302,16.1,0,4.2,35700.0,26.2,1,0
APP00869,Sofia Garcia,980-67-2446,sofia.garcia360@example.com,774 Hillcrest Way,91416,1983-04-12,metro,62000.0,0.453,4.5,0,,25700.0,33.7,0,1
APP00870,Mateo Moore,930-22-6216,mateo.moore831@example.com,8626 Oak St,91352,2001-04-03,metro,88100.0,0.384,8.3,1,1.1,5400.0,51.7,1,0
APP00871,Carlos Ramirez,988-55-8424,carlos.ramirez484@example.com,9542 Hillcrest Way,90749,1954-10-09,metro,64300.0,0.114,8.0,2,2.7,21300.0,28.5,0,1
APP00872,Alex Davis,982-13-4121,alex.davis870@example.com,9535 Maple Ave,96092,1981-09-26,rural,74400.0,0.211,17.2,0,6.0,10700.0,72.6,0,1
APP00873,Sofia Ramirez,989-68-9057,sofia.ramirez609@example.com,4246 Cedar Ln,91715,1972-01-28,metro,85500.0,0.295,13.8,0,4.2,9300.0,30.4,0,1
APP00874,Kevin Patel,926-24-6852,kevin.patel771@example.com,8878 Hillcrest Way,96197,1983-04-01,rural,,0.353,33.9,0,6.9,4300.0,89.1,0,1
APP00875,Linh Martinez,904-47-3546,linh.martinez223@example.com,3942 Maple Ave,91721,1959-01-22,metro,33300.0,0.433,9.0,1,2.6,22600.0,38.3,1,0
APP00876,Fatima Kim,972-35-7516,fatima.kim194@example.com,3289 Hillcrest Way,91346,1966-10-08,metro,59200.0,0.434,2.5,0,2.4,27500.0,36.4,1,0
APP00877,Alex Hernandez,918-78-4709,alex.hernandez993@example.com,6007 Lakeview Blvd,90813,1962-02-23,metro,62300.0,0.453,5.8,0,11.7,24800.0,50.9,1,0
APP00878,Kevin Patel,999-46-2251,kevin.patel73@example.com,5604 Pine Rd,90438,1950-12-11,metro,134400.0,0.184,1.6,1,10.2,6400.0,36.6,0,1
APP00879,Omar Singh,985-87-8348,omar.singh658@example.com,2399 Maple Ave,96128,1993-10-25,rural,37700.0,0.257,17.0,0,4.0,24800.0,81.6,0,1
APP00880,Emma Patel,986-95-2854,emma.patel567@example.com,2536 Hillcrest Way,96104,1953-10-12,rural,65000.0,0.33,4.9,0,17.4,15700.0,76.3,1,0
APP00881,James Moore,939-59-7541,james.moore711@example.com,9229 Oak St,95958,1964-05-21,rural,56000.0,0.291,9.9,0,2.4,31900.0,74.4,1,0
APP00882,Carlos Clark,920-59-8040,carlos.clark463@example.com,1308 Cedar Ln,96102,1997-11-23,rural,55200.0,0.265,13.0,0,1.2,23200.0,67.7,0,1
APP00883,Alex Johnson,938-12-1691,alex.johnson962@example.com,3167 Hillcrest Way,95958,1984-06-21,rural,50800.0,0.361,3.0,0,3.9,17300.0,71.0,1,0
APP00884,Kevin Lee,934-93-2197,kevin.lee447@example.com,972 Cedar Ln,91399,1984-09-09,metro,52200.0,0.286,17.1,0,9.0,33800.0,37.6,0,1
APP00885,Kevin Taylor,926-92-8929,kevin.taylor643@example.com,315 Hillcrest Way,96052,1988-12-30,rural,43100.0,0.194,7.1,2,15.8,24700.0,69.4,1,0
APP00886,Daniel Wilson,985-36-4111,daniel.wilson675@example.com,8633 Oak St,90724,1969-04-22,metro,58400.0,0.439,6.9,1,9.1,17000.0,40.8,1,0
APP00887,Priya Chen,991-49-1788,priya.chen45@example.com,3101 Oak St,96004,1969-04-20,rural,42300.0,0.439,13.1,0,2.2,25000.0,64.3,1,0
APP00888,Hiro Ali,916-48-7874,hiro.ali223@example.com,751 Oak St,91589,1959-05-09,metro,53300.0,0.609,10.7,2,8.4,31900.0,35.5,1,0
APP00889,Linh Clark,991-60-2617,linh.clark656@example.com,5597 Cedar Ln,91776,1993-10-14,metro,69900.0,0.306,7.4,2,5.7,27600.0,46.7,0,0
APP00890,Mateo Patel,984-28-2232,mateo.patel711@example.com,5456 Lakeview Blvd,95924,1954-05-09,rural,39200.0,0.214,11.5,0,16.6,31600.0,67.8,1,0
APP00891,Fatima Wilson,957-60-6429,fatima.wilson220@example.com,2301 Cedar Ln,90889,1990-10-25,metro,53700.0,0.448,12.6,1,,23700.0,25.1,1,0
APP00892,Alex Wilson,931-24-9176,alex.wilson79@example.com,1418 Hillcrest Way,91679,1983-12-08,metro,106000.0,0.196,5.4,0,,22300.0,30.8,0,1
APP00893,Fatima Ramirez,989-17-2575,fatima.ramirez114@example.com,3996 Lakeview Blvd,91311,1999-07-25,metro,51100.0,0.46,5.1,0,,24200.0,24.6,1,0
APP00894,Mateo Wilson,985-14-2850,mateo.wilson256@example.com,3732 Hillcrest Way,90723,1965-08-12,metro,207800.0,0.488,6.4,1,2.9,33300.0,37.3,0,1
APP00895,Chloe Moore,942-90-4080,chloe.moore502@example.com,4682 Cedar Ln,95919,1960-10-15,rural,90700.0,0.449,13.2,0,1.8,23000.0,68.7,1,0
APP00896,Priya Nguyen,914-95-1314,priya.nguyen525@example.com,7803 Maple Ave,91141,1962-03-20,metro,106200.0,0.269,8.3,0,0.7,20000.0,34.4,0,1
APP00897,Priya Taylor,998-89-9700,priya.taylor494@example.com,4932 Cedar Ln,91737,1984-05-29,metro,140000.0,0.373,10.1,1,13.2,21100.0,26.2,0,1
APP00898,Grace Ali,991-30-9595,grace.ali253@example.com,302 Pine Rd,91273,1990-09-22,metro,72900.0,0.347,10.5,0,5.8,19300.0,46.0,1,0
APP00899,Priya Nguyen,957-86-4950,priya.nguyen659@example.com,9834 Lakeview Blvd,91296,1979-08-21,metro,42700.0,0.402,6.4,0,2.9,20500.0,43.4,1,0
APP00900,Mateo Lopez,948-69-5143,mateo.lopez654@example.com,4032 Hillcrest Way,91720,1991-04-18,metro,78700.0,0.254,16.1,1,4.3,23200.0,38.9,0,1
APP00901,Priya Lee,996-75-8288,priya.lee395@example.com,7235 Maple Ave,91324,1952-04-03,metro,48800.0,0.329,12.9,1,10.4,10400.0,53.8,1,0
APP00902,Priya Smith,945-52-2096,priya.smith640@example.com,5312 Hillcrest Way,91288,1950-12-25,metro,51600.0,0.22,22.0,0,8.7,20200.0,40.4,0,1
APP00903,Daniel Garcia,925-97-7313,daniel.garcia939@example.com,5758 Cedar Ln,91519,1984-11-22,metro,60400.0,0.211,5.0,0,3.0,35700.0,35.8,1,0
APP00904,Ravi Chen,973-17-2334,ravi.chen898@example.com,1991 Cedar Ln,90157,1953-01-01,metro,,0.262,8.8,1,3.7,22900.0,37.0,1,0
APP00905,Olivia Taylor,921-55-3573,olivia.taylor208@example.com,2582 Cedar Ln,90925,1976-08-13,metro,46300.0,0.265,3.7,0,,29800.0,23.3,1,0
APP00906,Fatima Johnson,934-19-1763,fatima.johnson416@example.com,6330 Elm Dr,90266,1961-01-29,metro,99900.0,0.271,7.2,0,4.9,15800.0,36.3,0,1
APP00907,Kevin Singh,938-90-5978,kevin.singh844@example.com,3974 Cedar Ln,95943,1969-03-07,rural,83800.0,0.468,4.3,0,,18100.0,73.9,1,0
APP00908,Grace Davis,967-51-8474,grace.davis194@example.com,5721 Oak St,91892,1973-01-29,metro,35600.0,0.261,1.5,0,9.6,28700.0,23.9,0,1
APP00909,Sofia Johnson,965-67-4156,sofia.johnson374@example.com,2706 Oak St,90171,1960-11-28,metro,76700.0,0.252,12.7,1,9.7,26000.0,28.0,0,1
APP00910,Mateo Brown,962-32-4283,mateo.brown552@example.com,4975 Oak St,96055,1965-08-17,rural,61600.0,0.532,22.2,0,4.6,19700.0,76.1,1,0
APP00911,Carlos Johnson,918-84-5594,carlos.johnson4@example.com,1644 Cedar Ln,91265,1974-07-08,metro,70200.0,0.235,9.9,0,1.6,24500.0,35.9,0,1
APP00912,Priya Lopez,923-86-9831,priya.lopez330@example.com,6319 Pine Rd,96177,1958-07-14,rural,51500.0,0.25,2.9,0,3.0,17900.0,66.8,1,0
APP00913,Carlos Ali,909-70-2956,carlos.ali899@example.com,5097 Pine Rd,90378,2000-06-09,metro,55800.0,0.314,4.6,0,11.0,23400.0,25.5,1,0
APP00914,Mateo Kim,930-84-5254,mateo.kim61@example.com,2229 Elm Dr,91438,1993-12-21,metro,71800.0,0.337,3.1,0,5.3,24600.0,29.4,1,0
APP00915,Ravi Lee,902-23-5977,ravi.lee921@example.com,6100 Oak St,91745,1962-01-17,metro,63300.0,0.332,4.6,0,12.6,23700.0,43.9,1,0
APP00916,Hiro Chen,933-74-7450,hiro.chen880@example.com,7275 Maple Ave,90089,1958-06-27,metro,74400.0,0.218,14.2,1,2.3,19900.0,52.5,0,1
APP00917,Ravi Ali,991-80-9141,ravi.ali918@example.com,4859 Elm Dr,95964,1965-10-26,rural,58300.0,0.28,4.5,0,8.6,17500.0,64.6,0,1
APP00918,Olivia Moore,911-22-8126,olivia.moore260@example.com,5610 Maple Ave,90353,1955-01-08,metro,81800.0,0.428,7.8,1,7.1,18000.0,37.6,0,1
APP00919,Fatima Taylor,998-37-4331,fatima.taylor771@example.com,5033 Lakeview Blvd,90199,1952-03-03,metro,71100.0,0.327,14.0,1,2.2,12800.0,37.1,0,0
APP00920,Ravi Ramirez,968-71-1740,ravi.ramirez963@example.com,2814 Elm Dr,90950,1972-03-08,metro,49500.0,0.527,11.7,1,3.2,22000.0,34.7,1,0
APP00921,James Garcia,968-79-6122,james.garcia991@example.com,6714 Elm Dr,90642,1986-12-23,metro,63600.0,0.066,5.7,0,8.1,19300.0,36.5,0,1
APP00922,Linh Hernandez,957-61-8211,linh.hernandez981@example.com,7448 Pine Rd,91053,1955-03-06,metro,92900.0,0.341,10.0,1,3.4,33800.0,33.1,0,1
APP00923,Emma Martinez,921-77-1620,emma.martinez777@example.com,1766 Lakeview Blvd,95982,1952-04-27,rural,85400.0,0.388,5.0,2,7.5,21100.0,52.5,1,0
APP00924,Ravi Smith,928-31-7558,ravi.smith795@example.com,620 Oak St,90228,1952-06-28,metro,75600.0,0.211,8.7,0,11.3,22100.0,43.5,0,1
APP00925,Kevin Davis,909-91-7357,kevin.davis321@example.com,6103 Oak St,91947,1987-06-08,metro,89800.0,0.609,24.4,1,4.4,23700.0,26.9,1,0
APP00926,Ravi Hernandez,956-80-8144,ravi.hernandez612@example.com,7609 Oak St,90656,1998-07-13,metro,97100.0,0.422,8.8,0,4.8,20300.0,37.1,0,1
APP00927,Omar Davis,901-62-3518,omar.davis353@example.com,7417 Maple Ave,95974,1998-07-02,rural,88600.0,0.422,9.5,0,14.2,16100.0,88.7,0,0
APP00928,Emma Nguyen,920-32-1375,emma.nguyen823@example.com,8427 Oak St,91055,1961-02-22,metro,77700.0,0.405,9.1,0,11.0,12100.0,36.0,0,1
APP00929,Carlos Patel,980-68-8483,carlos.patel17@example.com,7186 Hillcrest Way,90175,1969-02-17,metro,54100.0,0.288,13.2,0,12.5,23000.0,23.7,0,1
APP00930,Sofia Davis,901-66-9743,sofia.davis24@example.com,2939 Elm Dr,95999,1961-10-08,rural,41100.0,0.357,9.7,0,10.9,13900.0,70.3,1,0
APP00931,Omar Taylor,984-72-7933,omar.taylor874@example.com,5734 Lakeview Blvd,91276,1983-08-01,metro,53700.0,0.21,6.9,1,7.7,35700.0,44.5,1,0
APP00932,Olivia Hernandez,975-86-3879,olivia.hernandez549@example.com,7784 Maple Ave,96156,1951-08-19,rural,44600.0,0.245,23.9,0,2.4,20100.0,84.0,1,0
APP00933,Mateo Ramirez,930-38-6516,mateo.ramirez482@example.com,3929 Hillcrest Way,90788,1956-11-28,metro,118600.0,0.229,5.3,0,8.6,25700.0,35.9,0,1
APP00934,Olivia Martinez,905-83-6367,olivia.martinez777@example.com,2670 Lakeview Blvd,90212,1967-07-05,metro,93500.0,0.255,15.4,0,2.9,10100.0,45.8,0,1
APP00935,Aisha Ali,935-67-6840,aisha.ali92@example.com,791 Oak St,91889,1972-08-12,metro,68700.0,0.402,8.2,0,10.3,16500.0,38.7,1,0
APP00936,Maria Ramirez,972-30-7120,maria.ramirez730@example.com,7310 Maple Ave,95902,1988-01-12,rural,52600.0,0.418,6.2,0,7.2,26900.0,73.6,0,0
APP00937,Maria Lopez,945-38-7323,maria.lopez35@example.com,587 Hillcrest Way,91042,1950-10-29,metro,24100.0,0.286,5.7,0,8.2,37200.0,34.1,0,0
APP00938,Linh Taylor,993-23-7456,linh.taylor591@example.com,9552 Maple Ave,91440,1967-07-03,metro,63600.0,0.244,8.9,0,2.9,16800.0,20.4,0,1
APP00939,Ravi Davis,963-96-8184,ravi.davis503@example.com,1349 Lakeview Blvd,90588,1982-06-21,metro,53500.0,0.273,10.6,0,3.3,28200.0,40.7,0,1
APP00940,Alex Moore,989-78-6527,alex.moore913@example.com,5194 Hillcrest Way,96191,1968-10-24,rural,67500.0,0.167,6.7,0,5.5,29400.0,60.0,0,1
APP00941,Hiro Clark,906-82-1440,hiro.clark900@example.com,794 Lakeview Blvd,96155,1963-09-27,rural,81300.0,0.222,4.7,1,9.6,27700.0,56.5,0,1
APP00942,Noah Lopez,905-11-2967,noah.lopez94@example.com,6512 Hillcrest Way,91119,1972-08-13,metro,99800.0,0.28,11.0,1,5.0,11300.0,34.0,0,1
APP00943,Alex Brown,900-57-2052,alex.brown269@example.com,9396 Pine Rd,91262,1980-05-20,metro,,0.324,22.8,0,7.5,24500.0,48.9,0,1
APP00944,Maria Chen,992-88-2292,maria.chen456@example.com,4979 Elm Dr,91388,1968-05-07,metro,137600.0,0.288,12.1,0,7.3,19200.0,27.0,0,1
APP00945,Mateo Wilson,946-19-1156,mateo.wilson761@example.com,8976 Pine Rd,91579,1998-07-18,metro,47000.0,0.203,13.7,0,2.2,15100.0,46.7,0,1
APP00946,Sofia Lopez,922-24-3725,sofia.lopez398@example.com,3998 Oak St,90227,1994-01-20,metro,71700.0,0.273,7.1,0,3.1,13400.0,42.0,0,1
APP00947,Maria Davis,945-26-2885,maria.davis587@example.com,6861 Lakeview Blvd,91912,1978-09-05,metro,51000.0,0.435,9.5,1,6.8,7400.0,33.3,1,0
APP00948,Linh Chen,972-98-1584,linh.chen947@example.com,4684 Cedar Ln,90914,1981-10-31,metro,66900.0,0.526,5.8,1,4.6,26700.0,31.9,1,0
APP00949,Daniel Davis,992-84-2353,daniel.davis372@example.com,441 Maple Ave,91872,1990-11-11,metro,39600.0,0.385,7.9,1,7.0,26600.0,31.6,1,0
APP00950,Fatima Ali,907-66-3433,fatima.ali125@example.com,3331 Oak St,96038,1979-08-10,rural,83100.0,0.303,6.6,0,4.3,22100.0,63.5,0,1
APP00951,Ravi Clark,952-64-2646,ravi.clark249@example.com,4078 Oak St,91986,1970-01-14,metro,125300.0,0.191,4.5,0,2.4,9900.0,34.0,0,1
APP00952,Maria Johnson,960-27-2870,maria.johnson64@example.com,4390 Lakeview Blvd,96106,1968-01-05,rural,74100.0,0.192,19.4,0,5.6,28000.0,74.5,1,0
APP00953,Fatima Patel,923-36-1362,fatima.patel785@example.com,618 Lakeview Blvd,95963,1973-08-21,rural,44300.0,0.461,15.8,1,4.9,18200.0,87.3,1,0
APP00954,Hiro Lee,997-70-1141,hiro.lee792@example.com,5678 Pine Rd,91466,1994-08-09,metro,78900.0,0.313,4.0,0,14.3,12700.0,41.5,0,1
APP00955,Kevin Brown,938-23-5024,kevin.brown811@example.com,7166 Lakeview Blvd,90557,1960-06-16,metro,90700.0,0.279,9.4,0,8.8,25400.0,32.2,1,1
APP00956,Aisha Ramirez,905-51-6748,aisha.ramirez842@example.com,9421 Lakeview Blvd,91315,1977-06-07,metro,80500.0,0.18,8.4,0,9.0,8600.0,28.2,0,0
APP00957,Alex Patel,934-26-6543,alex.patel342@example.com,2235 Pine Rd,91729,1981-09-20,metro,,0.073,6.9,1,3.2,22100.0,41.7,0,1
APP00958,Fatima Martinez,974-83-1138,fatima.martinez434@example.com,4291 Oak St,90442,2001-12-12,metro,29500.0,0.583,15.4,0,12.1,24600.0,43.3,1,0
APP00959,Olivia Hernandez,965-41-6213,olivia.hernandez422@example.com,1579 Maple Ave,91852,2001-09-07,metro,61300.0,0.481,8.3,2,4.8,17200.0,41.8,0,1
APP00960,Maria Clark,925-63-4463,maria.clark726@example.com,3730 Pine Rd,91690,1983-05-24,metro,55000.0,0.441,1.7,0,7.4,24200.0,25.1,1,0
APP00961,Omar Kim,949-32-6422,omar.kim163@example.com,6415 Oak St,90734,1950-01-07,metro,30400.0,0.364,7.5,1,11.0,30400.0,32.1,1,0
APP00962,Aisha Taylor,917-14-9002,aisha.taylor243@example.com,3184 Oak St,90524,1979-02-11,metro,111800.0,0.398,3.2,0,13.5,21700.0,37.1,0,1
APP00963,Chloe Garcia,977-78-9864,chloe.garcia326@example.com,7192 Oak St,91233,1955-12-28,metro,27800.0,0.23,3.2,0,3.8,36200.0,40.6,0,1
APP00964,Grace Singh,992-12-8906,grace.singh820@example.com,5607 Pine Rd,91020,1979-09-10,metro,81900.0,0.432,11.7,0,15.2,17300.0,28.0,0,1
APP00965,Noah Davis,927-51-6197,noah.davis920@example.com,1611 Cedar Ln,91667,1951-06-26,metro,98400.0,0.406,9.9,0,8.9,12100.0,14.4,0,1
APP00966,Linh Ali,963-99-7940,linh.ali342@example.com,3717 Cedar Ln,90914,1955-02-10,metro,52500.0,0.329,2.9,0,1.8,18800.0,44.0,0,1
APP00967,Emma Davis,955-21-1692,emma.davis651@example.com,3474 Pine Rd,96070,1975-09-09,rural,49400.0,0.158,13.9,0,4.5,27300.0,66.8,1,0
APP00968,James Lopez,986-18-6475,james.lopez347@example.com,9804 Cedar Ln,90123,1987-02-10,metro,29600.0,0.412,16.5,0,5.6,32300.0,42.4,1,0
APP00969,Carlos Chen,962-24-7837,carlos.chen350@example.com,5235 Oak St,96171,1963-06-07,rural,80200.0,0.485,5.6,0,3.7,18700.0,71.6,1,0
APP00970,Sofia Singh,980-87-5739,sofia.singh679@example.com,4992 Maple Ave,95956,1986-05-10,rural,61200.0,0.211,7.0,0,8.3,14900.0,80.3,1,0
APP00971,Chloe Smith,938-95-7654,chloe.smith577@example.com,5146 Pine Rd,96097,1978-04-13,rural,62300.0,0.334,0.9,0,8.2,20700.0,80.2,1,0
APP00972,Priya Ramirez,905-70-2920,priya.ramirez476@example.com,7945 Elm Dr,96044,1960-04-24,rural,58600.0,0.467,5.9,0,3.9,9700.0,71.7,1,0
APP00973,Sofia Ali,921-91-6417,sofia.ali991@example.com,7514 Lakeview Blvd,90296,1962-04-16,metro,51900.0,0.217,6.4,0,1.6,9000.0,43.9,0,1
APP00974,Ravi Johnson,908-85-6331,ravi.johnson973@example.com,4998 Lakeview Blvd,90257,1973-11-28,metro,27800.0,0.326,7.7,0,1.6,21600.0,34.3,0,1
APP00975,Ravi Davis,970-51-8535,ravi.davis669@example.com,3861 Elm Dr,90440,1975-10-28,metro,64800.0,0.392,27.3,0,10.4,23900.0,34.2,0,1
APP00976,Ravi Johnson,968-89-6921,ravi.johnson945@example.com,5522 Cedar Ln,90138,1958-08-24,metro,86200.0,0.319,8.6,0,4.1,22000.0,25.5,0,1
APP00977,Sofia Singh,948-15-8250,sofia.singh32@example.com,7501 Lakeview Blvd,96060,1969-05-04,rural,41700.0,0.483,5.4,1,0.6,31500.0,57.0,1,0
APP00978,Aisha Johnson,957-46-6421,aisha.johnson699@example.com,2086 Oak St,96184,1985-11-13,rural,87400.0,0.326,7.5,2,7.9,10800.0,59.7,1,0
APP00979,Mateo Patel,923-95-9126,mateo.patel949@example.com,8688 Oak St,91228,1991-10-08,metro,94300.0,0.516,8.9,0,9.0,24600.0,44.1,0,1
APP00980,Omar Taylor,919-20-5643,omar.taylor212@example.com,1166 Lakeview Blvd,90781,1969-01-01,metro,38400.0,0.074,8.7,1,27.3,13100.0,25.7,0,1
APP00981,Chloe Davis,909-51-3716,chloe.davis434@example.com,5083 Cedar Ln,95919,1993-08-29,rural,70600.0,0.392,9.5,0,8.2,22100.0,65.0,0,1
APP00982,Linh Smith,954-86-3242,linh.smith817@example.com,1469 Cedar Ln,95904,1958-01-16,rural,198200.0,0.399,13.3,1,3.6,16500.0,56.7,0,1
APP00983,Priya Martinez,984-49-8195,priya.martinez796@example.com,6749 Hillcrest Way,90116,1957-04-14,metro,52800.0,0.232,7.3,0,5.1,22200.0,27.1,0,1
APP00984,Olivia Davis,932-75-8209,olivia.davis4@example.com,4033 Oak St,91692,1999-06-18,metro,80400.0,0.458,10.1,1,1.6,29900.0,39.1,1,0
APP00985,Maria Patel,963-56-6611,maria.patel562@example.com,1703 Lakeview Blvd,91440,1955-09-19,metro,43400.0,0.408,9.4,0,6.4,10700.0,43.6,1,0
APP00986,Noah Martinez,985-83-3879,noah.martinez946@example.com,3353 Maple Ave,90996,1970-12-19,metro,170300.0,0.287,14.0,1,1.2,13500.0,37.8,0,1
APP00987,Priya Moore,969-39-5191,priya.moore582@example.com,1912 Maple Ave,90617,1990-06-26,metro,43600.0,0.556,8.1,1,9.4,10500.0,31.1,1,0
APP00988,Emma Davis,940-24-5916,emma.davis528@example.com,4305 Maple Ave,91615,1962-09-15,metro,96500.0,0.253,12.3,0,2.8,22900.0,49.9,0,1
APP00989,James Moore,997-54-5062,james.moore669@example.com,8124 Maple Ave,91194,1965-10-21,metro,,0.374,14.7,2,6.8,25900.0,22.5,0,0
APP00990,Linh Martinez,994-51-1213,linh.martinez909@example.com,1661 Cedar Ln,91323,1953-06-27,metro,63200.0,0.074,15.2,0,13.6,18900.0,36.5,1,1
APP00991,Alex Lopez,935-42-4741,alex.lopez639@example.com,9352 Pine Rd,90330,1954-06-14,metro,69700.0,0.324,17.8,1,1.9,24900.0,48.3,0,0
APP00992,Olivia Davis,956-48-2265,olivia.davis64@example.com,1664 Maple Ave,96043,1993-09-15,rural,33000.0,0.373,14.5,0,9.8,8200.0,73.2,1,0
APP00993,Ravi Kim,962-77-2550,ravi.kim931@example.com,4792 Maple Ave,90665,1986-10-05,metro,37600.0,0.317,9.1,1,2.3,27400.0,34.0,0,0
APP00994,Ravi Hernandez,933-99-4814,ravi.hernandez347@example.com,994 Pine Rd,96155,1983-02-08,rural,91600.0,0.237,8.7,0,6.9,18400.0,51.0,0,1
APP00995,Grace Hernandez,916-51-7278,grace.hernandez54@example.com,1880 Pine Rd,96074,1966-05-23,rural,100500.0,0.245,2.2,2,2.3,16100.0,70.4,1,0
APP00996,Maria Singh,977-80-8977,maria.singh326@example.com,4571 Pine Rd,90448,1956-07-10,metro,92700.0,0.476,22.1,0,6.2,31800.0,43.1,0,1
APP00997,Priya Patel,927-56-8781,priya.patel235@example.com,9076 Hillcrest Way,91008,1980-03-21,metro,67100.0,0.45,4.3,1,3.4,32000.0,36.1,1,0
APP00998,Ravi Patel,984-58-2272,ravi.patel634@example.com,5802 Oak St,95949,1993-02-10,rural,105100.0,0.492,3.6,1,2.6,26900.0,72.9,0,0
APP00999,Maria Patel,924-60-2530,maria.patel663@example.com,7687 Cedar Ln,90550,2000-07-11,metro,65200.0,0.263,16.8,0,7.7,32600.0,35.7,0,1
APP01000,Grace Garcia,911-13-7310,grace.garcia783@example.com,4300 Pine Rd,91676,1956-01-09,metro,72000.0,0.41,13.5,0,7.3,32300.0,38.6,0,1
APP01001,Carlos Clark,900-96-1186,carlos.clark977@example.com,1506 Pine Rd,96119,1969-06-24,rural,26600.0,0.555,16.2,0,5.7,42200.0,62.4,1,0
APP01002,Chloe Davis,952-58-8917,chloe.davis923@example.com,8726 Maple Ave,91935,1960-02-10,metro,42600.0,0.574,6.6,0,5.1,19900.0,32.6,1,0
APP01003,Priya Clark,951-87-4169,priya.clark781@example.com,171 Oak St,90791,1998-09-15,metro,115600.0,0.324,9.6,0,7.1,25400.0,41.8,0,1
APP01004,Noah Martinez,946-95-4808,noah.martinez379@example.com,7227 Oak St,91100,1982-02-12,metro,68600.0,0.25,1.7,0,15.5,35300.0,34.0,1,0
APP01005,Mateo Davis,989-90-1952,mateo.davis136@example.com,5164 Elm Dr,96108,1986-09-26,rural,68600.0,0.346,9.4,2,0.6,34900.0,66.0,1,0
APP01006,Aisha Moore,967-42-7593,aisha.moore496@example.com,5112 Cedar Ln,91545,1993-01-05,metro,55000.0,0.09,9.7,0,3.7,23600.0,39.0,0,1
APP01007,James Johnson,928-57-2030,james.johnson920@example.com,6460 Pine Rd,96009,1976-01-26,rural,72000.0,0.338,13.5,0,5.4,11100.0,71.0,0,1
APP01008,Emma Nguyen,995-46-8434,emma.nguyen675@example.com,9875 Lakeview Blvd,91874,1989-11-07,metro,78100.0,0.32,4.3,0,,12200.0,24.1,1,0
APP01009,Aisha Kim,991-16-4271,aisha.kim128@example.com,4130 Oak St,91673,1973-11-26,metro,66200.0,0.435,6.6,0,7.2,19900.0,29.2,1,0
APP01010,Maria Ali,938-37-3218,maria.ali961@example.com,7378 Oak St,90208,1988-09-20,metro,89600.0,0.297,15.6,0,2.3,23200.0,32.9,0,1
APP01011,Priya Johnson,934-72-1504,priya.johnson853@example.com,256 Lakeview Blvd,95927,1990-11-16,rural,,0.671,15.6,0,9.9,26300.0,70.8,0,0
APP01012,Sofia Clark,918-63-3496,sofia.clark565@example.com,9616 Hillcrest Way,90958,1995-01-04,metro,82600.0,0.521,11.9,1,14.6,11300.0,35.0,1,0
APP01013,Olivia Martinez,985-43-9227,olivia.martinez856@example.com,9822 Maple Ave,91916,1964-03-08,metro,59600.0,0.321,10.0,0,6.6,35100.0,48.5,0,1
APP01014,Carlos Ali,908-69-6011,carlos.ali330@example.com,6616 Maple Ave,90515,1967-04-18,metro,61800.0,0.263,7.1,1,0.4,18300.0,32.1,0,1
APP01015,Alex Clark,984-93-3937,alex.clark950@example.com,5037 Oak St,90808,1993-10-17,metro,66800.0,0.435,5.5,0,2.3,23200.0,36.7,0,1
APP01016,Omar Brown,975-23-1312,omar.brown270@example.com,8217 Oak St,91668,1973-02-07,metro,140100.0,0.453,1.9,0,7.3,14000.0,46.5,0,1
APP01017,Noah Martinez,913-85-6609,noah.martinez670@example.com,5710 Cedar Ln,91781,1959-11-26,metro,49100.0,0.5,17.5,1,4.0,23600.0,34.2,1,0
APP01018,Alex Smith,933-37-8243,alex.smith189@example.com,4703 Pine Rd,90171,1957-11-16,metro,45200.0,0.134,7.5,0,4.6,20800.0,31.4,0,1
APP01019,Noah Patel,936-90-6730,noah.patel638@example.com,5185 Maple Ave,91610,1985-03-18,metro,98500.0,0.418,16.3,0,1.6,28900.0,28.2,0,1
APP01020,Maria Brown,971-20-8072,maria.brown3@example.com,6931 Cedar Ln,96171,1973-10-02,rural,33000.0,0.467,8.6,1,12.5,31900.0,70.4,0,0
APP01021,Carlos Hernandez,974-24-6345,carlos.hernandez173@example.com,3152 Maple Ave,90941,1987-10-29,metro,56500.0,0.4,4.7,0,7.9,5400.0,52.9,1,0
APP01022,James Moore,976-10-9238,james.moore19@example.com,1842 Hillcrest Way,91478,2001-06-21,metro,77300.0,0.323,2.6,0,7.8,28400.0,41.6,0,1
APP01023,Kevin Hernandez,945-89-9640,kevin.hernandez699@example.com,9769 Oak St,96180,1968-08-12,rural,,0.214,7.9,0,4.5,15200.0,81.8,0,1
APP01024,Carlos Ali,966-85-1874,carlos.ali216@example.com,6763 Maple Ave,91727,1973-06-18,metro,42500.0,0.384,18.0,0,16.1,27800.0,27.9,1,0
APP01025,James Clark,910-40-4947,james.clark774@example.com,6305 Cedar Ln,96173,1994-07-29,rural,68000.0,0.314,1.9,0,6.6,12100.0,82.9,1,0
APP01026,Priya Hernandez,944-62-1847,priya.hernandez943@example.com,1183 Lakeview Blvd,90417,1977-11-06,metro,69300.0,0.244,14.0,1,5.1,19300.0,31.4,0,1
APP01027,Alex Wilson,975-19-6073,alex.wilson422@example.com,6446 Elm Dr,95957,1963-10-22,rural,48200.0,0.454,8.3,0,7.5,25900.0,70.2,0,0
APP01028,Carlos Smith,997-88-4000,carlos.smith428@example.com,310 Hillcrest Way,90440,1993-06-14,metro,80200.0,0.175,8.6,0,0.6,24400.0,29.2,0,1
APP01029,Daniel Lopez,907-11-4584,daniel.lopez821@example.com,6839 Cedar Ln,91938,1996-09-29,metro,64100.0,0.431,20.9,1,2.2,32300.0,12.5,0,1
APP01030,Alex Garcia,939-64-7341,alex.garcia115@example.com,6665 Lakeview Blvd,96036,1970-01-15,rural,40200.0,0.301,16.6,0,,29000.0,66.5,1,0
APP01031,Kevin Clark,940-64-7943,kevin.clark782@example.com,2318 Maple Ave,90450,1968-06-11,metro,148500.0,0.304,11.4,0,1.3,4900.0,44.9,0,1
APP01032,Omar Kim,977-13-9987,omar.kim429@example.com,1396 Cedar Ln,91567,1986-01-16,metro,43100.0,0.531,1.1,0,12.0,14000.0,20.0,1,0
APP01033,Olivia Taylor,980-74-2611,olivia.taylor487@example.com,5939 Lakeview Blvd,90526,1951-12-22,metro,46100.0,0.305,10.6,1,10.3,22900.0,37.0,1,0
APP01034,Linh Ali,967-55-1356,linh.ali25@example.com,7533 Maple Ave,96121,1961-11-05,rural,62700.0,0.311,26.5,1,6.1,22900.0,75.5,0,0
APP01035,Olivia Singh,952-23-7262,olivia.singh497@example.com,7705 Maple Ave,91481,1980-11-17,metro,33400.0,0.419,3.3,1,7.5,19000.0,25.2,1,0
APP01036,Olivia Ali,978-13-7385,olivia.ali368@example.com,9730 Oak St,91648,1999-08-26,metro,81500.0,0.501,13.9,2,6.7,18000.0,21.5,0,1
APP01037,Kevin Nguyen,969-44-7468,kevin.nguyen217@example.com,1315 Lakeview Blvd,90034,1981-07-08,metro,163500.0,0.353,2.9,2,4.3,34000.0,23.2,0,1
APP01038,Aisha Nguyen,989-98-3705,aisha.nguyen801@example.com,5359 Maple Ave,90902,1977-05-21,metro,66200.0,0.541,8.0,1,1.4,14600.0,23.3,0,1
APP01039,Alex Hernandez,907-13-5981,alex.hernandez178@example.com,9078 Cedar Ln,90925,1986-09-23,metro,63000.0,0.243,23.2,0,1.9,31300.0,43.3,0,1
APP01040,Carlos Davis,942-50-8065,carlos.davis954@example.com,1210 Oak St,96111,1981-08-24,rural,71300.0,0.39,6.5,0,3.9,30200.0,67.2,1,0
APP01041,Sofia Lee,919-61-6644,sofia.lee103@example.com,8466 Hillcrest Way,90114,1966-07-05,metro,121700.0,0.34,9.9,0,2.0,16200.0,44.2,0,1
APP01042,Omar Hernandez,950-76-1578,omar.hernandez524@example.com,9929 Pine Rd,90601,1976-07-23,metro,48100.0,0.283,10.7,1,6.3,42500.0,17.6,0,0
APP01043,Daniel Kim,913-50-2551,daniel.kim276@example.com,5277 Lakeview Blvd,91053,1982-08-25,metro,42900.0,0.242,17.3,0,1.6,29700.0,44.3,1,0
APP01044,Omar Hernandez,986-88-2924,omar.hernandez121@example.com,4496 Oak St,91665,1976-01-31,metro,56200.0,0.371,4.1,0,12.7,21100.0,40.6,0,1
APP01045,Maria Davis,973-54-7985,maria.davis821@example.com,9011 Maple Ave,90508,1976-09-08,metro,87200.0,0.041,3.8,2,6.6,12500.0,31.7,0,1
APP01046,Priya Davis,961-63-3675,priya.davis539@example.com,6978 Pine Rd,95937,1963-12-22,rural,81800.0,0.02,4.7,0,6.9,16000.0,72.9,0,1
APP01047,Sofia Nguyen,936-39-8443,sofia.nguyen648@example.com,275 Hillcrest Way,91192,1992-04-23,metro,53700.0,0.3,8.7,0,4.1,16000.0,30.3,1,0
APP01048,Linh Wilson,976-64-6608,linh.wilson631@example.com,4600 Oak St,91602,1989-02-04,metro,70900.0,0.335,24.1,0,5.5,8500.0,28.1,0,1
APP01049,Emma Ramirez,937-67-9470,emma.ramirez300@example.com,5000 Hillcrest Way,90111,1975-03-16,metro,138200.0,0.243,5.3,0,4.9,19500.0,15.8,1,0
APP01050,Omar Clark,955-95-5642,omar.clark50@example.com,8255 Pine Rd,90384,1993-12-20,metro,68100.0,0.213,6.1,0,9.2,29400.0,30.1,0,1
APP01051,Fatima Garcia,940-68-3800,fatima.garcia798@example.com,469 Cedar Ln,96051,1988-05-12,rural,61600.0,0.19,6.3,0,6.8,26400.0,77.5,1,0
APP01052,Aisha Brown,995-49-1740,aisha.brown10@example.com,2580 Pine Rd,91465,1987-09-04,metro,135000.0,0.445,4.4,1,4.2,5300.0,35.7,0,1
APP01053,James Patel,995-26-5118,james.patel979@example.com,9536 Hillcrest Way,90119,1978-01-07,metro,51100.0,0.368,4.3,0,4.3,15100.0,26.0,1,0
APP01054,Linh Lee,907-23-1943,linh.lee402@example.com,9913 Oak St,91482,1990-03-11,metro,64300.0,0.02,8.4,0,5.1,37600.0,55.8,0,1
APP01055,Omar Wilson,979-36-2140,omar.wilson226@example.com,714 Pine Rd,96154,1978-03-13,rural,71100.0,0.434,10.6,0,8.2,21700.0,81.5,1,0
APP01056,Chloe Singh,945-54-8126,chloe.singh65@example.com,7517 Oak St,91661,1995-12-21,metro,26300.0,0.442,7.3,1,7.9,21200.0,28.2,0,0
APP01057,Hiro Lopez,980-37-6593,hiro.lopez182@example.com,9132 Elm Dr,91039,1987-07-24,metro,55800.0,0.276,0.3,0,2.4,18300.0,42.1,0,1
APP01058,Emma Patel,960-44-2768,emma.patel778@example.com,8717 Cedar Ln,91056,1953-12-29,metro,114000.0,0.154,14.3,0,,20000.0,21.8,0,1
APP01059,Chloe Lee,964-39-3013,chloe.lee447@example.com,6460 Lakeview Blvd,95947,1952-10-12,rural,76700.0,0.171,6.4,1,5.2,28800.0,69.1,0,1
APP01060,Alex Taylor,986-15-6400,alex.taylor759@example.com,9747 Maple Ave,95900,1950-06-05,rural,38600.0,0.078,4.7,0,4.0,19100.0,69.8,0,1
APP01061,Carlos Ramirez,960-78-5733,carlos.ramirez198@example.com,9206 Maple Ave,90883,2001-10-14,metro,149600.0,0.65,6.9,0,12.1,26500.0,29.1,0,1
APP01062,Emma Johnson,935-19-2782,emma.johnson425@example.com,403 Lakeview Blvd,90867,1978-11-27,metro,53500.0,0.381,4.3,1,0.3,23900.0,11.5,1,0
APP01063,Sofia Moore,926-38-5265,sofia.moore139@example.com,6834 Oak St,96062,1994-09-12,rural,47600.0,0.289,12.7,1,4.4,12300.0,66.9,1,0
APP01064,Grace Garcia,932-99-9922,grace.garcia394@example.com,7147 Elm Dr,90310,1954-12-26,metro,35900.0,0.242,19.7,2,5.9,2000.0,35.5,0,1
APP01065,Maria Davis,993-18-7811,maria.davis156@example.com,6942 Elm Dr,95977,1956-08-07,rural,90100.0,0.34,16.5,1,,22400.0,63.0,0,0
APP01066,Alex Lee,943-73-8447,alex.lee652@example.com,6833 Hillcrest Way,96011,1982-04-07,rural,46100.0,0.295,9.5,0,3.2,31100.0,80.4,1,0
APP01067,Priya Clark,938-56-9758,priya.clark259@example.com,2713 Hillcrest Way,96130,1960-03-01,rural,49300.0,0.508,8.1,2,9.4,16100.0,90.3,1,0
APP01068,Chloe Hernandez,947-88-2421,chloe.hernandez947@example.com,8312 Maple Ave,90283,1967-02-23,metro,42000.0,0.42,7.1,0,5.0,23500.0,40.4,1,0
APP01069,Omar Clark,943-78-5459,omar.clark368@example.com,7197 Lakeview Blvd,90230,1991-10-12,metro,81700.0,0.119,6.6,0,5.8,21700.0,41.2,0,1
APP01070,Omar Ali,946-92-7344,omar.ali210@example.com,2814 Oak St,96037,1953-06-14,rural,66700.0,0.426,6.1,1,1.7,17500.0,71.5,1,0
APP01071,Sofia Lopez,955-15-1606,sofia.lopez850@example.com,2731 Oak St,91919,1979-12-11,metro,52500.0,0.288,2.5,0,6.0,34400.0,32.9,1,0
APP01072,Fatima Ramirez,922-12-4392,fatima.ramirez157@example.com,3695 Pine Rd,91953,1960-12-20,metro,41200.0,0.063,8.7,0,6.7,25200.0,30.9,0,1
APP01073,James Singh,960-77-9186,james.singh319@example.com,5640 Cedar Ln,91692,1995-08-01,metro,74100.0,0.312,9.1,0,5.4,15600.0,16.7,0,1
APP01074,Maria Ali,977-56-1103,maria.ali180@example.com,4741 Oak St,91055,1954-01-31,metro,52600.0,0.242,12.7,1,4.1,39900.0,37.7,0,1
APP01075,Kevin Johnson,929-43-9087,kevin.johnson654@example.com,4585 Oak St,95957,1996-09-07,rural,48800.0,0.47,19.3,0,8.8,22100.0,81.0,1,0
APP01076,Hiro Johnson,964-79-9302,hiro.johnson15@example.com,8058 Hillcrest Way,90535,1987-08-04,metro,91500.0,0.222,18.5,1,7.9,8800.0,34.6,0,1
APP01077,Alex Ali,901-15-2407,alex.ali450@example.com,6005 Oak St,90269,1977-04-02,metro,41800.0,0.331,17.8,0,4.7,26100.0,28.5,0,1
APP01078,Priya Moore,969-99-5291,priya.moore195@example.com,6522 Cedar Ln,90332,1991-04-29,metro,57300.0,0.377,10.3,0,0.4,18500.0,47.2,0,1
APP01079,Emma Davis,978-23-7184,emma.davis556@example.com,5589 Lakeview Blvd,91520,1991-07-15,metro,71200.0,0.49,11.8,0,12.2,16000.0,29.4,0,0
APP01080,Priya Martinez,984-76-2749,priya.martinez624@example.com,3041 Elm Dr,91501,1964-05-07,metro,61800.0,0.288,8.2,2,3.7,26900.0,38.9,1,0
APP01081,Alex Martinez,941-69-1940,alex.martinez35@example.com,4478 Oak St,90402,1964-04-01,metro,117500.0,0.32,4.6,1,11.0,8800.0,16.1,0,1
APP01082,Chloe Singh,994-12-8877,chloe.singh61@example.com,632 Cedar Ln,90641,1952-05-30,metro,46100.0,0.479,15.8,1,6.6,28800.0,39.5,1,0
APP01083,Chloe Johnson,953-91-8868,chloe.johnson572@example.com,8655 Maple Ave,95961,1981-10-01,rural,31100.0,0.255,20.3,0,8.2,16400.0,70.8,1,0
APP01084,Priya Smith,998-70-8773,priya.smith963@example.com,7192 Cedar Ln,96070,1972-04-09,rural,75300.0,0.263,7.0,0,4.8,25700.0,92.4,0,1
APP01085,Daniel Singh,945-25-6022,daniel.singh506@example.com,698 Hillcrest Way,90411,1975-12-01,metro,53000.0,0.346,6.6,0,2.8,30100.0,36.9,0,1
APP01086,Carlos Singh,911-75-1304,carlos.singh304@example.com,9224 Cedar Ln,91222,1995-05-03,metro,50700.0,0.093,8.1,1,5.7,38500.0,58.2,1,0
APP01087,Grace Patel,931-42-8376,grace.patel379@example.com,7320 Pine Rd,90508,2000-03-23,metro,80600.0,0.455,11.9,1,6.6,26600.0,35.7,0,1
APP01088,Ravi Ramirez,996-71-7418,ravi.ramirez216@example.com,2131 Lakeview Blvd,91622,1972-04-16,metro,48800.0,0.405,3.0,0,,19400.0,43.5,1,0
APP01089,James Lee,904-29-3859,james.lee829@example.com,2655 Elm Dr,91118,1958-07-29,metro,,0.35,4.4,1,6.9,37400.0,54.8,1,0
APP01090,Daniel Wilson,912-83-2212,daniel.wilson864@example.com,3961 Oak St,96051,1995-08-11,rural,124400.0,0.233,13.2,0,2.5,22800.0,80.2,1,0
APP01091,Alex Garcia,951-14-3446,alex.garcia929@example.com,2173 Lakeview Blvd,91684,1979-05-13,metro,102600.0,0.341,10.3,0,8.0,21200.0,37.9,0,1
APP01092,Olivia Smith,937-28-7363,olivia.smith678@example.com,2307 Hillcrest Way,96006,1995-07-26,rural,79500.0,0.287,4.3,0,6.6,20300.0,80.2,1,0
APP01093,Fatima Brown,918-53-5654,fatima.brown503@example.com,1605 Maple Ave,91997,1986-04-28,metro,45400.0,0.29,7.3,2,2.0,5300.0,22.4,0,1
APP01094,James Moore,991-21-1316,james.moore113@example.com,7304 Elm Dr,91630,1954-03-13,metro,60200.0,0.358,8.9,0,5.6,2000.0,43.3,0,1
APP01095,James Lopez,996-34-7513,james.lopez961@example.com,9742 Maple Ave,96008,1979-05-15,rural,46800.0,0.452,8.3,0,3.9,30700.0,89.0,1,0
APP01096,Aisha Ramirez,987-21-5148,aisha.ramirez276@example.com,2200 Cedar Ln,91117,1976-07-22,metro,59000.0,0.417,9.8,0,3.9,24500.0,46.0,1,0
APP01097,Maria Wilson,953-68-1926,maria.wilson573@example.com,3138 Oak St,90410,1952-01-19,metro,65700.0,0.286,6.1,0,4.4,17600.0,33.6,0,1
APP01098,Kevin Johnson,905-88-9378,kevin.johnson796@example.com,8856 Elm Dr,90366,1998-10-04,metro,57000.0,0.221,8.6,0,,24000.0,25.6,0,1
APP01099,Sofia Singh,902-80-5561,sofia.singh406@example.com,7390 Elm Dr,96041,1966-07-30,rural,56500.0,0.466,17.5,0,16.8,21200.0,77.9,0,1
APP01100,Chloe Wilson,919-72-5715,chloe.wilson136@example.com,5325 Hillcrest Way,91407,1963-06-28,metro,89100.0,0.454,2.7,1,17.8,19000.0,31.9,0,1
APP01101,Chloe Martinez,916-47-6373,chloe.martinez900@example.com,1545 Pine Rd,90325,1971-05-06,metro,52100.0,0.501,7.8,0,4.8,6700.0,25.1,0,1
APP01102,Priya Moore,921-42-6462,priya.moore817@example.com,7069 Elm Dr,90431,1988-02-24,metro,70600.0,0.236,6.2,0,3.9,21600.0,26.3,0,1
APP01103,Kevin Hernandez,958-30-9282,kevin.hernandez223@example.com,8738 Lakeview Blvd,96012,1953-01-30,rural,53300.0,0.364,19.6,1,2.7,33200.0,72.0,0,0
APP01104,Chloe Patel,958-84-9436,chloe.patel941@example.com,7417 Lakeview Blvd,95963,1999-05-11,rural,73700.0,0.557,19.7,1,4.0,26400.0,58.2,1,0
APP01105,Fatima Kim,988-41-4616,fatima.kim225@example.com,5854 Oak St,91403,1951-10-31,metro,68000.0,0.261,2.7,1,15.3,11800.0,33.2,0,1
APP01106,Carlos Nguyen,945-67-7607,carlos.nguyen339@example.com,7894 Lakeview Blvd,91207,1999-08-24,metro,73300.0,0.536,7.0,0,2.9,20000.0,65.2,1,0
APP01107,Fatima Smith,966-15-4696,fatima.smith874@example.com,9906 Hillcrest Way,91577,1983-09-21,metro,59800.0,0.363,9.7,1,5.9,16700.0,30.8,0,1
APP01108,Carlos Patel,934-94-6249,carlos.patel958@example.com,1004 Maple Ave,90844,1976-01-16,metro,45500.0,0.171,7.7,1,2.0,10300.0,31.9,1,1
APP01109,Aisha Kim,910-72-6250,aisha.kim727@example.com,8434 Oak St,90373,1959-06-06,metro,104300.0,0.1,8.6,0,7.9,17000.0,46.5,0,1
APP01110,Olivia Taylor,941-14-4929,olivia.taylor262@example.com,8668 Maple Ave,91922,1978-06-14,metro,96900.0,0.099,14.9,1,7.1,30400.0,35.0,0,1
APP01111,Alex Hernandez,907-86-1170,alex.hernandez205@example.com,3573 Oak St,91871,1961-12-10,metro,74000.0,0.282,12.9,0,11.1,16200.0,25.3,0,1
APP01112,Daniel Johnson,925-89-7648,daniel.johnson513@example.com,5368 Cedar Ln,91618,1963-07-01,metro,92700.0,0.39,7.9,0,5.6,17300.0,27.7,0,1
APP01113,Daniel Garcia,986-87-2942,daniel.garcia320@example.com,7618 Pine Rd,96010,1964-03-05,rural,95300.0,0.373,13.3,0,11.7,29300.0,67.3,1,0
APP01114,Sofia Brown,957-32-1700,sofia.brown400@example.com,6988 Hillcrest Way,95912,1962-09-27,rural,63100.0,0.237,5.7,0,5.1,17500.0,70.5,1,0
APP01115,Kevin Nguyen,975-89-3269,kevin.nguyen409@example.com,4406 Hillcrest Way,90787,1981-03-09,metro,142100.0,0.027,12.2,0,3.4,23500.0,33.6,0,1
APP01116,Mateo Clark,909-18-9560,mateo.clark779@example.com,1795 Oak St,90284,1995-06-20,metro,45700.0,0.089,15.0,0,4.6,12700.0,34.4,0,1
APP01117,Noah Ramirez,972-27-5757,noah.ramirez3@example.com,6332 Hillcrest Way,91273,1951-03-18,metro,70700.0,0.476,2.6,0,15.3,30100.0,14.1,0,1
APP01118,Omar Chen,912-40-5630,omar.chen423@example.com,1475 Elm Dr,95980,1986-04-18,rural,31600.0,0.448,15.1,1,5.2,13700.0,82.5,0,0
APP01119,Sofia Brown,908-37-3012,sofia.brown431@example.com,1650 Cedar Ln,91854,1999-07-14,metro,47900.0,0.414,15.9,0,7.0,26700.0,22.6,0,1
APP01120,Linh Hernandez,947-53-2729,linh.hernandez679@example.com,60 Cedar Ln,90072,1998-04-20,metro,56100.0,0.169,2.2,1,12.0,34700.0,30.6,0,1
APP01121,Emma Clark,900-62-8401,emma.clark940@example.com,8432 Elm Dr,91642,1973-01-20,metro,38700.0,0.315,7.6,0,4.7,21500.0,32.8,1,0
APP01122,Hiro Chen,989-33-4541,hiro.chen927@example.com,4968 Pine Rd,90518,1991-04-06,metro,47600.0,0.312,4.3,0,7.9,24900.0,50.1,1,0
APP01123,Priya Brown,928-39-3893,priya.brown963@example.com,8073 Elm Dr,90791,1965-03-08,metro,38500.0,0.341,7.4,1,10.9,21400.0,40.5,1,0
APP01124,Fatima Lopez,901-21-4057,fatima.lopez773@example.com,9784 Cedar Ln,90808,1951-10-17,metro,36100.0,0.352,14.0,0,7.7,15300.0,46.3,0,1
APP01125,Chloe Chen,957-30-3294,chloe.chen32@example.com,9714 Lakeview Blvd,96150,1993-10-17,rural,51600.0,0.278,11.0,0,2.2,7100.0,78.0,1,0
APP01126,Noah Kim,928-27-4307,noah.kim948@example.com,4459 Maple Ave,96167,1969-06-13,rural,117600.0,0.368,11.6,0,4.7,18700.0,74.3,0,0
APP01127,Omar Ramirez,995-60-4353,omar.ramirez253@example.com,8035 Maple Ave,96087,1987-05-08,rural,29800.0,0.362,6.7,0,4.2,21800.0,87.4,1,0
APP01128,Olivia Garcia,970-59-9272,olivia.garcia202@example.com,32 Oak St,91706,1960-01-27,metro,42400.0,0.335,9.5,0,7.7,20100.0,39.7,0,1
APP01129,Grace Wilson,921-65-9742,grace.wilson503@example.com,8937 Pine Rd,91841,2000-10-03,metro,98600.0,0.047,4.1,0,14.4,15000.0,38.8,0,1
APP01130,Olivia Singh,945-75-7152,olivia.singh577@example.com,1936 Oak St,91572,1993-03-04,metro,57200.0,0.256,4.9,0,10.2,33800.0,16.8,0,1
APP01131,Carlos Singh,908-37-8813,carlos.singh39@example.com,577 Elm Dr,91575,1976-04-09,metro,63300.0,0.386,5.4,0,7.3,20800.0,51.4,0,0
APP01132,Omar Nguyen,996-72-1753,omar.nguyen863@example.com,3776 Pine Rd,90294,1950-11-27,metro,61200.0,0.432,8.8,0,7.4,14700.0,40.9,0,1
APP01133,Emma Johnson,987-77-8351,emma.johnson983@example.com,558 Oak St,96019,1991-10-10,rural,68600.0,0.054,5.2,1,8.1,34600.0,80.2,0,1
APP01134,Maria Chen,940-38-1611,maria.chen659@example.com,3233 Hillcrest Way,91644,1966-02-20,metro,32800.0,0.365,1.5,0,4.6,35400.0,45.8,0,0
APP01135,Grace Clark,984-41-9529,grace.clark136@example.com,7883 Lakeview Blvd,90226,1955-12-23,metro,125600.0,0.235,15.1,0,7.0,13900.0,44.0,0,1
APP01136,Chloe Ramirez,935-94-7261,chloe.ramirez467@example.com,8807 Hillcrest Way,95954,1983-07-01,rural,,0.483,8.9,0,0.9,31600.0,77.3,1,0
APP01137,Linh Kim,923-74-1207,linh.kim573@example.com,6877 Cedar Ln,96081,1969-11-09,rural,98500.0,0.372,14.8,0,4.2,15800.0,66.9,0,1
APP01138,Ravi Hernandez,994-24-2850,ravi.hernandez98@example.com,5362 Lakeview Blvd,91938,1980-05-01,metro,29700.0,0.6,9.1,2,0.9,21400.0,28.8,0,0
APP01139,Carlos Taylor,978-73-3470,carlos.taylor725@example.com,3470 Lakeview Blvd,96057,1963-06-15,rural,62500.0,0.419,4.1,0,3.2,21300.0,78.8,1,0
APP01140,James Hernandez,957-84-7029,james.hernandez757@example.com,6975 Maple Ave,91221,1960-09-19,metro,28100.0,0.215,18.7,1,5.9,16100.0,42.8,0,1
APP01141,James Garcia,913-83-4053,james.garcia855@example.com,8988 Hillcrest Way,96175,1989-03-20,rural,72700.0,0.195,9.9,0,3.7,26400.0,78.9,0,1
APP01142,Fatima Clark,977-12-2569,fatima.clark494@example.com,9050 Elm Dr,95975,1973-12-03,rural,166500.0,0.402,5.7,0,10.7,18100.0,70.8,0,1
APP01143,Alex Patel,978-39-8960,alex.patel165@example.com,7242 Oak St,90029,1975-03-02,metro,77800.0,0.259,9.0,0,7.5,16000.0,24.4,0,1
APP01144,Ravi Clark,910-23-2833,ravi.clark667@example.com,9413 Cedar Ln,91128,1950-10-11,metro,47200.0,0.452,6.4,0,4.2,38000.0,48.0,1,0
APP01145,Emma Hernandez,941-54-4257,emma.hernandez169@example.com,1922 Maple Ave,90168,1971-10-25,metro,46200.0,0.249,7.0,0,5.4,28300.0,37.5,1,0
APP01146,Priya Brown,918-57-2689,priya.brown370@example.com,1718 Cedar Ln,91574,1995-10-08,metro,61600.0,0.455,12.2,0,2.5,25600.0,24.8,1,0
APP01147,Alex Kim,917-41-6160,alex.kim366@example.com,9452 Cedar Ln,90426,1988-01-15,metro,62500.0,0.404,7.4,0,5.0,39300.0,37.4,0,1
APP01148,Priya Lee,919-43-2692,priya.lee261@example.com,7141 Maple Ave,90642,1994-02-17,metro,85800.0,0.157,14.8,0,9.5,22200.0,45.9,0,1
APP01149,Ravi Kim,982-59-2884,ravi.kim436@example.com,6277 Elm Dr,90426,1974-09-17,metro,79400.0,0.407,6.5,0,10.6,15800.0,33.0,0,1
APP01150,Sofia Davis,908-56-8050,sofia.davis291@example.com,832 Maple Ave,91433,1950-06-30,metro,135700.0,0.35,6.2,0,1.2,36500.0,28.9,0,1
APP01151,Daniel Smith,926-50-7304,daniel.smith811@example.com,4710 Oak St,90870,1952-05-05,metro,22700.0,0.53,7.5,1,4.2,13900.0,26.8,1,0
APP01152,Fatima Patel,967-80-4412,fatima.patel428@example.com,9488 Maple Ave,91186,1985-11-01,metro,61600.0,0.53,12.3,1,20.5,24500.0,33.5,1,0
APP01153,Daniel Chen,927-67-8523,daniel.chen572@example.com,79 Pine Rd,96025,1958-07-14,rural,105400.0,0.258,8.5,0,6.8,19300.0,75.6,0,1
APP01154,Ravi Davis,985-75-7342,ravi.davis981@example.com,294 Pine Rd,91821,1977-07-16,metro,43700.0,0.516,9.9,1,9.5,20300.0,42.3,1,0
APP01155,Alex Lopez,936-54-6293,alex.lopez377@example.com,1897 Oak St,90286,1957-07-04,metro,97900.0,0.359,4.7,0,12.1,33000.0,42.7,0,1
APP01156,Ravi Lopez,936-31-2199,ravi.lopez419@example.com,6983 Lakeview Blvd,90618,1951-04-02,metro,60300.0,0.562,5.6,0,2.5,17500.0,33.4,1,0
APP01157,Kevin Ali,972-82-8532,kevin.ali133@example.com,1082 Elm Dr,90379,1950-09-12,metro,57400.0,0.291,5.4,1,8.4,14400.0,36.4,1,0
APP01158,Hiro Wilson,937-92-8987,hiro.wilson877@example.com,1352 Elm Dr,95909,1979-04-29,rural,99900.0,0.277,3.9,1,2.2,36800.0,75.0,0,1
APP01159,Omar Kim,921-99-2737,omar.kim636@example.com,7493 Lakeview Blvd,91598,1950-02-18,metro,77700.0,0.309,3.4,0,23.5,15600.0,42.5,0,0
APP01160,Grace Clark,973-25-2538,grace.clark116@example.com,6710 Cedar Ln,90608,1962-11-21,metro,61800.0,0.345,3.5,1,5.0,23500.0,30.9,0,1
APP01161,Linh Chen,966-99-8760,linh.chen760@example.com,1261 Hillcrest Way,95908,1992-11-18,rural,54300.0,0.226,3.6,0,5.0,21400.0,62.5,0,1
APP01162,Kevin Patel,986-93-5216,kevin.patel737@example.com,2453 Lakeview Blvd,90836,1958-07-02,metro,50300.0,0.536,9.5,0,6.6,2700.0,40.7,0,1
APP01163,Daniel Ali,975-21-8188,daniel.ali345@example.com,925 Elm Dr,91719,1969-01-10,metro,48500.0,0.288,13.0,0,17.1,19700.0,31.4,0,1
APP01164,Daniel Davis,946-66-7480,daniel.davis836@example.com,7440 Lakeview Blvd,91515,1961-10-21,metro,17100.0,0.254,7.6,1,2.9,19000.0,18.3,1,0
APP01165,Kevin Chen,941-93-3534,kevin.chen756@example.com,9137 Cedar Ln,95972,1989-07-06,rural,71800.0,0.303,3.6,1,3.7,23300.0,84.9,1,0
APP01166,James Ali,944-65-6171,james.ali496@example.com,2920 Maple Ave,95936,1962-02-19,rural,72800.0,0.443,12.7,3,7.3,24600.0,66.5,1,0
APP01167,Omar Taylor,941-31-6346,omar.taylor783@example.com,6758 Lakeview Blvd,91558,1978-03-22,metro,70200.0,0.363,5.0,0,1.8,33200.0,28.8,1,0
APP01168,Grace Kim,901-76-2226,grace.kim924@example.com,9934 Hillcrest Way,91041,1963-05-26,metro,124300.0,0.316,4.8,0,2.7,19900.0,40.7,0,1
APP01169,Noah Garcia,952-75-5644,noah.garcia426@example.com,7916 Lakeview Blvd,90950,1969-10-15,metro,53000.0,0.389,17.1,1,4.7,22100.0,16.3,1,0
APP01170,Kevin Taylor,932-32-6764,kevin.taylor293@example.com,1951 Lakeview Blvd,96013,1979-05-01,rural,94300.0,0.415,14.6,1,12.5,18600.0,56.1,0,1
APP01171,Grace Nguyen,932-81-6371,grace.nguyen401@example.com,3314 Oak St,96020,1996-02-13,rural,66100.0,0.361,5.6,0,8.3,10900.0,62.8,0,1
APP01172,Grace Kim,976-27-6558,grace.kim978@example.com,6676 Oak St,90673,1974-05-07,metro,60700.0,0.418,5.7,0,8.5,13500.0,47.4,0,1
APP01173,Omar Taylor,925-15-6111,omar.taylor236@example.com,3032 Oak St,95908,1957-11-08,rural,72500.0,0.107,5.9,1,6.8,34900.0,80.9,0,1
APP01174,Mateo Hernandez,962-55-4897,mateo.hernandez212@example.com,6493 Cedar Ln,91478,1985-05-06,metro,71500.0,0.502,2.7,1,0.4,18800.0,48.4,1,0
APP01175,Priya Singh,973-92-4061,priya.singh565@example.com,6844 Maple Ave,90422,1968-10-01,metro,,0.511,7.3,0,10.3,24300.0,36.5,1,0
APP01176,Hiro Nguyen,902-30-3458,hiro.nguyen703@example.com,8357 Elm Dr,96179,1986-01-05,rural,64900.0,0.497,9.5,0,5.3,13100.0,61.1,1,0
APP01177,Ravi Moore,937-75-6990,ravi.moore853@example.com,5848 Elm Dr,96120,1979-10-08,rural,140200.0,0.269,3.8,0,1.2,15600.0,67.9,0,1
APP01178,Ravi Smith,903-52-8713,ravi.smith549@example.com,5890 Hillcrest Way,90498,1969-08-18,metro,70500.0,0.428,10.7,1,5.9,14000.0,26.2,1,0
APP01179,Ravi Lee,969-27-2471,ravi.lee978@example.com,5961 Maple Ave,91297,1991-08-26,metro,25200.0,0.498,25.3,1,5.6,21200.0,50.7,1,0
APP01180,Noah Brown,940-48-8887,noah.brown132@example.com,4384 Oak St,96168,1993-06-08,rural,,0.221,12.1,1,5.4,34400.0,74.9,0,1
APP01181,Carlos Ramirez,946-19-2013,carlos.ramirez836@example.com,4163 Hillcrest Way,91640,1980-07-16,metro,61300.0,0.431,7.1,0,7.0,28300.0,20.2,0,1
APP01182,Grace Johnson,993-58-1314,grace.johnson484@example.com,4913 Hillcrest Way,91340,1961-08-18,metro,39500.0,0.579,12.8,2,12.1,20700.0,40.0,0,0
APP01183,Priya Lee,943-55-5156,priya.lee61@example.com,9093 Lakeview Blvd,91931,1971-07-05,metro,42000.0,0.331,6.1,0,10.0,5600.0,39.0,0,1
APP01184,Daniel Davis,998-97-2760,daniel.davis414@example.com,8758 Elm Dr,95902,1980-09-13,rural,33300.0,0.384,18.0,0,5.2,27700.0,83.3,1,0
APP01185,Daniel Ali,917-64-1971,daniel.ali47@example.com,7183 Oak St,96044,1967-12-03,rural,51500.0,0.367,5.8,0,6.1,41400.0,63.3,0,0
APP01186,Hiro Kim,934-92-5429,hiro.kim250@example.com,1371 Hillcrest Way,90022,1994-08-10,metro,58800.0,0.326,3.3,0,,12000.0,46.5,0,1
APP01187,Sofia Taylor,971-80-3116,sofia.taylor37@example.com,7847 Lakeview Blvd,91546,1988-07-26,metro,44600.0,0.392,17.4,0,9.1,32100.0,33.8,1,0
APP01188,Carlos Moore,922-52-6245,carlos.moore699@example.com,745 Elm Dr,95946,1986-06-27,rural,57600.0,0.46,9.1,0,0.6,23200.0,71.4,1,0
APP01189,Kevin Clark,914-36-5780,kevin.clark216@example.com,8584 Maple Ave,91678,1951-07-02,metro,38300.0,0.154,4.3,0,9.1,28000.0,55.9,0,0
APP01190,Olivia Chen,985-89-5315,olivia.chen430@example.com,4128 Maple Ave,90660,2000-07-30,metro,87600.0,0.343,7.7,0,3.4,18700.0,39.5,0,1
APP01191,Hiro Wilson,972-53-1086,hiro.wilson730@example.com,5427 Elm Dr,95999,1980-09-08,rural,69400.0,0.417,7.2,0,8.9,13100.0,85.5,0,1
APP01192,Daniel Nguyen,939-54-9243,daniel.nguyen506@example.com,6524 Cedar Ln,96011,1971-03-29,rural,79600.0,0.41,17.7,1,1.8,24700.0,85.6,0,0
APP01193,James Lee,935-77-8290,james.lee307@example.com,4780 Lakeview Blvd,96052,1962-03-25,rural,52600.0,0.292,8.7,0,6.1,26300.0,77.0,1,0
APP01194,Aisha Clark,990-48-9127,aisha.clark468@example.com,5430 Elm Dr,91373,1981-12-12,metro,,0.21,4.9,0,3.2,9100.0,38.8,1,0
APP01195,Emma Brown,991-28-6062,emma.brown407@example.com,1699 Elm Dr,90746,1960-06-19,metro,76300.0,0.412,6.1,0,4.5,17400.0,41.7,1,0
APP01196,Ravi Taylor,961-98-1654,ravi.taylor421@example.com,1508 Pine Rd,96194,1976-12-11,rural,106200.0,0.265,2.8,1,2.0,37300.0,69.2,1,0
APP01197,Priya Lee,912-53-7765,priya.lee504@example.com,4249 Cedar Ln,95963,1975-02-02,rural,,0.351,12.4,0,2.4,24800.0,80.2,0,1
APP01198,Linh Wilson,934-36-3517,linh.wilson986@example.com,4684 Lakeview Blvd,90467,1987-09-09,metro,86300.0,0.218,7.5,2,,21100.0,39.7,0,1
APP01199,Priya Hernandez,994-25-8208,priya.hernandez797@example.com,9729 Pine Rd,96141,1996-12-22,rural,65600.0,0.444,17.1,1,,43000.0,67.3,0,1
APP01200,James Lee,915-85-6008,james.lee790@example.com,6325 Maple Ave,96185,1969-11-19,rural,105600.0,0.091,11.5,0,4.6,31100.0,61.2,0,1
APP01201,James Ramirez,943-96-9785,james.ramirez669@example.com,4701 Elm Dr,96129,1995-10-19,rural,105400.0,0.281,10.0,0,9.3,22600.0,82.7,0,1
APP01202,Daniel Ramirez,981-25-1377,daniel.ramirez774@example.com,3202 Hillcrest Way,90584,1957-05-25,metro,60400.0,0.418,20.9,0,9.7,17800.0,50.9,1,0
APP01203,Hiro Garcia,976-79-5337,hiro.garcia219@example.com,726 Hillcrest Way,91364,1964-06-17,metro,52800.0,0.216,7.7,0,2.2,19200.0,32.2,0,1
APP01204,Aisha Brown,963-23-6013,aisha.brown322@example.com,3908 Elm Dr,91152,1990-11-01,metro,48400.0,0.064,12.7,1,9.7,33300.0,32.1,0,1
APP01205,Fatima Moore,914-54-8571,fatima.moore825@example.com,1124 Pine Rd,90048,1974-09-09,metro,,0.319,0.8,1,0.8,22000.0,29.7,1,0
APP01206,Chloe Martinez,981-26-9273,chloe.martinez619@example.com,5655 Hillcrest Way,91622,1973-01-08,metro,50200.0,0.607,7.0,0,23.4,24400.0,32.8,0,1
APP01207,Olivia Chen,925-25-6204,olivia.chen12@example.com,4900 Cedar Ln,91467,1959-05-12,metro,54900.0,0.045,16.9,1,3.9,21300.0,45.8,0,1
APP01208,Mateo Brown,917-84-7460,mateo.brown280@example.com,694 Oak St,96053,1964-05-09,rural,87100.0,0.403,8.8,0,1.2,23600.0,84.5,0,1
APP01209,Maria Taylor,944-58-3721,maria.taylor856@example.com,7687 Hillcrest Way,91710,1955-08-05,metro,70400.0,0.314,10.9,0,4.6,11200.0,34.6,0,1
APP01210,Chloe Chen,992-56-9647,chloe.chen957@example.com,3846 Lakeview Blvd,90869,1977-05-10,metro,84600.0,0.267,20.0,0,6.6,20200.0,37.1,0,1
APP01211,Daniel Ali,931-84-4275,daniel.ali670@example.com,577 Pine Rd,95903,1950-08-16,rural,85400.0,0.195,6.0,0,3.8,18000.0,73.1,0,1
APP01212,Grace Lopez,962-32-3830,grace.lopez730@example.com,5762 Hillcrest Way,91366,1954-08-14,metro,47900.0,0.369,18.0,0,10.5,22100.0,35.9,0,0
APP01213,Alex Wilson,984-67-3401,alex.wilson8@example.com,5159 Hillcrest Way,96154,1971-01-27,rural,73700.0,0.318,16.8,0,2.6,17900.0,73.8,1,0
APP01214,Carlos Kim,925-38-9096,carlos.kim749@example.com,9413 Maple Ave,96181,1956-05-27,rural,29400.0,0.4,19.6,0,1.4,20700.0,75.9,1,0
APP01215,Fatima Martinez,995-98-3865,fatima.martinez55@example.com,3332 Oak St,90641,1983-07-26,metro,67000.0,0.41,3.7,0,8.1,10400.0,33.4,1,0
APP01216,Noah Johnson,975-15-3144,noah.johnson869@example.com,455 Maple Ave,95933,1969-10-12,rural,82500.0,0.42,8.3,1,3.9,35500.0,61.2,1,0
APP01217,Noah Davis,991-82-3549,noah.davis690@example.com,5471 Pine Rd,95904,1973-10-03,rural,128700.0,0.28,6.9,1,6.5,14300.0,77.5,1,0
APP01218,Carlos Nguyen,959-92-5572,carlos.nguyen3@example.com,3720 Oak St,90755,1979-11-13,metro,68000.0,0.399,16.1,0,3.3,10200.0,46.4,0,1
APP01219,Chloe Taylor,978-97-7748,chloe.taylor542@example.com,9058 Pine Rd,91387,1958-06-06,metro,72600.0,0.279,4.5,0,3.1,13600.0,53.2,1,1
APP01220,Hiro Ali,946-91-7387,hiro.ali878@example.com,6163 Cedar Ln,96044,2001-02-11,rural,42100.0,0.29,10.1,1,3.7,15600.0,73.9,0,1
APP01221,Carlos Lee,983-35-3121,carlos.lee766@example.com,9384 Oak St,90740,1996-05-19,metro,46000.0,0.215,6.8,1,,21700.0,28.3,1,0
APP01222,Kevin Lopez,956-57-3901,kevin.lopez144@example.com,9108 Hillcrest Way,96142,1961-11-06,rural,94300.0,0.249,4.6,0,4.7,9300.0,79.4,0,1
APP01223,Linh Moore,906-36-9076,linh.moore728@example.com,2337 Oak St,90782,1985-11-06,metro,60700.0,0.338,14.6,0,9.0,23800.0,42.0,0,1
APP01224,Maria Taylor,959-77-4758,maria.taylor96@example.com,8434 Maple Ave,96021,1986-12-24,rural,58000.0,0.322,10.3,1,12.6,14500.0,76.4,1,0
APP01225,Fatima Kim,962-67-8001,fatima.kim252@example.com,684 Lakeview Blvd,91828,2001-02-26,metro,77200.0,0.318,11.6,1,,38400.0,27.6,1,1
APP01226,Maria Lopez,950-39-9448,maria.lopez938@example.com,3169 Pine Rd,91491,1993-07-18,metro,108600.0,0.425,6.4,0,4.3,29400.0,28.0,0,0
APP01227,Noah Lopez,971-21-3162,noah.lopez86@example.com,6667 Oak St,96130,1995-04-06,rural,124800.0,0.236,5.0,0,3.3,16000.0,73.8,0,1
APP01228,Grace Lopez,915-45-4776,grace.lopez890@example.com,8285 Oak St,95900,1964-08-29,rural,52000.0,0.375,11.7,0,5.1,29500.0,72.6,0,1
APP01229,Carlos Patel,962-19-3075,carlos.patel779@example.com,6413 Lakeview Blvd,96150,1982-09-10,rural,54500.0,0.141,14.6,0,3.0,19600.0,60.9,0,1
APP01230,Olivia Lopez,964-72-6338,olivia.lopez295@example.com,2447 Lakeview Blvd,96027,1966-05-16,rural,59000.0,0.279,3.6,2,2.1,22100.0,77.1,1,0
APP01231,Omar Taylor,978-33-3497,omar.taylor620@example.com,4482 Hillcrest Way,91670,1994-11-09,metro,81300.0,0.21,11.1,1,6.4,4400.0,51.0,0,1
APP01232,Maria Nguyen,981-95-5715,maria.nguyen648@example.com,1985 Pine Rd,96125,1976-04-23,rural,30800.0,0.529,5.5,0,9.1,31200.0,59.4,1,0
APP01233,Fatima Singh,960-87-7680,fatima.singh531@example.com,5913 Oak St,91345,1954-07-04,metro,90600.0,0.192,6.9,0,1.6,34900.0,34.2,0,1
APP01234,Linh Johnson,918-69-2978,linh.johnson613@example.com,2618 Cedar Ln,96029,1972-07-02,rural,95700.0,0.043,13.7,1,8.8,20300.0,65.2,0,1
APP01235,Ravi Hernandez,947-79-2895,ravi.hernandez381@example.com,6671 Elm Dr,96159,1956-07-15,rural,47500.0,0.182,8.9,1,6.4,20400.0,82.9,1,0
APP01236,Grace Taylor,989-80-7364,grace.taylor265@example.com,5401 Pine Rd,91505,1961-05-15,metro,66200.0,0.289,4.7,0,3.1,16000.0,21.0,0,1
APP01237,Priya Nguyen,943-77-6504,priya.nguyen521@example.com,3604 Elm Dr,95924,1961-10-16,rural,74300.0,0.279,6.4,2,5.3,10600.0,84.3,0,1
APP01238,Fatima Patel,946-31-4895,fatima.patel11@example.com,7995 Lakeview Blvd,90870,1984-05-16,metro,46400.0,0.499,10.5,0,4.9,23300.0,32.1,1,0
APP01239,Noah Johnson,902-37-7036,noah.johnson970@example.com,1016 Hillcrest Way,90897,1988-12-01,metro,96500.0,0.313,2.4,0,7.2,19800.0,32.2,0,1
APP01240,Alex Hernandez,977-29-7515,alex.hernandez532@example.com,1381 Hillcrest Way,90800,1972-09-12,metro,68400.0,0.377,11.5,0,10.0,14900.0,17.9,0,1
APP01241,Fatima Wilson,924-84-6912,fatima.wilson695@example.com,1591 Elm Dr,90011,1992-09-01,metro,27700.0,0.364,12.1,0,8.0,22000.0,45.7,1,0
APP01242,Ravi Nguyen,977-36-3865,ravi.nguyen652@example.com,9500 Lakeview Blvd,90280,1997-01-22,metro,70800.0,0.284,10.7,0,2.1,13800.0,36.3,0,1
APP01243,James Martinez,922-81-9746,james.martinez764@example.com,4282 Pine Rd,90456,1964-10-26,metro,88400.0,0.379,9.6,1,9.6,25300.0,25.8,1,0
APP01244,Chloe Brown,921-70-3834,chloe.brown276@example.com,1781 Maple Ave,95907,1996-03-10,rural,48400.0,0.466,3.7,1,11.6,30500.0,72.9,1,0
APP01245,Carlos Kim,947-12-4878,carlos.kim916@example.com,2112 Maple Ave,91754,1987-08-09,metro,101400.0,0.31,12.7,0,4.7,9200.0,33.4,0,1
APP01246,Sofia Garcia,958-97-9139,sofia.garcia323@example.com,2004 Maple Ave,90749,1974-05-13,metro,51400.0,0.434,22.5,0,4.1,13300.0,31.6,0,1
APP01247,Chloe Ramirez,983-72-7319,chloe.ramirez411@example.com,7783 Maple Ave,91522,1998-11-18,metro,55900.0,0.147,2.2,0,9.5,19400.0,31.7,0,1
APP01248,James Clark,976-34-2646,james.clark111@example.com,6820 Hillcrest Way,91696,1969-11-21,metro,92700.0,0.258,7.3,0,3.8,9200.0,29.6,1,0
APP01249,Hiro Moore,972-66-2070,hiro.moore372@example.com,7095 Hillcrest Way,90163,1987-08-10,metro,64600.0,0.235,1.5,0,5.7,15600.0,44.2,0,1
APP01250,James Patel,986-12-8085,james.patel397@example.com,6067 Elm Dr,91686,1975-09-26,metro,39000.0,0.203,4.8,0,25.8,10400.0,28.0,0,1
APP01251,Priya Taylor,956-25-3215,priya.taylor206@example.com,1470 Cedar Ln,96079,1951-10-15,rural,59900.0,0.237,3.9,0,2.6,18600.0,81.4,0,1
APP01252,Sofia Hernandez,948-29-4010,sofia.hernandez872@example.com,5260 Cedar Ln,95974,1960-09-16,rural,53700.0,0.401,12.9,3,8.0,14800.0,93.4,0,0
APP01253,Olivia Lopez,962-41-5567,olivia.lopez609@example.com,4837 Lakeview Blvd,91625,1997-08-15,metro,66200.0,0.302,7.5,1,8.5,15300.0,42.3,1,0
APP01254,Maria Martinez,913-80-4236,maria.martinez695@example.com,6703 Elm Dr,90186,1951-12-24,metro,54700.0,0.43,4.9,1,2.0,24600.0,51.0,1,0
APP01255,Emma Hernandez,930-89-5005,emma.hernandez153@example.com,7715 Cedar Ln,96178,1957-10-19,rural,164800.0,0.332,3.9,0,4.9,25400.0,69.0,0,1
APP01256,Hiro Taylor,952-89-1594,hiro.taylor580@example.com,5021 Maple Ave,91705,1994-01-28,metro,42700.0,0.199,13.8,0,2.9,16800.0,35.2,1,0
APP01257,Chloe Ramirez,981-14-7214,chloe.ramirez380@example.com,133 Maple Ave,90974,1967-04-18,metro,60900.0,0.378,1.8,1,7.2,10800.0,31.9,1,0
APP01258,Hiro Chen,958-85-5742,hiro.chen523@example.com,4922 Hillcrest Way,91653,1954-01-18,metro,60100.0,0.54,10.0,1,,18700.0,29.6,1,0
APP01259,Aisha Lopez,973-51-5950,aisha.lopez416@example.com,7266 Pine Rd,96048,1986-01-17,rural,30800.0,0.1,5.0,0,10.1,24200.0,70.5,1,0
APP01260,Priya Nguyen,965-56-4674,priya.nguyen897@example.com,3566 Oak St,91662,1960-08-22,metro,54300.0,0.29,7.3,1,1.3,25900.0,47.9,1,0
APP01261,Daniel Clark,959-64-8446,daniel.clark58@example.com,8134 Maple Ave,95974,1983-07-31,rural,72100.0,0.373,8.7,1,5.5,13900.0,79.4,1,0
APP01262,Mateo Davis,923-84-8770,mateo.davis629@example.com,8285 Oak St,90117,1970-10-18,metro,87400.0,0.211,2.2,2,4.3,28500.0,33.6,0,1
APP01263,Omar Singh,990-53-2539,omar.singh893@example.com,9642 Cedar Ln,96183,1988-10-31,rural,56700.0,0.207,7.7,0,8.9,24800.0,62.3,0,1
APP01264,Omar Moore,943-65-9050,omar.moore957@example.com,7743 Lakeview Blvd,95930,1982-10-05,rural,79000.0,0.428,18.2,0,6.0,19100.0,62.4,0,1
APP01265,James Lee,997-46-5004,james.lee278@example.com,4903 Lakeview Blvd,91750,1973-07-15,metro,58700.0,0.321,7.6,0,4.3,23300.0,22.1,0,1
APP01266,Daniel Taylor,997-78-5310,daniel.taylor647@example.com,1905 Elm Dr,96151,1999-04-23,rural,88100.0,0.565,4.5,0,7.8,52200.0,87.1,1,0
APP01267,Grace Ali,917-28-2198,grace.ali189@example.com,3399 Oak St,91088,1953-05-26,metro,99700.0,0.38,8.5,0,5.7,6200.0,43.8,0,1
APP01268,Daniel Martinez,911-69-6585,daniel.martinez558@example.com,9903 Hillcrest Way,95944,1984-03-26,rural,78700.0,0.347,7.2,1,10.7,31800.0,71.6,0,0
APP01269,Olivia Taylor,942-23-3410,olivia.taylor257@example.com,3448 Cedar Ln,90447,1973-09-06,metro,64000.0,0.194,8.6,0,4.4,12400.0,24.9,0,1
APP01270,Omar Kim,994-10-7119,omar.kim688@example.com,8579 Oak St,95905,1952-03-09,rural,113200.0,0.246,3.9,0,1.4,6300.0,75.3,0,1
APP01271,Noah Singh,986-30-9331,noah.singh452@example.com,9165 Pine Rd,96091,1993-01-13,rural,,0.319,2.4,0,4.1,10800.0,72.6,0,1
APP01272,Alex Brown,961-45-3149,alex.brown591@example.com,6626 Lakeview Blvd,90936,1998-05-28,metro,56600.0,0.212,11.6,3,10.4,30200.0,46.2,1,0
APP01273,Ravi Hernandez,917-29-4424,ravi.hernandez643@example.com,5497 Hillcrest Way,91123,1963-03-02,metro,67900.0,0.181,16.2,0,6.0,14600.0,37.9,0,1
APP01274,Mateo Moore,907-56-5459,mateo.moore776@example.com,102 Oak St,96167,1994-02-13,rural,53300.0,0.329,10.1,0,2.4,8000.0,80.2,0,0
APP01275,Maria Moore,962-27-2080,maria.moore370@example.com,2078 Hillcrest Way,90573,1975-04-27,metro,70800.0,0.284,6.3,0,5.2,12600.0,49.9,0,1
APP01276,Ravi Lopez,935-47-9192,ravi.lopez297@example.com,8587 Oak St,96013,1953-03-23,rural,42600.0,0.241,7.0,0,9.9,33400.0,75.9,0,1
APP01277,Mateo Clark,927-29-5646,mateo.clark784@example.com,6188 Pine Rd,91502,1978-03-11,metro,98200.0,0.443,2.4,2,5.9,22100.0,35.6,1,0
APP01278,Emma Hernandez,941-97-6170,emma.hernandez962@example.com,1392 Pine Rd,91119,1957-05-29,metro,100200.0,0.038,6.9,0,13.9,14900.0,36.7,0,1
APP01279,Daniel Lopez,901-30-6213,daniel.lopez491@example.com,8724 Elm Dr,91836,2000-05-24,metro,70500.0,0.232,11.6,0,14.5,11600.0,31.3,0,1
APP01280,Maria Lopez,966-22-5065,maria.lopez407@example.com,8786 Elm Dr,91581,1969-03-08,metro,87700.0,0.337,2.7,1,4.9,26800.0,30.7,0,1
APP01281,Ravi Hernandez,960-10-5003,ravi.hernandez138@example.com,4011 Cedar Ln,90800,1963-06-27,metro,61300.0,0.352,17.8,0,7.0,23500.0,34.7,1,0
APP01282,Hiro Lee,925-78-7378,hiro.lee303@example.com,6977 Cedar Ln,90723,1977-01-31,metro,54600.0,0.439,4.4,1,4.5,37900.0,30.0,1,0
APP01283,Fatima Martinez,933-32-5388,fatima.martinez419@example.com,6307 Oak St,90032,1962-04-20,metro,134700.0,0.294,11.5,0,2.1,21500.0,26.6,0,1
APP01284,Kevin Patel,945-92-6028,kevin.patel457@example.com,6252 Elm Dr,91567,1951-02-27,metro,47200.0,0.482,13.3,0,3.7,19500.0,36.1,0,1
APP01285,Noah Nguyen,997-21-1222,noah.nguyen686@example.com,2236 Maple Ave,91274,2001-04-20,metro,75100.0,0.156,9.9,0,5.2,15500.0,35.8,0,1
APP01286,Maria Lee,953-21-5610,maria.lee182@example.com,1004 Maple Ave,90974,1955-07-18,metro,33300.0,0.437,5.5,0,2.9,16400.0,20.5,1,0
APP01287,Aisha Ali,974-19-5705,aisha.ali813@example.com,1256 Elm Dr,90855,1981-02-25,metro,104100.0,0.609,11.8,1,2.4,26400.0,39.6,0,0
APP01288,Noah Martinez,978-91-9585,noah.martinez109@example.com,8679 Elm Dr,96137,1967-05-01,rural,70700.0,0.324,8.2,0,10.0,34100.0,61.9,1,0
APP01289,Priya Wilson,992-92-3293,priya.wilson350@example.com,8226 Cedar Ln,91967,1966-11-28,metro,115500.0,0.345,18.7,1,4.6,30900.0,35.7,0,1
APP01290,Maria Martinez,951-33-2922,maria.martinez348@example.com,1151 Elm Dr,91295,1969-10-04,metro,52900.0,0.41,4.9,1,8.2,23300.0,37.1,1,0
APP01291,Mateo Ramirez,960-98-8357,mateo.ramirez479@example.com,3310 Elm Dr,96151,1964-07-10,rural,,0.381,12.6,3,8.2,16100.0,75.7,1,0
APP01292,Daniel Moore,957-23-1028,daniel.moore458@example.com,6752 Oak St,95980,1965-03-30,rural,78900.0,0.454,14.7,0,2.4,11800.0,69.3,1,0
APP01293,Grace Martinez,979-30-7616,grace.martinez301@example.com,3775 Pine Rd,95950,1993-11-04,rural,104400.0,0.314,3.6,0,11.8,14800.0,81.5,0,1
APP01294,Ravi Moore,911-56-1540,ravi.moore246@example.com,1660 Cedar Ln,90977,1965-08-07,metro,115000.0,0.27,7.0,0,1.4,19100.0,31.4,0,1
APP01295,Chloe Ramirez,973-24-2750,chloe.ramirez346@example.com,4579 Lakeview Blvd,95995,1999-09-13,rural,41000.0,0.403,5.4,0,,28000.0,58.0,1,0
APP01296,Noah Clark,901-25-6736,noah.clark695@example.com,7165 Pine Rd,91260,1958-11-21,metro,59200.0,0.242,10.4,0,11.0,22200.0,23.2,0,1
APP01297,Omar Martinez,945-92-8912,omar.martinez411@example.com,1758 Maple Ave,96065,1981-11-10,rural,72700.0,0.318,3.0,0,2.9,26100.0,78.3,1,0
APP01298,Fatima Patel,954-64-2698,fatima.patel110@example.com,1473 Lakeview Blvd,91562,1964-05-08,metro,146100.0,0.339,4.4,0,3.2,16500.0,39.9,0,1
APP01299,Aisha Smith,945-82-2780,aisha.smith473@example.com,1560 Hillcrest Way,95977,1988-05-06,rural,61000.0,0.261,3.5,3,8.6,22400.0,85.7,0,0
APP01300,Emma Lopez,979-24-3876,emma.lopez697@example.com,6233 Elm Dr,90456,1955-02-28,metro,75000.0,0.303,21.4,0,4.2,17100.0,33.7,0,1
APP01301,Aisha Wilson,977-77-7368,aisha.wilson162@example.com,2688 Cedar Ln,91478,1953-11-19,metro,55400.0,0.234,5.2,1,2.9,23800.0,7.1,1,0
APP01302,Mateo Clark,946-72-4854,mateo.clark627@example.com,2631 Lakeview Blvd,90818,1981-07-01,metro,79900.0,0.158,4.8,0,1.1,37900.0,45.3,0,1
APP01303,Emma Patel,902-22-5938,emma.patel852@example.com,7498 Elm Dr,91267,1960-05-02,metro,58600.0,0.454,2.5,0,3.0,31500.0,49.0,1,0
APP01304,Fatima Kim,940-87-6344,fatima.kim251@example.com,5638 Maple Ave,90262,1960-12-20,metro,62600.0,0.384,12.4,0,6.8,21900.0,33.1,1,0
APP01305,Linh Wilson,975-88-6663,linh.wilson960@example.com,9330 Oak St,96156,1994-05-17,rural,24500.0,0.326,19.0,0,7.2,15900.0,66.2,1,0
APP01306,Linh Smith,984-19-5500,linh.smith641@example.com,5062 Lakeview Blvd,91183,1974-10-15,metro,69700.0,0.236,9.8,1,2.3,14000.0,40.1,0,1
APP01307,Fatima Clark,967-31-6208,fatima.clark881@example.com,1573 Pine Rd,95922,1970-11-14,rural,,0.437,5.3,0,2.5,21500.0,61.3,1,0
APP01308,James Moore,938-86-7746,james.moore768@example.com,3116 Pine Rd,91068,1962-02-04,metro,63900.0,0.02,21.6,2,11.7,34800.0,24.0,0,1
APP01309,Mateo Wilson,949-32-7946,mateo.wilson715@example.com,9689 Maple Ave,90465,2000-11-12,metro,55100.0,0.293,4.2,2,2.9,28200.0,34.3,1,0
APP01310,Alex Davis,932-47-6266,alex.davis550@example.com,7409 Hillcrest Way,95922,1987-11-08,rural,37400.0,0.389,0.4,1,3.2,25300.0,78.3,1,0
APP01311,Grace Lopez,905-89-2053,grace.lopez594@example.com,5923 Cedar Ln,95928,1954-04-15,rural,54600.0,0.323,2.4,0,6.0,21200.0,68.7,1,0
APP01312,Priya Patel,987-32-8574,priya.patel450@example.com,8529 Elm Dr,91855,1962-10-26,metro,51500.0,0.257,11.2,1,2.8,24900.0,30.3,0,1
APP01313,James Martinez,969-28-9191,james.martinez579@example.com,8587 Lakeview Blvd,91452,1988-11-21,metro,100600.0,0.425,8.7,0,3.9,10800.0,49.4,0,1
APP01314,Sofia Kim,940-84-9316,sofia.kim942@example.com,6306 Elm Dr,96076,2001-05-07,rural,68600.0,0.431,12.7,1,8.8,15000.0,83.0,1,0
APP01315,Hiro Smith,992-35-9003,hiro.smith993@example.com,5122 Lakeview Blvd,95902,1964-04-18,rural,53200.0,0.249,8.7,0,8.1,19700.0,75.5,1,0
APP01316,Alex Ramirez,986-60-3922,alex.ramirez352@example.com,9489 Maple Ave,91087,1988-09-18,metro,42200.0,0.55,13.2,0,5.9,7600.0,27.0,1,0
APP01317,Priya Martinez,922-94-5532,priya.martinez856@example.com,6127 Elm Dr,90760,1981-11-01,metro,86600.0,0.261,8.3,0,1.5,13200.0,44.6,0,1
APP01318,Fatima Ali,970-72-9056,fatima.ali811@example.com,305 Hillcrest Way,90441,1989-05-11,metro,85700.0,0.346,8.1,1,,2100.0,38.5,0,1
APP01319,Omar Garcia,912-42-8702,omar.garcia671@example.com,3045 Lakeview Blvd,91239,1960-10-14,metro,32500.0,0.287,2.5,0,12.5,21300.0,32.5,1,0
APP01320,Kevin Ramirez,922-87-3713,kevin.ramirez642@example.com,4968 Hillcrest Way,90623,1981-10-30,metro,42700.0,0.373,21.0,1,7.3,12400.0,30.5,1,0
APP01321,Sofia Moore,975-38-2840,sofia.moore230@example.com,4403 Hillcrest Way,96157,1983-11-15,rural,102900.0,0.263,4.6,1,,24300.0,69.4,1,0
APP01322,James Garcia,910-26-8912,james.garcia654@example.com,2013 Pine Rd,90379,1967-12-06,metro,57600.0,0.263,16.1,2,11.6,18700.0,34.3,1,0
APP01323,Chloe Johnson,937-43-9099,chloe.johnson258@example.com,4388 Elm Dr,91753,1955-03-23,metro,42300.0,0.592,4.6,0,5.3,22400.0,21.2,1,0
APP01324,Carlos Hernandez,981-72-2876,carlos.hernandez36@example.com,7315 Cedar Ln,91561,1975-10-27,metro,64400.0,0.497,15.6,0,6.2,18300.0,34.5,1,0
APP01325,Alex Johnson,981-74-9843,alex.johnson348@example.com,2969 Hillcrest Way,95995,1976-08-15,rural,60800.0,0.378,9.0,1,7.3,5700.0,67.5,1,0
APP01326,Noah Brown,965-56-9758,noah.brown917@example.com,1948 Pine Rd,90164,1987-07-30,metro,67100.0,0.354,8.4,0,5.4,17100.0,52.8,1,0
APP01327,Priya Ramirez,919-22-3369,priya.ramirez839@example.com,8661 Cedar Ln,91803,1993-03-29,metro,83700.0,0.25,8.5,2,1.7,37300.0,32.7,0,1
APP01328,Chloe Singh,904-37-9832,chloe.singh923@example.com,7482 Elm Dr,96129,1957-02-09,rural,86600.0,0.338,4.5,0,5.1,38100.0,74.2,0,1
APP01329,Aisha Brown,942-28-2020,aisha.brown714@example.com,2872 Lakeview Blvd,91409,1983-06-08,metro,86100.0,0.447,8.7,0,16.2,23100.0,42.0,0,1
APP01330,Carlos Hernandez,924-84-4453,carlos.hernandez171@example.com,2864 Oak St,90616,2001-06-06,metro,55700.0,0.322,8.2,0,3.9,24600.0,30.7,0,1
APP01331,Carlos Chen,969-90-9357,carlos.chen530@example.com,4109 Lakeview Blvd,90353,1970-07-11,metro,,0.306,2.6,0,3.7,18200.0,43.2,0,1
APP01332,Aisha Singh,994-61-7396,aisha.singh900@example.com,1146 Maple Ave,95954,1987-11-26,rural,65800.0,0.405,2.8,0,4.0,26500.0,58.7,1,0
APP01333,Ravi Davis,943-92-7364,ravi.davis649@example.com,6216 Hillcrest Way,91565,1983-12-22,metro,,0.202,8.6,1,3.2,27200.0,32.8,1,0
APP01334,Alex Martinez,994-52-2751,alex.martinez92@example.com,5887 Cedar Ln,91947,1955-01-11,metro,56100.0,0.572,2.5,0,8.7,26600.0,28.3,1,0
APP01335,James Garcia,912-14-8262,james.garcia683@example.com,2914 Maple Ave,90818,1993-01-10,metro,50900.0,0.31,4.3,1,1.2,5900.0,17.7,1,0
APP01336,James Kim,919-45-6521,james.kim805@example.com,5631 Cedar Ln,91453,1975-07-08,metro,57000.0,0.379,7.6,0,2.7,20800.0,31.7,1,0
APP01337,Emma Martinez,941-76-7527,emma.martinez603@example.com,2802 Cedar Ln,91055,1989-10-16,metro,49600.0,0.131,12.2,0,12.8,31800.0,39.0,0,1
APP01338,Aisha Martinez,955-74-5058,aisha.martinez428@example.com,2746 Hillcrest Way,90193,1974-07-02,metro,59600.0,0.381,15.6,1,5.1,26400.0,21.2,1,0
APP01339,Hiro Wilson,919-62-4476,hiro.wilson406@example.com,7645 Maple Ave,90545,1996-05-19,metro,63900.0,0.264,8.3,3,3.1,37200.0,38.2,1,0
APP01340,Emma Ramirez,913-19-6395,emma.ramirez27@example.com,5817 Pine Rd,91606,1964-06-17,metro,73600.0,0.241,6.3,1,2.6,21100.0,41.7,0,1
APP01341,James Davis,926-90-1753,james.davis582@example.com,9274 Pine Rd,91211,1957-03-14,metro,53000.0,0.284,16.1,1,3.4,10100.0,29.6,0,1
APP01342,Alex Brown,961-54-2202,alex.brown730@example.com,4346 Maple Ave,90623,1981-02-22,metro,68200.0,0.331,2.7,0,3.6,31400.0,32.0,1,0
APP01343,James Singh,912-98-7898,james.singh812@example.com,5562 Hillcrest Way,90456,1972-01-24,metro,85600.0,0.24,7.0,0,8.2,29600.0,32.3,0,1
APP01344,Sofia Johnson,910-54-2700,sofia.johnson578@example.com,9083 Pine Rd,90276,1969-08-27,metro,65400.0,0.292,11.2,1,5.7,21900.0,38.2,0,0
APP01345,Carlos Nguyen,967-48-2011,carlos.nguyen830@example.com,506 Elm Dr,90096,1978-07-26,metro,67700.0,0.36,4.5,1,2.0,17500.0,38.1,0,1
APP01346,Alex Lopez,997-19-6822,alex.lopez767@example.com,7373 Oak St,90652,1963-11-30,metro,31700.0,0.293,6.5,0,14.4,17100.0,49.0,1,0
APP01347,Carlos Nguyen,967-22-2249,carlos.nguyen382@example.com,9673 Cedar Ln,91350,1984-11-27,metro,121500.0,0.408,14.2,0,20.4,27800.0,21.9,0,1
APP01348,Omar Nguyen,958-83-3632,omar.nguyen11@example.com,516 Pine Rd,91056,1987-11-26,metro,66800.0,0.268,7.9,0,5.3,19200.0,41.0,0,1
APP01349,Chloe Lee,973-47-4155,chloe.lee848@example.com,7268 Hillcrest Way,95903,1968-10-08,rural,59300.0,0.431,3.4,1,3.5,18000.0,84.3,1,0
APP01350,Ravi Moore,937-93-6338,ravi.moore727@example.com,7690 Hillcrest Way,91044,1969-08-18,metro,53600.0,0.256,20.4,0,3.5,12400.0,38.8,0,1
APP01351,Fatima Patel,931-72-3938,fatima.patel699@example.com,8902 Oak St,90442,1962-08-14,metro,41400.0,0.22,3.5,1,3.6,31700.0,38.7,1,0
APP01352,Kevin Martinez,918-50-5559,kevin.martinez550@example.com,2836 Pine Rd,96030,1985-10-05,rural,44900.0,0.368,6.3,0,3.9,32100.0,71.8,1,0
APP01353,Alex Wilson,906-10-7985,alex.wilson580@example.com,3386 Cedar Ln,91568,1994-03-24,metro,78900.0,0.15,7.7,1,3.1,8000.0,37.6,0,1
APP01354,James Ali,974-55-1132,james.ali767@example.com,7366 Oak St,91506,1972-11-09,metro,105600.0,0.327,3.6,1,7.6,13500.0,42.3,0,1
APP01355,Chloe Kim,950-61-7675,chloe.kim975@example.com,4436 Pine Rd,90402,1969-01-24,metro,52800.0,0.402,3.1,0,3.3,27000.0,32.5,1,0
APP01356,Noah Clark,961-44-2172,noah.clark72@example.com,7744 Cedar Ln,90325,1976-10-25,metro,112900.0,0.049,4.1,1,14.3,21400.0,34.9,1,1
APP01357,Omar Clark,905-65-3857,omar.clark63@example.com,2334 Maple Ave,90624,1972-10-01,metro,60700.0,0.151,10.1,0,1.5,33000.0,30.7,0,1
APP01358,Daniel Ramirez,934-35-4555,daniel.ramirez750@example.com,9754 Cedar Ln,90728,1982-03-08,metro,71000.0,0.13,12.6,0,4.7,26900.0,29.4,0,1
APP01359,Kevin Moore,921-17-4867,kevin.moore913@example.com,529 Cedar Ln,96159,1962-10-03,rural,51600.0,0.357,4.6,0,3.7,28500.0,83.7,0,0
APP01360,Sofia Chen,936-46-4304,sofia.chen376@example.com,6370 Cedar Ln,91525,1978-03-28,metro,40300.0,0.595,13.0,0,6.4,11900.0,41.3,0,0
APP01361,Ravi Singh,910-68-5662,ravi.singh431@example.com,3002 Oak St,90290,1997-07-02,metro,83900.0,0.3,23.7,1,6.2,31900.0,42.1,0,1
APP01362,Hiro Ali,963-99-8766,hiro.ali887@example.com,1006 Cedar Ln,91881,1965-12-08,metro,78500.0,0.473,9.1,2,5.0,16000.0,28.9,1,0
APP01363,Maria Hernandez,954-94-4174,maria.hernandez849@example.com,1211 Maple Ave,91891,1988-09-04,metro,95300.0,0.214,11.5,0,3.1,32400.0,52.1,0,1
APP01364,Daniel Nguyen,988-59-8234,daniel.nguyen527@example.com,3554 Hillcrest Way,95993,1993-02-26,rural,57200.0,0.139,12.2,2,9.3,14400.0,68.1,0,1
APP01365,Ravi Nguyen,956-86-9629,ravi.nguyen753@example.com,35 Cedar Ln,91583,1953-12-28,metro,56500.0,0.307,11.0,1,3.0,14200.0,40.6,0,1
APP01366,Alex Hernandez,976-24-2394,alex.hernandez100@example.com,9454 Lakeview Blvd,95991,1956-04-04,rural,,0.226,9.4,2,1.1,10800.0,67.6,0,1
APP01367,Kevin Johnson,922-23-2883,kevin.johnson782@example.com,994 Cedar Ln,91794,1977-09-12,metro,35400.0,0.313,14.3,0,4.2,14000.0,16.8,1,1
APP01368,Alex Hernandez,963-33-9725,alex.hernandez471@example.com,484 Lakeview Blvd,96174,1999-12-11,rural,38600.0,0.366,7.0,2,8.0,16200.0,61.1,1,0
APP01369,Linh Garcia,987-66-7322,linh.garcia267@example.com,2143 Cedar Ln,90593,1998-11-26,metro,60400.0,0.401,7.3,2,1.2,18600.0,49.2,0,1
APP01370,Olivia Lee,945-65-1509,olivia.lee852@example.com,8595 Cedar Ln,95945,1953-02-23,rural,99900.0,0.369,8.1,2,9.2,19200.0,90.2,1,0
APP01371,Grace Ali,963-34-4087,grace.ali529@example.com,3099 Maple Ave,91535,1981-11-24,metro,65800.0,0.384,7.9,1,4.6,32100.0,31.7,0,0
APP01372,Fatima Ramirez,946-35-8983,fatima.ramirez386@example.com,7918 Lakeview Blvd,90986,1972-03-11,metro,59100.0,0.285,13.4,1,5.0,26000.0,38.0,1,0
APP01373,Kevin Johnson,982-74-7007,kevin.johnson980@example.com,8383 Oak St,90734,1976-01-19,metro,91000.0,0.138,13.7,0,,15200.0,38.4,0,1
APP01374,Carlos Brown,960-37-8612,carlos.brown768@example.com,7848 Hillcrest Way,91691,1957-04-09,metro,109300.0,0.615,15.4,0,2.1,27600.0,46.6,0,1
APP01375,Fatima Nguyen,923-26-6480,fatima.nguyen869@example.com,2310 Pine Rd,90606,1992-04-27,metro,56100.0,0.275,4.4,0,8.0,14000.0,16.3,0,1
APP01376,Hiro Patel,927-64-2132,hiro.patel894@example.com,4395 Elm Dr,96068,1962-05-08,rural,66100.0,0.45,4.7,0,18.3,19300.0,71.8,1,0
APP01377,Sofia Garcia,988-32-9875,sofia.garcia567@example.com,3150 Lakeview Blvd,91287,1978-03-13,metro,46400.0,0.454,10.5,0,3.9,29900.0,41.6,1,0
APP01378,Grace Lee,925-68-5173,grace.lee503@example.com,6580 Oak St,90539,1977-01-07,metro,16900.0,0.323,2.5,0,1.6,2000.0,37.1,1,0
APP01379,Priya Johnson,965-80-3158,priya.johnson458@example.com,6998 Elm Dr,95914,1991-04-26,rural,46300.0,0.463,15.9,0,13.1,17100.0,50.7,0,1
APP01380,Sofia Nguyen,936-94-1493,sofia.nguyen603@example.com,1372 Oak St,90965,1996-07-08,metro,59600.0,0.282,6.9,0,14.5,15200.0,37.2,0,1
APP01381,Mateo Johnson,910-72-6349,mateo.johnson37@example.com,3570 Oak St,91977,1966-11-07,metro,106300.0,0.253,8.1,0,5.1,17000.0,37.8,0,1
APP01382,Maria Taylor,987-52-2442,maria.taylor239@example.com,493 Oak St,91839,2001-09-16,metro,43500.0,0.326,4.9,0,2.4,23000.0,41.4,0,1
APP01383,Linh Kim,902-96-4075,linh.kim689@example.com,157 Oak St,90762,1956-09-26,metro,92500.0,0.344,7.5,0,10.0,3600.0,44.5,0,1
APP01384,Alex Wilson,917-83-5867,alex.wilson360@example.com,2266 Pine Rd,96034,1974-02-03,rural,95300.0,0.431,12.8,0,12.3,8900.0,70.8,0,1
APP01385,Maria Brown,998-82-2837,maria.brown393@example.com,2231 Lakeview Blvd,90735,1959-02-23,metro,102800.0,0.337,8.6,1,13.5,32600.0,21.7,0,1
APP01386,Alex Lee,919-94-3504,alex.lee865@example.com,2485 Lakeview Blvd,90965,1970-05-15,metro,34200.0,0.283,3.5,1,9.7,22200.0,27.7,1,0
APP01387,Sofia Patel,999-66-5521,sofia.patel560@example.com,4334 Pine Rd,91544,1955-05-16,metro,116900.0,0.29,4.9,0,6.1,32500.0,39.8,0,1
APP01388,Maria Wilson,914-10-1227,maria.wilson24@example.com,7969 Cedar Ln,95908,1957-08-01,rural,58000.0,0.238,14.0,0,7.1,30200.0,70.3,1,1
APP01389,Omar Wilson,936-72-6576,omar.wilson457@example.com,808 Lakeview Blvd,91402,1972-03-02,metro,45900.0,0.236,7.4,0,6.7,14400.0,43.6,0,1
APP01390,Linh Johnson,912-83-2384,linh.johnson262@example.com,5439 Hillcrest Way,90197,1973-12-28,metro,98200.0,0.372,4.9,2,16.8,28100.0,31.7,0,1
APP01391,Hiro Smith,962-49-8481,hiro.smith430@example.com,2954 Pine Rd,91936,2001-01-25,metro,78100.0,0.505,15.8,0,4.2,30100.0,31.1,1,0
APP01392,Fatima Ali,944-18-6409,fatima.ali570@example.com,5015 Oak St,96180,1984-12-17,rural,91800.0,0.256,8.3,0,7.3,33800.0,71.6,0,1
APP01393,Alex Lee,954-81-9380,alex.lee579@example.com,205 Elm Dr,90860,1964-01-12,metro,40600.0,0.074,14.4,0,5.6,22900.0,30.5,0,1
APP01394,James Ali,973-26-8266,james.ali702@example.com,5658 Elm Dr,91128,1965-03-11,metro,68700.0,0.381,4.9,0,2.5,28200.0,40.7,0,1
APP01395,Aisha Ramirez,939-23-6215,aisha.ramirez757@example.com,5305 Oak St,95992,1977-07-15,rural,57000.0,0.328,7.0,0,4.6,31900.0,94.1,1,0
APP01396,Omar Davis,983-51-6717,omar.davis250@example.com,3948 Maple Ave,95937,1990-08-02,rural,64500.0,0.31,3.3,0,3.2,21400.0,74.8,1,0
APP01397,Grace Smith,967-29-2288,grace.smith584@example.com,6239 Oak St,90424,1955-04-24,metro,23900.0,0.431,4.8,1,4.0,34500.0,42.2,0,0
APP01398,Emma Martinez,908-98-8286,emma.martinez71@example.com,5111 Elm Dr,95920,1976-12-06,rural,56600.0,0.245,10.9,1,,27400.0,63.2,1,0
APP01399,Carlos Moore,908-57-8440,carlos.moore594@example.com,5960 Hillcrest Way,96194,1988-02-20,rural,71200.0,0.365,4.2,1,2.7,29600.0,77.2,1,0
APP01400,Olivia Chen,939-41-4770,olivia.chen155@example.com,1320 Cedar Ln,90520,1950-01-26,metro,29100.0,0.381,11.1,0,8.2,19000.0,35.5,0,0
APP01401,Chloe Ali,918-18-5518,chloe.ali862@example.com,3387 Oak St,91735,2000-08-21,metro,54800.0,0.21,6.4,0,9.4,26000.0,26.1,0,1
APP01402,Maria Chen,960-65-4722,maria.chen917@example.com,9744 Elm Dr,90467,1964-05-08,metro,50800.0,0.594,6.0,0,1.9,23000.0,46.1,1,0
APP01403,Carlos Nguyen,977-35-4330,carlos.nguyen319@example.com,9864 Maple Ave,96179,1960-10-18,rural,47200.0,0.374,8.0,0,3.3,31500.0,62.1,1,0
APP01404,James Johnson,977-63-3286,james.johnson101@example.com,8589 Elm Dr,90272,1998-11-18,metro,65600.0,0.443,2.1,1,8.5,22000.0,41.6,0,0
APP01405,Aisha Davis,986-77-9958,aisha.davis363@example.com,6915 Lakeview Blvd,90799,1984-04-15,metro,98300.0,0.172,6.4,0,9.2,37600.0,20.6,0,1
APP01406,Omar Johnson,976-38-5058,omar.johnson665@example.com,6941 Hillcrest Way,90197,1988-01-31,metro,,0.407,11.6,0,5.3,13500.0,16.7,0,1
APP01407,Daniel Lee,905-80-8673,daniel.lee62@example.com,826 Cedar Ln,91730,1960-07-16,metro,41300.0,0.34,2.0,3,6.6,24800.0,36.7,1,0
APP01408,Alex Singh,978-49-5196,alex.singh369@example.com,5098 Pine Rd,91807,1960-12-04,metro,79900.0,0.484,3.3,0,12.7,30300.0,36.6,0,1
APP01409,Alex Taylor,948-29-9646,alex.taylor256@example.com,6275 Lakeview Blvd,96003,1951-12-24,rural,46100.0,0.514,9.5,4,5.4,38400.0,74.9,1,0
APP01410,Mateo Johnson,947-45-8218,mateo.johnson429@example.com,1739 Lakeview Blvd,91262,1956-04-10,metro,66000.0,0.253,8.6,1,12.9,17700.0,17.7,0,1
APP01411,Olivia Martinez,979-41-6055,olivia.martinez119@example.com,443 Maple Ave,91059,1978-10-25,metro,47800.0,0.091,5.1,1,4.4,13600.0,7.0,1,0
APP01412,James Johnson,995-24-7610,james.johnson627@example.com,2141 Lakeview Blvd,90717,1987-08-02,metro,45900.0,0.609,2.9,1,10.0,16500.0,16.5,0,0
APP01413,Mateo Patel,942-62-9694,mateo.patel118@example.com,6492 Hillcrest Way,96094,1963-02-23,rural,53100.0,0.39,7.6,1,8.1,14500.0,77.1,1,0
APP01414,Hiro Ramirez,918-93-2772,hiro.ramirez754@example.com,1608 Lakeview Blvd,90541,1960-08-24,metro,69100.0,0.329,4.2,1,2.7,28500.0,30.9,1,0
APP01415,Omar Davis,972-78-8914,omar.davis812@example.com,2650 Pine Rd,90195,1979-05-12,metro,55300.0,0.372,1.4,0,5.9,14600.0,34.3,1,0
APP01416,Linh Garcia,958-10-4619,linh.garcia822@example.com,9360 Pine Rd,91802,1985-11-12,metro,70900.0,0.026,3.5,1,3.6,24000.0,28.3,0,1
APP01417,Mateo Lopez,922-71-7947,mateo.lopez876@example.com,2534 Cedar Ln,90676,1986-10-13,metro,56700.0,0.353,26.2,1,3.5,18300.0,50.6,0,1
APP01418,Emma Johnson,913-48-8927,emma.johnson22@example.com,4967 Elm Dr,90403,1995-01-15,metro,99600.0,0.254,6.7,0,10.9,26200.0,42.2,0,1
APP01419,Maria Nguyen,959-35-9117,maria.nguyen251@example.com,2031 Hillcrest Way,90437,1974-01-27,metro,54100.0,0.191,17.2,0,19.8,19600.0,50.8,0,1
APP01420,Alex Smith,999-14-1697,alex.smith454@example.com,1662 Hillcrest Way,95907,1997-08-13,rural,106000.0,0.394,1.9,0,2.0,13400.0,77.3,1,0
APP01421,Aisha Hernandez,954-70-9386,aisha.hernandez661@example.com,3762 Maple Ave,91302,1968-02-28,metro,48300.0,0.359,8.3,0,12.1,16300.0,20.6,1,0
APP01422,Kevin Johnson,989-34-4299,kevin.johnson945@example.com,4623 Maple Ave,90240,1955-04-06,metro,42000.0,0.4,3.7,0,4.1,18400.0,27.5,1,0
APP01423,Kevin Moore,978-98-3768,kevin.moore547@example.com,2809 Oak St,90602,2000-06-06,metro,88100.0,0.377,2.0,0,5.8,36300.0,40.4,0,1
APP01424,Ravi Johnson,927-59-6894,ravi.johnson467@example.com,6167 Cedar Ln,91728,1971-04-30,metro,67800.0,0.47,4.9,1,4.0,36600.0,44.0,1,0
APP01425,Emma Patel,967-97-3475,emma.patel160@example.com,7936 Pine Rd,91194,1993-01-07,metro,95800.0,0.276,9.0,0,3.4,30500.0,41.6,0,1
APP01426,Chloe Martinez,988-97-3627,chloe.martinez875@example.com,2136 Lakeview Blvd,90572,1968-07-09,metro,83700.0,0.364,3.8,0,5.5,12200.0,45.2,0,1
APP01427,Aisha Ramirez,905-97-4189,aisha.ramirez28@example.com,858 Pine Rd,90004,1953-09-20,metro,63400.0,0.467,4.7,0,12.5,16900.0,42.8,0,1
APP01428,Mateo Davis,940-65-6699,mateo.davis572@example.com,8807 Elm Dr,90544,1952-03-06,metro,38900.0,0.397,7.9,1,1.5,23700.0,18.8,0,0
APP01429,Aisha Moore,960-49-8365,aisha.moore193@example.com,8252 Pine Rd,96174,1974-08-07,rural,92900.0,0.516,4.2,0,3.6,33300.0,73.4,1,0
APP01430,Daniel Davis,939-96-7170,daniel.davis804@example.com,2011 Lakeview Blvd,91302,1965-07-23,metro,35500.0,0.129,6.3,0,4.1,23900.0,24.1,0,1
APP01431,Chloe Patel,941-37-6987,chloe.patel141@example.com,8913 Pine Rd,96175,1987-04-12,rural,39800.0,0.419,8.3,0,10.7,22600.0,60.1,1,0
APP01432,Omar Brown,999-48-1404,omar.brown813@example.com,8913 Lakeview Blvd,90018,1959-07-01,metro,92100.0,0.399,8.2,2,15.6,8500.0,33.1,0,1
APP01433,Olivia Martinez,904-80-5619,olivia.martinez113@example.com,5637 Oak St,91930,1986-11-03,metro,39200.0,0.498,6.6,1,6.2,26200.0,41.9,0,0
APP01434,Daniel Moore,973-23-4026,daniel.moore456@example.com,5462 Maple Ave,96050,1960-12-06,rural,94700.0,0.256,9.1,0,2.0,22900.0,80.4,0,1
APP01435,Maria Lee,977-97-2062,maria.lee670@example.com,6197 Oak St,90901,1999-02-24,metro,53100.0,0.5,7.7,0,12.1,30400.0,37.9,1,0
APP01436,Emma Patel,992-87-2794,emma.patel646@example.com,1186 Elm Dr,91847,1961-07-17,metro,45700.0,0.472,14.4,1,12.1,35900.0,24.7,0,0
APP01437,Maria Clark,907-16-1379,maria.clark239@example.com,1611 Oak St,91771,1968-08-11,metro,51700.0,0.31,5.6,1,10.3,25200.0,30.8,0,1
APP01438,Maria Lopez,980-48-3946,maria.lopez470@example.com,3034 Hillcrest Way,91577,1986-12-22,metro,80400.0,0.444,8.3,0,4.8,18700.0,44.0,0,1
APP01439,Carlos Ramirez,918-46-8197,carlos.ramirez986@example.com,1952 Maple Ave,96179,1971-07-08,rural,124600.0,0.215,6.9,0,4.6,26300.0,71.6,0,1
APP01440,James Patel,955-45-1920,james.patel333@example.com,6480 Oak St,90151,1983-02-06,metro,34900.0,0.183,12.3,0,5.7,25900.0,30.1,1,0
APP01441,James Brown,907-40-1864,james.brown903@example.com,7865 Hillcrest Way,91294,1972-11-01,metro,30600.0,0.314,3.1,0,,23300.0,51.3,1,0
APP01442,Grace Moore,918-83-4816,grace.moore129@example.com,7148 Elm Dr,90254,1981-11-04,metro,75200.0,0.451,5.7,0,5.8,22700.0,31.3,1,0
APP01443,Omar Martinez,905-18-3594,omar.martinez256@example.com,1058 Maple Ave,90528,1959-01-27,metro,54400.0,0.408,4.2,1,14.5,24500.0,47.7,1,0
APP01444,Maria Clark,968-62-1766,maria.clark577@example.com,2021 Oak St,90189,1986-11-29,metro,41200.0,0.304,22.6,1,17.4,13900.0,27.3,1,0
APP01445,Kevin Taylor,945-68-1722,kevin.taylor639@example.com,1171 Maple Ave,91897,1956-04-13,metro,73300.0,0.428,13.0,0,1.9,22800.0,22.5,0,1
APP01446,Daniel Ramirez,939-23-9996,daniel.ramirez66@example.com,2680 Oak St,91098,1992-01-01,metro,,0.389,12.7,0,1.3,19400.0,28.1,0,1
APP01447,Alex Chen,930-97-2385,alex.chen81@example.com,5994 Pine Rd,91777,1985-03-04,metro,51200.0,0.203,3.6,0,3.4,13200.0,39.8,0,1
APP01448,Alex Wilson,939-86-9097,alex.wilson698@example.com,7989 Cedar Ln,96187,1960-09-24,rural,20800.0,0.156,21.9,3,7.3,16800.0,66.1,1,0
APP01449,Linh Smith,953-55-8378,linh.smith369@example.com,2139 Pine Rd,95926,1992-09-21,rural,61800.0,0.289,2.3,1,6.5,26900.0,72.1,1,0
APP01450,Sofia Moore,965-65-5989,sofia.moore478@example.com,4068 Pine Rd,90832,1951-10-13,metro,75100.0,0.366,9.8,1,4.0,18700.0,46.7,0,1
APP01451,Carlos Clark,997-61-3538,carlos.clark933@example.com,7619 Hillcrest Way,90902,1971-12-28,metro,52300.0,0.198,3.2,2,8.9,21800.0,31.6,0,1
APP01452,Daniel Wilson,964-43-3596,daniel.wilson838@example.com,8156 Elm Dr,90820,1977-03-21,metro,48400.0,0.212,8.7,1,7.5,33000.0,40.4,1,0
APP01453,Hiro Clark,991-85-5653,hiro.clark704@example.com,9414 Elm Dr,91289,1957-01-07,metro,95400.0,0.391,4.4,1,4.4,8800.0,27.3,1,0
APP01454,Kevin Martinez,996-63-7550,kevin.martinez101@example.com,4698 Cedar Ln,95974,1999-08-09,rural,37800.0,0.239,6.0,1,13.1,23100.0,84.3,0,0
APP01455,Daniel Kim,931-27-1881,daniel.kim225@example.com,1523 Pine Rd,91377,1964-02-03,metro,70000.0,0.479,12.5,0,,19200.0,38.3,0,0
APP01456,Maria Patel,933-55-8637,maria.patel795@example.com,7954 Hillcrest Way,91653,1964-03-09,metro,82900.0,0.273,3.6,1,2.2,14000.0,35.6,0,1
APP01457,Chloe Kim,990-39-3894,chloe.kim807@example.com,4614 Maple Ave,90388,1991-08-30,metro,60200.0,0.37,2.0,0,2.5,27100.0,37.8,0,1
APP01458,Olivia Wilson,959-93-7966,olivia.wilson961@example.com,4961 Cedar Ln,96035,1970-07-23,rural,58700.0,0.286,10.4,1,8.8,8600.0,98.6,0,1
APP01459,Ravi Martinez,933-97-5468,ravi.martinez815@example.com,1097 Cedar Ln,91731,1954-02-17,metro,36500.0,0.392,5.0,0,4.7,23200.0,22.7,0,1
APP01460,Mateo Lopez,906-84-9321,mateo.lopez931@example.com,6010 Hillcrest Way,96051,1986-04-01,rural,52300.0,0.185,2.8,1,0.7,16800.0,71.5,1,0
APP01461,Olivia Ali,997-78-2571,olivia.ali361@example.com,152 Oak St,91944,1958-07-12,metro,90100.0,0.531,17.4,3,6.8,24600.0,35.1,1,0
APP01462,Emma Ramirez,968-64-7080,emma.ramirez711@example.com,8749 Cedar Ln,90947,1959-04-10,metro,40700.0,0.417,4.1,0,7.1,19300.0,27.3,1,0
APP01463,Hiro Lopez,998-89-2337,hiro.lopez5@example.com,3526 Elm Dr,90608,1960-11-17,metro,60600.0,0.23,19.5,1,6.4,30100.0,36.3,0,1
APP01464,Alex Kim,916-37-4512,alex.kim507@example.com,8394 Maple Ave,95946,1993-09-13,rural,28000.0,0.393,6.3,0,2.9,32300.0,65.8,1,0
APP01465,Grace Moore,948-78-3784,grace.moore268@example.com,8324 Oak St,90695,1978-12-03,metro,52700.0,0.078,7.8,1,6.8,14800.0,44.1,0,1
APP01466,Grace Johnson,999-54-7781,grace.johnson443@example.com,7523 Hillcrest Way,91361,1998-05-16,metro,27600.0,0.447,7.9,0,15.9,8700.0,45.0,1,0
APP01467,Kevin Kim,909-47-7186,kevin.kim954@example.com,2005 Lakeview Blvd,90579,1976-02-03,metro,43300.0,0.395,9.1,0,,24400.0,24.1,1,0
APP01468,Kevin Moore,902-36-4085,kevin.moore588@example.com,6829 Cedar Ln,90200,1982-11-01,metro,54900.0,0.37,5.6,0,3.4,23100.0,42.5,0,1
APP01469,Sofia Brown,976-18-2393,sofia.brown145@example.com,5907 Elm Dr,90506,1971-11-23,metro,57900.0,0.147,1.2,0,3.8,2200.0,38.0,0,1
APP01470,Olivia Moore,967-45-8250,olivia.moore909@example.com,3091 Lakeview Blvd,91515,1965-03-07,metro,67700.0,0.272,7.9,0,2.0,29400.0,50.3,0,1
APP01471,Olivia Clark,926-43-9886,olivia.clark213@example.com,586 Cedar Ln,91421,1967-12-01,metro,39700.0,0.345,10.7,0,2.3,25400.0,26.7,0,1
APP01472,Alex Patel,986-84-9274,alex.patel996@example.com,1130 Hillcrest Way,90183,1973-12-07,metro,45700.0,0.363,5.4,0,11.1,16000.0,29.8,0,1
APP01473,Hiro Garcia,961-29-2282,hiro.garcia679@example.com,6246 Maple Ave,95982,1957-09-23,rural,48800.0,0.236,3.5,0,6.0,23100.0,70.0,0,0
APP01474,Kevin Martinez,917-99-7046,kevin.martinez213@example.com,493 Cedar Ln,96154,1981-07-28,rural,38700.0,0.303,6.9,0,4.3,16500.0,73.3,0,0
APP01475,Olivia Lopez,971-12-7808,olivia.lopez840@example.com,2223 Hillcrest Way,90143,1981-12-21,metro,56300.0,0.172,27.3,0,6.5,3500.0,32.1,0,1
APP01476,Chloe Ramirez,909-77-3515,chloe.ramirez509@example.com,5326 Cedar Ln,90321,1993-10-29,metro,55700.0,0.338,20.2,0,13.8,40800.0,29.5,1,0
APP01477,Priya Clark,920-31-7262,priya.clark859@example.com,9206 Lakeview Blvd,90080,1951-01-05,metro,75000.0,0.23,16.6,2,3.3,20600.0,41.8,0,1
APP01478,James Brown,987-97-5254,james.brown897@example.com,2243 Elm Dr,90582,1979-12-13,metro,115400.0,0.296,4.7,0,5.8,15900.0,36.8,0,1
APP01479,Daniel Garcia,977-16-8600,daniel.garcia818@example.com,8360 Hillcrest Way,95982,1955-07-11,rural,55600.0,0.447,17.2,1,3.8,26200.0,78.5,1,0
APP01480,Linh Clark,920-26-9584,linh.clark149@example.com,5908 Maple Ave,96074,1998-03-13,rural,121500.0,0.413,4.2,0,8.1,14600.0,76.4,0,1
APP01481,Kevin Taylor,918-76-3796,kevin.taylor548@example.com,3820 Lakeview Blvd,96152,1992-07-24,rural,67600.0,0.246,13.1,3,5.1,11300.0,80.5,1,0
APP01482,Linh Kim,948-68-1745,linh.kim667@example.com,4187 Lakeview Blvd,91549,1983-09-22,metro,104900.0,0.476,11.4,0,4.7,15500.0,11.7,0,1
APP01483,Aisha Martinez,941-87-6436,aisha.martinez347@example.com,5535 Elm Dr,90798,1983-05-26,metro,65800.0,0.355,6.5,0,2.6,35900.0,28.0,0,1
APP01484,Linh Chen,982-68-8317,linh.chen549@example.com,3288 Pine Rd,95994,1986-06-08,rural,31000.0,0.305,4.8,0,1.9,17800.0,70.1,1,0
APP01485,James Martinez,914-43-8219,james.martinez223@example.com,9451 Hillcrest Way,90852,1996-05-21,metro,77200.0,0.113,5.0,0,15.2,17300.0,40.3,0,1
APP01486,Chloe Kim,992-93-9343,chloe.kim982@example.com,6288 Hillcrest Way,90159,1989-04-04,metro,91400.0,0.261,5.4,0,9.5,26100.0,21.1,0,1
APP01487,Hiro Lopez,995-18-6755,hiro.lopez681@example.com,4074 Lakeview Blvd,90237,1950-03-09,metro,48300.0,0.147,6.4,0,17.0,26700.0,42.0,1,0
APP01488,Carlos Clark,965-30-9994,carlos.clark292@example.com,4707 Maple Ave,91583,2001-01-18,metro,40400.0,0.48,9.0,0,3.5,40700.0,35.4,1,0
APP01489,Omar Kim,993-18-6156,omar.kim288@example.com,6515 Oak St,91030,1966-11-16,metro,90300.0,0.285,14.8,0,4.2,13200.0,30.0,0,1
APP01490,Noah Lopez,987-89-2621,noah.lopez727@example.com,7487 Maple Ave,91745,1950-05-08,metro,33200.0,0.336,7.0,0,1.4,11100.0,45.4,1,0
APP01491,Sofia Moore,906-18-1103,sofia.moore685@example.com,9469 Lakeview Blvd,90299,1978-10-08,metro,65900.0,0.485,8.7,0,2.5,33900.0,50.8,0,0
APP01492,James Ali,920-75-5630,james.ali830@example.com,4339 Cedar Ln,91446,1979-07-16,metro,61500.0,0.094,2.0,0,5.2,29200.0,43.9,1,0
APP01493,Omar Singh,932-32-9172,omar.singh230@example.com,1703 Hillcrest Way,90762,1992-09-23,metro,39800.0,0.325,6.5,1,17.0,25400.0,47.6,1,0
APP01494,Mateo Johnson,917-32-8605,mateo.johnson933@example.com,3638 Elm Dr,95948,1994-10-23,rural,42200.0,0.426,4.8,0,7.3,14400.0,82.6,1,0
APP01495,Linh Taylor,973-85-1337,linh.taylor740@example.com,175 Oak St,91798,1970-01-17,metro,140400.0,0.305,4.6,2,6.3,43100.0,41.5,0,1
APP01496,Carlos Smith,948-78-6318,carlos.smith98@example.com,7670 Hillcrest Way,91008,1993-12-18,metro,96300.0,0.253,11.0,0,6.4,32100.0,42.6,0,1
APP01497,Mateo Chen,961-98-5961,mateo.chen210@example.com,6985 Lakeview Blvd,91355,1983-03-18,metro,37900.0,0.245,3.8,0,7.2,12800.0,20.8,0,1
APP01498,Maria Lee,956-60-2377,maria.lee152@example.com,4599 Hillcrest Way,90672,1991-09-01,metro,51100.0,0.3,8.5,0,8.6,17800.0,46.5,1,0
APP01499,Linh Clark,913-65-8366,linh.clark642@example.com,7848 Pine Rd,90824,1985-10-22,metro,57200.0,0.183,11.5,0,2.8,30300.0,17.9,0,1
APP01500,Aisha Lopez,950-26-9644,aisha.lopez535@example.com,571 Hillcrest Way,91034,1996-02-24,metro,45500.0,0.409,17.9,0,16.6,32900.0,22.1,0,1
APP01501,Alex Martinez,972-94-2717,alex.martinez284@example.com,540 Hillcrest Way,90241,1977-07-23,metro,97200.0,0.417,12.7,1,8.6,17700.0,43.1,0,1
APP01502,Grace Lee,945-22-1695,grace.lee997@example.com,6439 Maple Ave,90584,1969-12-24,metro,62900.0,0.282,20.2,2,5.4,28400.0,28.0,0,1
APP01503,Mateo Hernandez,985-10-6315,mateo.hernandez403@example.com,2411 Hillcrest Way,91254,1989-08-12,metro,61900.0,0.181,5.3,1,18.5,40100.0,24.1,0,1
APP01504,Olivia Chen,912-40-9017,olivia.chen789@example.com,3629 Elm Dr,91603,1972-05-13,metro,54600.0,0.284,14.7,1,4.4,22700.0,32.4,0,1
APP01505,Kevin Moore,902-11-6369,kevin.moore292@example.com,8432 Maple Ave,91463,1998-01-08,metro,100000.0,0.228,9.8,0,6.4,22900.0,39.6,0,1
APP01506,Maria Martinez,937-38-4828,maria.martinez180@example.com,8663 Maple Ave,91730,1951-03-01,metro,116300.0,0.321,10.3,0,3.0,23400.0,36.6,0,1
APP01507,Aisha Wilson,985-38-1018,aisha.wilson744@example.com,2376 Hillcrest Way,96148,1972-11-30,rural,25700.0,0.349,8.7,0,12.0,29200.0,75.9,1,0
APP01508,Mateo Davis,904-68-7919,mateo.davis609@example.com,4077 Maple Ave,96098,1970-09-27,rural,115800.0,0.324,19.6,0,3.9,18700.0,76.3,0,1
APP01509,Mateo Nguyen,944-80-8467,mateo.nguyen190@example.com,3679 Oak St,91762,1987-03-10,metro,114400.0,0.261,6.9,0,5.8,31100.0,32.1,0,1
APP01510,Carlos Martinez,904-98-1960,carlos.martinez740@example.com,3877 Hillcrest Way,91676,1961-10-09,metro,31800.0,0.453,17.2,1,14.1,19800.0,30.4,1,0
APP01511,Carlos Lopez,918-46-2441,carlos.lopez233@example.com,6730 Lakeview Blvd,91088,1971-09-17,metro,80900.0,0.335,8.5,0,2.2,28900.0,39.2,0,1
APP01512,Ravi Smith,939-62-1190,ravi.smith576@example.com,7073 Pine Rd,90231,1982-10-25,metro,102200.0,0.295,13.5,1,4.4,17200.0,42.3,0,1
APP01513,Chloe Brown,942-52-8601,chloe.brown384@example.com,8755 Cedar Ln,91123,1980-05-19,metro,48200.0,0.28,3.1,1,14.1,15000.0,34.2,0,1
APP01514,Daniel Smith,915-34-5751,daniel.smith953@example.com,2506 Pine Rd,90251,1984-07-27,metro,61400.0,0.414,7.4,1,27.7,17500.0,26.6,1,0
APP01515,Alex Singh,963-60-6726,alex.singh395@example.com,3381 Oak St,90574,1961-10-04,metro,49000.0,0.352,5.7,0,8.2,9400.0,31.7,1,0
APP01516,Grace Wilson,906-24-6603,grace.wilson761@example.com,9282 Lakeview Blvd,96138,1955-01-22,rural,63800.0,0.319,5.4,0,6.0,23100.0,58.9,0,1
APP01517,Kevin Chen,965-52-1182,kevin.chen315@example.com,9185 Hillcrest Way,91836,1966-06-20,metro,42100.0,0.488,19.6,0,1.6,31800.0,34.5,1,0
APP01518,Fatima Ramirez,989-82-5363,fatima.ramirez517@example.com,6544 Lakeview Blvd,91158,1963-11-06,metro,121600.0,0.441,5.1,0,5.4,25200.0,46.0,0,1
APP01519,Ravi Moore,930-23-4363,ravi.moore189@example.com,936 Maple Ave,91402,1954-09-08,metro,90700.0,0.301,4.7,1,4.2,31800.0,20.5,0,1
APP01520,Daniel Clark,979-82-6210,daniel.clark319@example.com,1124 Maple Ave,95985,1974-01-25,rural,66700.0,0.096,11.6,1,12.5,15500.0,74.3,0,1
APP01521,Maria Johnson,931-36-2894,maria.johnson694@example.com,9439 Maple Ave,90215,1955-11-19,metro,106000.0,0.334,13.6,2,1.0,27500.0,37.6,0,1
APP01522,Mateo Martinez,987-41-8632,mateo.martinez164@example.com,9995 Hillcrest Way,91007,1978-07-11,metro,64800.0,0.298,11.2,0,3.6,19200.0,60.8,0,1
APP01523,James Clark,970-97-2662,james.clark371@example.com,6329 Pine Rd,90473,1973-08-01,metro,,0.46,26.8,1,2.2,12900.0,15.5,0,1
APP01524,Olivia Hernandez,957-98-8334,olivia.hernandez906@example.com,5846 Maple Ave,91511,1996-12-01,metro,53800.0,0.321,12.5,0,15.5,23800.0,39.6,0,1
APP01525,Maria Davis,961-90-8848,maria.davis365@example.com,6607 Maple Ave,91871,1958-10-07,metro,101300.0,0.4,13.4,0,6.6,27700.0,50.0,0,1
APP01526,Chloe Lee,914-77-5296,chloe.lee196@example.com,8299 Oak St,91668,1999-12-06,metro,67400.0,0.322,12.5,0,1.2,19700.0,24.3,0,1
APP01527,Carlos Ali,959-44-8280,carlos.ali110@example.com,4417 Lakeview Blvd,90304,1964-04-27,metro,56700.0,0.358,5.8,0,7.8,29900.0,41.6,1,0
APP01528,Sofia Nguyen,977-20-4886,sofia.nguyen642@example.com,562 Maple Ave,90537,1978-06-21,metro,74200.0,0.336,4.7,0,5.0,14400.0,29.5,1,1
APP01529,Maria Martinez,911-63-4962,maria.martinez824@example.com,1209 Lakeview Blvd,91488,1987-02-07,metro,49100.0,0.404,11.8,0,16.0,19600.0,51.7,1,0
APP01530,Priya Ali,912-89-9842,priya.ali705@example.com,7131 Lakeview Blvd,91679,1978-01-16,metro,59400.0,0.401,13.0,0,4.6,19000.0,23.0,1,0
APP01531,Maria Garcia,974-62-9957,maria.garcia906@example.com,3969 Maple Ave,91919,1989-10-11,metro,60600.0,0.339,17.1,0,3.6,19800.0,28.8,0,1
APP01532,Daniel Taylor,909-50-6609,daniel.taylor238@example.com,2195 Lakeview Blvd,95998,1978-10-08,rural,62800.0,0.448,6.5,0,14.7,26700.0,67.5,0,0
APP01533,Aisha Davis,965-91-4679,aisha.davis539@example.com,5649 Cedar Ln,95990,1963-04-17,rural,89500.0,0.345,2.9,0,1.9,7200.0,67.4,1,0
APP01534,Grace Kim,945-45-3462,grace.kim792@example.com,1959 Oak St,90933,1952-05-25,metro,85100.0,0.306,9.5,0,6.0,15300.0,38.8,0,1
APP01535,Kevin Ramirez,999-87-4361,kevin.ramirez562@example.com,5513 Oak St,90504,1987-06-17,metro,61500.0,0.401,13.0,2,9.0,27000.0,46.0,1,0
APP01536,Chloe Smith,940-51-1109,chloe.smith582@example.com,5917 Cedar Ln,90392,1950-08-02,metro,88600.0,0.416,9.8,0,8.8,13100.0,31.9,0,1
APP01537,Noah Singh,956-58-2267,noah.singh132@example.com,2768 Oak St,90269,1960-05-23,metro,191100.0,0.491,9.8,1,15.5,29100.0,14.7,0,1
APP01538,Mateo Johnson,924-97-5677,mateo.johnson541@example.com,4941 Pine Rd,91496,1988-04-04,metro,43600.0,0.324,4.5,0,3.9,18900.0,32.4,0,1
APP01539,Olivia Brown,974-78-6505,olivia.brown482@example.com,6770 Cedar Ln,90930,1995-02-04,metro,94200.0,0.231,14.4,0,5.3,34600.0,39.7,0,1
APP01540,Daniel Hernandez,992-95-3492,daniel.hernandez414@example.com,471 Lakeview Blvd,91181,1961-01-02,metro,73600.0,0.244,16.5,2,2.0,34500.0,30.0,0,1
APP01541,Linh Ali,915-93-9146,linh.ali547@example.com,9353 Hillcrest Way,96107,1959-05-01,rural,140600.0,0.416,10.2,0,3.1,27300.0,71.2,0,1
APP01542,Daniel Kim,921-94-3070,daniel.kim76@example.com,397 Lakeview Blvd,96157,1968-07-09,rural,105300.0,0.601,14.1,0,2.5,29900.0,59.1,1,0
APP01543,Omar Patel,963-99-9036,omar.patel123@example.com,7747 Oak St,95904,1994-03-31,rural,64800.0,0.536,6.5,1,18.9,34200.0,72.3,1,0
APP01544,Daniel Davis,932-49-7692,daniel.davis81@example.com,855 Oak St,91151,1971-03-23,metro,66300.0,0.094,11.0,0,11.4,26900.0,22.8,0,1
APP01545,Kevin Chen,908-71-6542,kevin.chen14@example.com,6322 Oak St,90746,1989-02-06,metro,57200.0,0.448,4.7,0,10.4,24700.0,24.6,1,0
APP01546,Sofia Kim,962-84-2171,sofia.kim552@example.com,8516 Maple Ave,91022,1960-09-07,metro,69300.0,0.399,18.1,0,4.9,19300.0,27.5,0,1
APP01547,Maria Garcia,990-24-7713,maria.garcia95@example.com,3669 Lakeview Blvd,91185,1969-05-07,metro,53600.0,0.248,5.4,1,10.9,17900.0,34.0,0,1
APP01548,Emma Kim,973-24-7974,emma.kim174@example.com,8980 Elm Dr,90716,1970-12-06,metro,70600.0,0.259,7.7,0,27.2,16600.0,35.6,0,1
APP01549,Fatima Patel,940-82-5859,fatima.patel444@example.com,5779 Oak St,90125,1963-06-30,metro,39500.0,0.417,4.1,0,10.3,25600.0,37.4,1,0
APP01550,Maria Hernandez,994-72-5727,maria.hernandez821@example.com,5268 Hillcrest Way,91837,1967-06-23,metro,46100.0,0.245,4.5,0,6.5,3800.0,41.4,0,1
APP01551,Omar Lopez,997-16-7895,omar.lopez919@example.com,6311 Pine Rd,90462,1965-09-28,metro,91400.0,0.07,13.2,1,1.4,27900.0,31.8,0,1
APP01552,Olivia Nguyen,974-94-6295,olivia.nguyen503@example.com,4448 Oak St,90659,1959-12-07,metro,46400.0,0.252,5.1,0,5.0,16400.0,46.4,0,0
APP01553,Omar Martinez,903-95-5548,omar.martinez496@example.com,21 Elm Dr,91342,1963-06-03,metro,50200.0,0.317,4.5,0,2.3,7200.0,34.5,1,0
APP01554,Emma Lopez,944-93-7557,emma.lopez76@example.com,3720 Lakeview Blvd,90818,1988-12-27,metro,94500.0,0.248,21.2,0,2.8,13400.0,22.6,0,1
APP01555,Emma Smith,909-57-2567,emma.smith754@example.com,2726 Oak St,91554,1974-03-01,metro,42300.0,0.438,8.7,1,4.4,17700.0,35.2,1,0
APP01556,Kevin Moore,987-28-9968,kevin.moore177@example.com,4845 Cedar Ln,90746,1989-09-21,metro,82100.0,0.406,6.7,1,1.9,24300.0,35.4,1,0
APP01557,Ravi Brown,995-61-5128,ravi.brown249@example.com,1839 Hillcrest Way,91792,1999-12-09,metro,96500.0,0.348,13.7,1,9.6,39100.0,48.8,1,0
APP01558,Priya Chen,974-13-2127,priya.chen49@example.com,3006 Oak St,95962,1959-06-02,rural,55400.0,0.275,4.7,0,1.4,20400.0,75.7,0,1
APP01559,Aisha Nguyen,976-41-6820,aisha.nguyen552@example.com,3079 Cedar Ln,91793,1995-05-11,metro,67600.0,0.46,7.8,0,9.5,21300.0,31.0,0,1
APP01560,Aisha Johnson,938-63-5466,aisha.johnson914@example.com,4117 Pine Rd,96086,1989-11-07,rural,71900.0,0.31,5.6,0,4.8,19800.0,94.9,0,1
APP01561,Daniel Lee,979-97-4826,daniel.lee435@example.com,2806 Oak St,95977,1992-01-27,rural,63100.0,0.324,8.7,0,5.4,17600.0,71.3,0,1
APP01562,Aisha Taylor,988-62-4788,aisha.taylor41@example.com,2773 Lakeview Blvd,91881,1961-01-18,metro,49700.0,0.259,18.1,1,11.5,35900.0,35.2,0,1
APP01563,Kevin Taylor,910-49-5892,kevin.taylor814@example.com,1425 Maple Ave,95947,1994-01-18,rural,66000.0,0.174,5.4,2,4.4,27200.0,76.9,0,1
APP01564,Alex Ali,977-82-3135,alex.ali442@example.com,3694 Maple Ave,96099,2000-09-11,rural,63200.0,0.343,5.9,0,10.3,21100.0,88.2,0,0
APP01565,Carlos Ramirez,900-14-5374,carlos.ramirez121@example.com,2225 Oak St,90342,1957-11-20,metro,51100.0,0.267,4.0,0,6.5,20900.0,38.4,0,1
APP01566,Carlos Ramirez,906-10-7791,carlos.ramirez854@example.com,5328 Oak St,90082,1982-07-02,metro,90200.0,0.466,8.0,1,5.5,13600.0,28.4,1,1
APP01567,Daniel Lee,979-70-6098,daniel.lee579@example.com,8421 Elm Dr,90205,1991-12-02,metro,93500.0,0.6,14.1,0,3.3,32200.0,39.5,0,0
APP01568,Alex Garcia,949-71-1662,alex.garcia721@example.com,3078 Hillcrest Way,96045,1951-07-29,rural,53900.0,0.328,6.6,0,6.0,23100.0,79.9,1,0
APP01569,Mateo Singh,916-39-2007,mateo.singh185@example.com,2926 Maple Ave,90042,1985-08-01,metro,29200.0,0.571,10.7,0,2.1,17500.0,47.1,1,0
APP01570,Mateo Chen,993-77-4731,mateo.chen664@example.com,605 Cedar Ln,91212,1967-05-24,metro,69900.0,0.119,6.9,4,7.1,29300.0,32.9,1,0
APP01571,Omar Johnson,986-70-3761,omar.johnson649@example.com,9677 Lakeview Blvd,90471,1999-02-04,metro,82200.0,0.323,3.9,0,3.5,28500.0,46.3,0,1
APP01572,Priya Lee,938-48-2860,priya.lee349@example.com,5142 Elm Dr,91129,1952-01-03,metro,85800.0,0.257,16.3,0,9.8,26600.0,20.4,0,1
APP01573,Fatima Chen,994-64-4306,fatima.chen678@example.com,4264 Pine Rd,90846,1983-03-05,metro,96200.0,0.252,3.5,0,10.3,34200.0,39.6,0,1
APP01574,Omar Johnson,940-78-8311,omar.johnson542@example.com,9771 Lakeview Blvd,90690,1989-06-27,metro,72700.0,0.295,7.4,0,3.7,27900.0,38.7,0,1
APP01575,Omar Kim,987-97-5768,omar.kim278@example.com,7534 Pine Rd,91059,1963-04-21,metro,54400.0,0.39,14.0,0,2.9,25800.0,34.3,1,0
APP01576,Chloe Lee,953-18-6915,chloe.lee340@example.com,4910 Cedar Ln,91925,1998-06-02,metro,84000.0,0.24,7.2,1,8.1,25900.0,41.6,0,1
APP01577,Olivia Brown,982-21-7140,olivia.brown376@example.com,6448 Pine Rd,91505,1982-11-28,metro,63200.0,0.077,5.5,0,2.0,25200.0,41.4,0,1
APP01578,Linh Brown,925-35-3571,linh.brown368@example.com,7248 Lakeview Blvd,95944,1959-04-21,rural,41800.0,0.294,15.3,0,4.3,38100.0,63.9,0,0
APP01579,Hiro Lee,912-19-1216,hiro.lee533@example.com,3228 Lakeview Blvd,90083,1987-07-26,metro,65000.0,0.408,12.6,1,4.2,19500.0,33.8,0,1
APP01580,Emma Smith,975-77-5745,emma.smith678@example.com,6182 Hillcrest Way,95935,1991-06-10,rural,67600.0,0.301,14.1,1,8.1,25300.0,78.4,0,1
APP01581,Maria Garcia,961-58-6551,maria.garcia39@example.com,9974 Cedar Ln,90272,1971-11-06,metro,69500.0,0.419,4.3,1,5.4,24200.0,43.7,0,0
APP01582,Kevin Singh,972-37-9077,kevin.singh56@example.com,2739 Cedar Ln,91427,1991-10-09,metro,43800.0,0.417,3.8,0,4.8,25900.0,49.2,1,0
APP01583,Maria Martinez,929-32-5677,maria.martinez724@example.com,4311 Lakeview Blvd,96131,1972-11-22,rural,36200.0,0.27,5.1,0,3.6,20600.0,67.5,1,0
APP01584,Emma Ali,906-79-9134,emma.ali311@example.com,1373 Cedar Ln,96140,1975-04-24,rural,40200.0,0.448,8.4,0,3.7,28100.0,76.3,0,0
APP01585,Carlos Smith,925-16-9758,carlos.smith136@example.com,6087 Maple Ave,90111,1970-08-18,metro,44200.0,0.292,6.2,0,13.2,10400.0,39.2,0,1
APP01586,Alex Brown,903-96-1277,alex.brown40@example.com,9414 Pine Rd,91379,1971-06-16,metro,56400.0,0.163,15.0,0,13.6,26600.0,45.8,0,1
APP01587,Carlos Patel,921-65-7071,carlos.patel83@example.com,7041 Lakeview Blvd,90329,1951-04-03,metro,46400.0,0.374,5.2,0,13.7,30300.0,29.0,0,1
APP01588,Priya Clark,908-35-5438,priya.clark25@example.com,3886 Hillcrest Way,96129,1991-09-01,rural,85800.0,0.259,14.7,1,9.4,15800.0,64.2,0,1
APP01589,Maria Hernandez,931-21-8968,maria.hernandez936@example.com,7779 Elm Dr,95973,1990-03-24,rural,51600.0,0.466,6.8,1,1.5,36400.0,67.2,1,0
APP01590,James Davis,964-93-9609,james.davis224@example.com,6046 Pine Rd,91829,1953-03-08,metro,37800.0,0.251,11.1,0,7.5,22700.0,42.5,0,1
APP01591,Emma Clark,965-45-6369,emma.clark558@example.com,936 Maple Ave,90914,1996-11-01,metro,50700.0,0.5,7.3,2,8.0,20900.0,35.3,1,0
APP01592,Priya Martinez,930-55-2523,priya.martinez511@example.com,24 Pine Rd,90565,1958-10-27,metro,160800.0,0.662,10.2,1,8.6,34100.0,32.4,0,1
APP01593,Ravi Clark,900-72-1679,ravi.clark353@example.com,5062 Cedar Ln,96022,1965-08-03,rural,21400.0,0.416,11.8,0,4.1,8400.0,59.3,1,0
APP01594,Daniel Johnson,948-71-3290,daniel.johnson879@example.com,3918 Elm Dr,95972,1968-06-15,rural,94000.0,0.25,7.6,0,10.0,32900.0,81.5,0,1
APP01595,Emma Lee,937-36-8221,emma.lee150@example.com,2949 Maple Ave,90944,1952-11-15,metro,88100.0,0.641,2.7,1,5.9,4500.0,43.7,1,0
APP01596,Kevin Garcia,968-88-5758,kevin.garcia30@example.com,8680 Oak St,96178,1980-05-17,rural,43600.0,0.424,13.8,1,5.0,45300.0,72.3,1,0
APP01597,Olivia Garcia,983-23-7885,olivia.garcia676@example.com,8502 Maple Ave,91494,1991-05-15,metro,31800.0,0.502,12.4,1,2.5,13600.0,27.3,1,0
APP01598,Omar Johnson,911-52-9401,omar.johnson793@example.com,3231 Hillcrest Way,91027,1974-11-24,metro,55300.0,0.234,11.8,0,4.7,11300.0,24.5,0,1
APP01599,Kevin Davis,935-30-9448,kevin.davis352@example.com,794 Cedar Ln,96057,1996-08-15,rural,65700.0,0.392,11.4,0,7.9,30100.0,76.5,1,0
APP01600,Linh Martinez,912-65-1598,linh.martinez457@example.com,6612 Pine Rd,91004,1998-02-17,metro,41700.0,0.414,2.6,0,5.5,29600.0,37.5,1,0
APP01601,Omar Ramirez,961-90-6427,omar.ramirez683@example.com,4239 Maple Ave,91238,1954-07-12,metro,33300.0,0.246,8.1,0,18.6,22600.0,43.2,0,1
APP01602,Carlos Patel,908-92-7447,carlos.patel997@example.com,2817 Cedar Ln,96050,1987-06-14,rural,43900.0,0.321,4.8,0,15.9,18700.0,79.4,1,0
APP01603,Fatima Johnson,934-92-4263,fatima.johnson384@example.com,251 Pine Rd,96102,1962-12-23,rural,56300.0,0.224,6.9,0,19.1,19300.0,64.8,1,0
APP01604,Priya Smith,980-35-9591,priya.smith571@example.com,3604 Elm Dr,90800,1981-11-01,metro,83200.0,0.365,3.8,0,2.3,18100.0,31.4,0,1
APP01605,Daniel Kim,929-65-7385,daniel.kim763@example.com,71 Pine Rd,91454,1999-09-21,metro,46300.0,0.278,14.5,0,1.5,24100.0,37.2,0,0
APP01606,Carlos Brown,917-94-3843,carlos.brown883@example.com,9127 Pine Rd,91185,1959-03-21,metro,96100.0,0.225,5.7,0,9.0,25400.0,41.4,0,1
APP01607,Kevin Lopez,950-62-9470,kevin.lopez437@example.com,3258 Cedar Ln,96100,1993-03-27,rural,28900.0,0.292,5.8,0,5.3,32100.0,81.3,1,0
APP01608,Sofia Garcia,974-89-4202,sofia.garcia31@example.com,7463 Lakeview Blvd,90869,1976-10-23,metro,53000.0,0.398,14.5,0,5.8,32000.0,51.6,1,0
APP01609,Linh Clark,914-15-4844,linh.clark337@example.com,3549 Hillcrest Way,90588,1960-07-20,metro,35900.0,0.316,6.5,0,12.0,24300.0,36.1,1,0
APP01610,Maria Moore,986-14-2636,maria.moore145@example.com,9559 Lakeview Blvd,91050,1990-08-05,metro,87200.0,0.327,10.1,1,5.8,31400.0,46.8,0,1
APP01611,Chloe Wilson,946-37-9936,chloe.wilson634@example.com,6760 Hillcrest Way,90998,1951-03-23,metro,102600.0,0.117,3.8,0,9.0,14400.0,34.3,0,1
APP01612,Linh Hernandez,957-29-4035,linh.hernandez739@example.com,9690 Lakeview Blvd,90108,1993-01-20,metro,63000.0,0.495,6.1,1,5.5,21100.0,26.8,1,0
APP01613,Ravi Martinez,925-97-1444,ravi.martinez415@example.com,5040 Pine Rd,91417,1981-07-12,metro,54900.0,0.057,5.8,0,4.0,33300.0,40.2,0,1
APP01614,Maria Hernandez,993-47-6611,maria.hernandez684@example.com,6365 Maple Ave,91583,1955-12-14,metro,91400.0,0.237,25.3,0,7.5,24300.0,32.3,0,1
APP01615,Kevin Martinez,981-45-1941,kevin.martinez802@example.com,2108 Pine Rd,90340,1999-04-22,metro,62600.0,0.367,11.2,0,5.3,30800.0,27.1,0,1
APP01616,Priya Martinez,952-67-5001,priya.martinez950@example.com,5374 Cedar Ln,90881,1955-07-17,metro,78500.0,0.114,2.5,0,7.3,11200.0,33.0,0,1
APP01617,Emma Kim,904-45-2959,emma.kim106@example.com,7305 Hillcrest Way,91302,1970-02-08,metro,131100.0,0.427,3.8,2,,17000.0,29.2,0,1
APP01618,Ravi Brown,975-29-4479,ravi.brown752@example.com,2520 Pine Rd,96069,1958-01-23,rural,43500.0,0.354,6.1,2,8.6,13100.0,64.8,0,0
APP01619,Grace Moore,943-16-1557,grace.moore573@example.com,9406 Cedar Ln,91251,1998-03-28,metro,30600.0,0.315,23.1,0,19.5,11300.0,35.7,1,0
APP01620,Priya Moore,942-83-1089,priya.moore845@example.com,7887 Lakeview Blvd,91262,1956-08-01,metro,63100.0,0.424,15.9,2,1.4,13600.0,33.4,1,0
APP01621,Kevin Lopez,963-71-1161,kevin.lopez506@example.com,3609 Elm Dr,96122,2001-09-13,rural,86400.0,0.408,5.2,1,1.1,17900.0,69.6,0,1
APP01622,Linh Lee,914-63-7588,linh.lee806@example.com,5392 Maple Ave,91743,1962-08-19,metro,68700.0,0.539,28.5,0,3.6,14700.0,31.6,0,1
APP01623,Daniel Lee,944-72-8814,daniel.lee115@example.com,6226 Lakeview Blvd,91866,1996-12-21,metro,67800.0,0.258,10.5,1,3.8,23100.0,43.1,0,1
APP01624,Mateo Garcia,986-86-4761,mateo.garcia22@example.com,4644 Elm Dr,96170,1965-07-20,rural,39800.0,0.381,14.8,0,16.4,21000.0,74.0,0,0
APP01625,James Hernandez,924-14-4392,james.hernandez990@example.com,9120 Pine Rd,90459,1976-10-17,metro,51900.0,0.366,1.2,0,3.6,2000.0,22.3,0,1
APP01626,Grace Martinez,902-15-7490,grace.martinez281@example.com,2074 Elm Dr,91193,1995-03-12,metro,83000.0,0.655,10.1,0,9.4,30400.0,36.7,1,0
APP01627,Alex Taylor,968-65-5958,alex.taylor653@example.com,9962 Maple Ave,90811,1960-03-14,metro,67700.0,0.282,12.1,0,26.0,21300.0,31.2,0,1
APP01628,Aisha Patel,988-21-8514,aisha.patel675@example.com,9620 Maple Ave,91233,1998-02-26,metro,45900.0,0.373,17.9,1,17.0,11600.0,35.7,0,1
APP01629,Carlos Garcia,908-43-1254,carlos.garcia674@example.com,443 Maple Ave,90099,1967-08-21,metro,69500.0,0.286,4.4,1,6.6,26300.0,35.6,1,0
APP01630,Linh Garcia,973-26-6226,linh.garcia384@example.com,3827 Elm Dr,91095,1988-10-08,metro,79000.0,0.234,11.0,3,13.3,11900.0,33.4,0,1
APP01631,Chloe Martinez,953-77-9271,chloe.martinez22@example.com,8225 Pine Rd,91976,1975-01-29,metro,72300.0,0.454,19.7,0,12.3,12800.0,25.5,0,1
APP01632,Emma Taylor,924-51-5576,emma.taylor499@example.com,9517 Elm Dr,95967,1967-10-24,rural,74300.0,0.278,10.5,0,3.8,15500.0,64.2,0,1
APP01633,Sofia Garcia,910-20-7326,sofia.garcia611@example.com,2842 Oak St,91933,1951-08-29,metro,66000.0,0.462,13.5,0,3.5,30200.0,41.0,0,1
APP01634,Sofia Martinez,994-73-2962,sofia.martinez536@example.com,2524 Maple Ave,91685,1968-08-12,metro,72400.0,0.465,5.1,1,11.0,10600.0,27.7,1,0
APP01635,James Moore,960-50-5860,james.moore340@example.com,4472 Elm Dr,96087,1962-12-02,rural,81700.0,0.305,4.5,0,7.5,21700.0,71.0,1,0
APP01636,Noah Smith,909-65-4812,noah.smith991@example.com,6425 Pine Rd,90700,1968-01-27,metro,52700.0,0.208,15.0,1,5.9,32200.0,36.1,0,1
APP01637,Maria Martinez,948-66-1602,maria.martinez844@example.com,4250 Pine Rd,91332,1991-03-09,metro,49200.0,0.159,3.4,0,3.8,24500.0,30.4,0,1
APP01638,Maria Kim,903-11-6140,maria.kim200@example.com,2637 Maple Ave,90650,1990-10-16,metro,52200.0,0.387,6.8,0,1.2,31700.0,32.1,1,0
APP01639,Sofia Singh,903-51-1919,sofia.singh807@example.com,1119 Cedar Ln,90281,1979-03-04,metro,64400.0,0.058,8.6,1,12.3,24800.0,37.7,0,1
APP01640,Daniel Johnson,992-39-6901,daniel.johnson244@example.com,8616 Hillcrest Way,91996,1984-10-28,metro,65700.0,0.125,21.3,0,7.7,26100.0,36.3,0,1
APP01641,Priya Garcia,966-71-6302,priya.garcia366@example.com,6867 Oak St,95930,1957-06-02,rural,44800.0,0.402,12.5,0,28.0,25500.0,68.8,1,0
APP01642,Linh Lee,957-39-7132,linh.lee640@example.com,3884 Pine Rd,90612,1996-06-23,metro,92900.0,0.386,9.2,0,4.1,18900.0,37.7,1,1
APP01643,Emma Hernandez,993-96-1688,emma.hernandez6@example.com,6902 Cedar Ln,91925,1954-02-19,metro,98900.0,0.33,8.5,0,4.8,24400.0,39.7,0,1
APP01644,Aisha Clark,918-86-9906,aisha.clark522@example.com,3242 Pine Rd,96143,1952-03-02,rural,42600.0,0.391,23.5,0,7.3,11800.0,70.2,1,0
APP01645,Grace Taylor,977-43-1462,grace.taylor4@example.com,5298 Cedar Ln,96013,1956-01-19,rural,64300.0,0.462,11.4,0,4.9,10400.0,65.9,1,0
APP01646,Daniel Hernandez,996-67-1254,daniel.hernandez157@example.com,6902 Maple Ave,91276,1980-05-09,metro,115500.0,0.33,9.7,0,9.2,31600.0,23.2,0,1
APP01647,Noah Ramirez,983-75-7191,noah.ramirez723@example.com,8597 Maple Ave,90483,1986-10-04,metro,112100.0,0.413,13.1,0,4.5,21000.0,46.1,0,1
APP01648,Sofia Lee,989-73-6460,sofia.lee799@example.com,3920 Hillcrest Way,90666,1973-07-27,metro,54500.0,0.518,3.2,0,4.6,25700.0,30.7,1,0
APP01649,Mateo Smith,903-40-5385,mateo.smith59@example.com,9996 Oak St,91524,1999-04-29,metro,,0.129,9.3,1,16.8,16200.0,36.5,1,0
APP01650,Daniel Martinez,961-44-7656,daniel.martinez732@example.com,2312 Elm Dr,90937,1983-04-16,metro,91500.0,0.377,6.6,0,12.0,26500.0,40.7,0,1
APP01651,Hiro Kim,996-64-8086,hiro.kim524@example.com,5235 Lakeview Blvd,96035,1964-11-13,rural,76500.0,0.264,4.8,0,10.3,16200.0,77.6,1,0
APP01652,Aisha Smith,901-38-7110,aisha.smith247@example.com,3047 Oak St,91328,1977-07-31,metro,93600.0,0.331,4.2,1,2.1,28300.0,35.1,1,0
APP01653,Linh Patel,912-12-2839,linh.patel792@example.com,8077 Elm Dr,90275,1985-08-24,metro,67200.0,0.423,12.0,0,4.2,27000.0,36.0,1,0
APP01654,Olivia Johnson,938-28-4401,olivia.johnson690@example.com,9783 Oak St,90296,1992-11-23,metro,68700.0,0.294,10.6,1,12.1,28000.0,35.3,0,1
APP01655,Sofia Lopez,985-47-7294,sofia.lopez311@example.com,1915 Oak St,91314,1994-01-17,metro,88500.0,0.273,6.1,0,6.1,18200.0,34.6,0,1
APP01656,Olivia Clark,948-72-4259,olivia.clark79@example.com,8235 Lakeview Blvd,91459,1960-09-02,metro,80000.0,0.488,9.6,1,4.6,23400.0,21.7,0,1
APP01657,Emma Clark,982-25-6913,emma.clark974@example.com,9710 Hillcrest Way,90347,1988-03-15,metro,52900.0,0.376,4.6,0,1.3,22600.0,32.6,1,0
APP01658,Daniel Chen,985-83-3301,daniel.chen685@example.com,2527 Maple Ave,90197,1999-02-01,metro,94000.0,0.496,29.0,1,0.9,2000.0,37.9,0,1
APP01659,Sofia Chen,952-59-2249,sofia.chen511@example.com,1036 Elm Dr,91668,1964-01-19,metro,60200.0,0.301,9.7,0,9.5,11000.0,41.1,0,1
APP01660,Kevin Clark,916-31-5148,kevin.clark989@example.com,3455 Oak St,90163,2001-08-28,metro,27600.0,0.152,11.0,1,1.5,17000.0,26.8,1,0
APP01661,Maria Garcia,965-34-6441,maria.garcia628@example.com,4432 Lakeview Blvd,90025,2001-01-24,metro,61900.0,0.347,14.9,0,8.0,3300.0,32.2,1,1
APP01662,Kevin Patel,991-51-5997,kevin.patel239@example.com,5836 Hillcrest Way,91454,1964-03-16,metro,69500.0,0.501,6.2,0,0.6,22100.0,35.0,0,0
APP01663,Noah Brown,975-73-4732,noah.brown422@example.com,4348 Elm Dr,90224,1969-12-01,metro,40000.0,0.313,5.6,1,2.9,24300.0,36.9,1,0
APP01664,Priya Singh,990-50-1066,priya.singh73@example.com,9888 Hillcrest Way,90919,1955-03-26,metro,56000.0,0.282,5.4,0,4.9,25900.0,38.4,0,1
APP01665,Emma Taylor,991-79-8984,emma.taylor904@example.com,9786 Oak St,91947,1973-06-19,metro,37300.0,0.585,6.4,1,1.8,11600.0,39.9,1,0
APP01666,Alex Patel,943-74-6014,alex.patel453@example.com,494 Pine Rd,91137,1989-09-13,metro,56100.0,0.323,15.3,0,9.9,32300.0,32.0,1,0
APP01667,Ravi Wilson,925-42-5441,ravi.wilson997@example.com,9431 Lakeview Blvd,90990,1994-03-18,metro,87000.0,0.376,12.2,0,13.3,20000.0,38.5,0,1
APP01668,Maria Wilson,919-70-4667,maria.wilson333@example.com,7813 Hillcrest Way,90176,1970-10-05,metro,66100.0,0.529,2.7,0,8.2,14700.0,42.3,1,0
APP01669,Alex Ali,978-72-1525,alex.ali165@example.com,9252 Pine Rd,90010,1968-08-08,metro,44700.0,0.334,3.7,0,2.0,21900.0,32.1,0,1
APP01670,Emma Wilson,973-82-4663,emma.wilson374@example.com,4471 Lakeview Blvd,91542,1992-03-27,metro,42800.0,0.357,4.6,1,3.2,16300.0,35.3,1,0
APP01671,Ravi Ali,997-86-4975,ravi.ali330@example.com,9287 Maple Ave,96041,1994-08-09,rural,41900.0,0.131,15.7,2,4.8,37400.0,69.4,0,1
APP01672,Linh Smith,934-82-9671,linh.smith698@example.com,959 Elm Dr,96072,1968-05-26,rural,40700.0,0.407,23.9,0,0.9,40600.0,93.5,1,0
APP01673,Hiro Patel,954-36-5230,hiro.patel902@example.com,8779 Pine Rd,96066,1993-08-24,rural,53700.0,0.457,1.0,2,5.8,34300.0,80.1,1,0
APP01674,Omar Brown,920-98-9224,omar.brown445@example.com,9311 Hillcrest Way,91855,1985-02-23,metro,78900.0,0.451,10.8,0,2.4,7300.0,42.8,1,0
APP01675,Noah Taylor,911-62-6942,noah.taylor118@example.com,9253 Pine Rd,90485,1960-10-19,metro,33000.0,0.396,15.5,1,9.0,16100.0,34.9,1,0
APP01676,Olivia Martinez,911-40-4728,olivia.martinez147@example.com,8083 Pine Rd,91401,1978-02-14,metro,60100.0,0.489,3.0,0,5.6,18800.0,43.1,0,1
APP01677,Kevin Nguyen,921-81-9755,kevin.nguyen336@example.com,3428 Oak St,91887,1992-08-31,metro,67100.0,0.414,10.4,0,5.8,33800.0,33.2,0,1
APP01678,Linh Clark,931-39-1655,linh.clark893@example.com,3464 Lakeview Blvd,95981,1972-05-16,rural,46900.0,0.317,6.7,1,6.9,29200.0,71.9,0,1
APP01679,Aisha Clark,961-50-4716,aisha.clark25@example.com,8169 Pine Rd,90561,1983-04-25,metro,56200.0,0.477,3.8,1,5.3,13600.0,32.7,1,0
APP01680,Alex Ali,945-13-3228,alex.ali149@example.com,4427 Elm Dr,91658,1963-11-29,metro,69500.0,0.18,8.0,0,3.4,35700.0,46.8,1,0
APP01681,Noah Martinez,923-71-9332,noah.martinez434@example.com,1931 Cedar Ln,96090,1986-08-19,rural,60900.0,0.138,11.3,0,7.8,12800.0,70.0,0,1
APP01682,Kevin Ali,985-65-7917,kevin.ali301@example.com,9885 Maple Ave,90104,1987-02-18,metro,75800.0,0.401,1.5,1,9.4,35000.0,31.7,1,0
APP01683,Olivia Moore,985-69-8524,olivia.moore529@example.com,9068 Pine Rd,90275,1977-12-21,metro,50800.0,0.49,6.0,2,4.4,16300.0,43.0,1,0
APP01684,Maria Ramirez,901-75-8775,maria.ramirez422@example.com,5548 Elm Dr,90196,1963-06-16,metro,66800.0,0.142,12.7,0,15.9,19500.0,20.9,0,1
APP01685,Ravi Taylor,957-42-5238,ravi.taylor292@example.com,6183 Oak St,91929,1952-01-16,metro,67900.0,0.318,3.6,0,6.1,19600.0,18.6,0,1
APP01686,Sofia Smith,931-39-4882,sofia.smith175@example.com,1124 Pine Rd,91927,1953-03-19,metro,76800.0,0.255,11.3,0,9.5,9600.0,33.2,0,1
APP01687,Alex Taylor,988-27-4390,alex.taylor84@example.com,5906 Elm Dr,96032,1964-09-25,rural,35600.0,0.48,7.3,0,3.5,23600.0,67.5,1,0
APP01688,Grace Brown,929-98-7986,grace.brown811@example.com,3536 Elm Dr,91592,1963-03-04,metro,77500.0,0.311,11.4,0,4.9,29100.0,25.5,0,1
APP01689,Ravi Clark,933-86-8497,ravi.clark399@example.com,9713 Pine Rd,96170,1978-12-02,rural,49400.0,0.499,11.9,0,3.6,23800.0,63.9,1,0
APP01690,Aisha Clark,908-76-6107,aisha.clark219@example.com,823 Hillcrest Way,96041,1976-04-05,rural,46000.0,0.135,9.2,0,3.4,20100.0,71.1,0,1
APP01691,Alex Smith,914-78-8323,alex.smith817@example.com,8052 Oak St,95925,1988-10-12,rural,73900.0,0.287,5.5,0,3.8,27100.0,74.7,0,1
APP01692,Olivia Clark,938-49-5450,olivia.clark257@example.com,5838 Pine Rd,96032,1987-01-08,rural,120100.0,0.516,5.1,0,6.4,27700.0,60.0,0,1
APP01693,James Patel,998-29-1142,james.patel827@example.com,6348 Cedar Ln,90113,1971-05-15,metro,66900.0,0.287,12.6,1,3.2,8300.0,46.9,0,1
APP01694,Hiro Kim,919-20-7700,hiro.kim908@example.com,2639 Lakeview Blvd,91900,1984-02-26,metro,97600.0,0.343,11.7,1,5.1,25300.0,23.4,0,1
APP01695,Linh Hernandez,969-98-7942,linh.hernandez333@example.com,1640 Pine Rd,90447,1989-05-11,metro,75600.0,0.304,14.0,1,3.0,9000.0,32.8,0,1
APP01696,Linh Chen,956-24-7764,linh.chen721@example.com,2530 Hillcrest Way,90094,1952-07-24,metro,58800.0,0.409,6.0,0,1.8,27700.0,25.2,0,0
APP01697,Olivia Singh,911-73-5342,olivia.singh2@example.com,9836 Oak St,90572,1964-03-23,metro,52600.0,0.415,12.7,0,10.7,40500.0,43.3,1,0
APP01698,Olivia Chen,913-97-4120,olivia.chen116@example.com,3494 Cedar Ln,91693,1981-03-09,metro,84900.0,0.193,9.0,0,5.4,19900.0,37.5,0,1
APP01699,Aisha Martinez,926-82-2406,aisha.martinez479@example.com,3295 Cedar Ln,91685,1989-10-07,metro,36900.0,0.291,20.4,0,3.6,2700.0,33.8,0,1
APP01700,Olivia Ali,933-85-1775,olivia.ali467@example.com,2494 Oak St,90607,1981-02-12,metro,134700.0,0.484,3.3,0,2.0,21200.0,25.3,0,1
APP01701,James Clark,974-88-8903,james.clark178@example.com,6600 Elm Dr,91084,1977-01-30,metro,65500.0,0.277,10.0,0,7.2,24800.0,51.9,0,1
APP01702,Ravi Lopez,996-18-6973,ravi.lopez466@example.com,9083 Maple Ave,91885,1984-04-16,metro,50100.0,0.386,14.4,1,,34100.0,34.0,0,1
APP01703,Chloe Davis,987-36-8173,chloe.davis437@example.com,1586 Oak St,90305,1983-02-06,metro,,0.526,6.4,1,8.9,9800.0,35.6,1,0
APP01704,Linh Lee,994-74-6310,linh.lee622@example.com,2494 Pine Rd,91596,1963-01-06,metro,58200.0,0.181,3.8,1,2.9,32100.0,33.5,0,1
APP01705,Daniel Davis,977-31-9381,daniel.davis681@example.com,5993 Cedar Ln,90302,1952-06-09,metro,45800.0,0.151,12.7,1,4.4,33100.0,58.5,0,1
APP01706,Omar Garcia,989-99-5907,omar.garcia327@example.com,7916 Cedar Ln,90680,1951-07-19,metro,139100.0,0.264,3.0,0,7.5,19900.0,23.1,0,1
APP01707,Hiro Kim,949-25-2309,hiro.kim109@example.com,5185 Oak St,91813,1970-03-12,metro,57700.0,0.218,8.2,0,4.8,27600.0,26.0,1,0
APP01708,Aisha Davis,927-78-7339,aisha.davis63@example.com,678 Oak St,91513,1998-06-02,metro,63800.0,0.173,8.1,0,8.8,30400.0,40.7,0,1
APP01709,Emma Garcia,915-70-8399,emma.garcia505@example.com,3145 Oak St,91693,1983-12-08,metro,126800.0,0.342,6.2,0,3.4,35400.0,37.2,0,1
APP01710,Chloe Ali,906-49-9928,chloe.ali810@example.com,6134 Hillcrest Way,90835,1965-01-13,metro,54600.0,0.174,14.9,0,6.2,22200.0,20.3,0,1
APP01711,Daniel Nguyen,907-28-8561,daniel.nguyen856@example.com,1946 Maple Ave,90986,1979-06-04,metro,43200.0,0.264,21.8,1,2.7,10100.0,30.9,0,1
APP01712,Maria Wilson,915-46-9177,maria.wilson889@example.com,3682 Cedar Ln,96039,1995-07-06,rural,44900.0,0.276,14.0,0,1.8,26500.0,73.1,0,0
APP01713,Maria Garcia,922-68-6321,maria.garcia924@example.com,501 Pine Rd,90645,1988-03-05,metro,98600.0,0.303,6.3,0,2.9,21800.0,39.9,0,1
APP01714,Emma Johnson,947-30-9342,emma.johnson544@example.com,1511 Maple Ave,90527,1971-01-18,metro,34500.0,0.416,7.1,0,10.2,31900.0,35.8,0,0
APP01715,Linh Brown,916-19-8304,linh.brown691@example.com,1111 Oak St,90268,1985-05-10,metro,136300.0,0.147,12.0,1,12.0,27300.0,21.9,0,1
APP01716,Olivia Taylor,939-50-3164,olivia.taylor551@example.com,4975 Oak St,96135,1974-08-06,rural,45200.0,0.271,5.4,0,7.4,39100.0,68.0,1,0
APP01717,Ravi Garcia,992-72-6089,ravi.garcia879@example.com,7729 Oak St,90194,1960-12-02,metro,57800.0,0.247,7.8,0,6.4,20700.0,35.0,0,1
APP01718,Carlos Garcia,960-87-1258,carlos.garcia725@example.com,2577 Oak St,90311,1990-03-17,metro,51700.0,0.289,12.3,0,4.1,21800.0,25.8,0,1
APP01719,Grace Kim,969-20-6743,grace.kim984@example.com,9544 Cedar Ln,91490,2000-01-01,metro,89500.0,0.176,7.1,0,8.0,25800.0,38.7,0,1
APP01720,Alex Taylor,984-94-1713,alex.taylor150@example.com,5280 Pine Rd,95914,1980-01-30,rural,59000.0,0.248,5.1,0,2.5,28000.0,67.8,1,0
APP01721,Aisha Brown,938-17-7396,aisha.brown515@example.com,7204 Pine Rd,96146,1973-03-27,rural,96600.0,0.28,6.6,0,7.2,5000.0,84.1,1,0
APP01722,Daniel Wilson,928-23-7489,daniel.wilson725@example.com,4614 Maple Ave,90116,1957-08-25,metro,66400.0,0.092,4.2,3,6.4,8400.0,39.4,0,1
APP01723,Chloe Moore,955-87-9467,chloe.moore404@example.com,5166 Pine Rd,90245,1975-02-10,metro,,0.212,11.4,0,4.1,16200.0,59.2,0,1
APP01724,Linh Brown,918-52-7986,linh.brown302@example.com,9056 Pine Rd,91624,1995-03-24,metro,53000.0,0.185,7.8,0,7.7,18900.0,30.2,0,1
APP01725,Omar Patel,943-25-5565,omar.patel299@example.com,8121 Oak St,96104,1987-03-23,rural,57400.0,0.073,1.7,2,5.7,8700.0,75.6,0,0
APP01726,Linh Singh,993-72-5079,linh.singh642@example.com,2602 Elm Dr,95934,2000-05-18,rural,66400.0,0.353,19.8,1,6.6,17700.0,71.2,0,1
APP01727,Alex Ramirez,964-64-9684,alex.ramirez37@example.com,2696 Pine Rd,90773,1988-04-27,metro,61800.0,0.13,22.4,1,1.5,13200.0,17.0,0,1
APP01728,Carlos Kim,973-57-1444,carlos.kim220@example.com,428 Elm Dr,95953,1977-05-31,rural,69400.0,0.098,5.5,2,2.1,27300.0,70.8,1,0
APP01729,Fatima Garcia,922-51-4090,fatima.garcia215@example.com,8853 Hillcrest Way,95963,1975-11-25,rural,76400.0,0.13,16.6,0,4.1,17800.0,72.4,0,1
APP01730,Chloe Moore,996-40-3465,chloe.moore617@example.com,6199 Cedar Ln,91731,1991-06-13,metro,75600.0,0.366,5.8,0,8.3,26500.0,27.4,1,0
APP01731,Chloe Davis,954-22-1217,chloe.davis431@example.com,3783 Maple Ave,91935,1961-04-19,metro,90000.0,0.372,8.5,0,8.1,20100.0,30.3,0,1
APP01732,Kevin Wilson,997-64-7446,kevin.wilson581@example.com,9270 Hillcrest Way,95949,1955-03-06,rural,45600.0,0.305,4.3,1,5.1,31200.0,85.6,1,0
APP01733,Chloe Lopez,950-32-4972,chloe.lopez793@example.com,2180 Maple Ave,90103,1966-07-11,metro,35900.0,0.418,11.8,0,9.5,23100.0,39.6,0,0
APP01734,Sofia Johnson,939-76-4416,sofia.johnson468@example.com,2999 Lakeview Blvd,91397,1955-10-19,metro,69700.0,0.257,12.8,0,8.6,35500.0,32.3,0,1
APP01735,Ravi Wilson,955-32-9527,ravi.wilson341@example.com,1121 Elm Dr,91201,1991-11-02,metro,56800.0,0.506,6.6,0,2.1,29200.0,36.1,1,0
APP01736,Chloe Brown,949-46-9848,chloe.brown80@example.com,4626 Maple Ave,91046,1994-02-19,metro,52800.0,0.357,8.6,0,8.4,11500.0,23.0,0,1
APP01737,Linh Martinez,966-25-4964,linh.martinez367@example.com,6645 Elm Dr,90075,1982-03-28,metro,78400.0,0.225,9.5,1,1.9,26500.0,45.8,0,1
APP01738,Hiro Moore,908-71-3665,hiro.moore192@example.com,8411 Cedar Ln,95913,1969-02-12,rural,62300.0,0.34,16.1,1,13.2,34200.0,70.9,0,1
APP01739,Carlos Ramirez,945-83-1976,carlos.ramirez879@example.com,1016 Lakeview Blvd,91679,1999-05-15,metro,51400.0,0.02,20.4,0,10.1,19600.0,41.3,0,1
APP01740,James Wilson,945-39-4646,james.wilson650@example.com,2057 Oak St,95962,1977-03-08,rural,92400.0,0.253,4.2,0,14.5,22500.0,77.0,0,1
APP01741,Omar Lopez,979-55-2452,omar.lopez756@example.com,4203 Hillcrest Way,96078,1962-12-05,rural,58100.0,0.224,6.4,0,5.8,24200.0,62.0,1,0
APP01742,Ravi Brown,952-15-4036,ravi.brown238@example.com,2167 Pine Rd,90053,1994-10-29,metro,,0.324,2.2,0,1.4,25800.0,34.3,1,0
APP01743,Omar Lopez,949-82-2105,omar.lopez633@example.com,3375 Oak St,91717,1982-04-07,metro,,0.44,13.6,0,5.8,5700.0,42.4,0,1
APP01744,Alex Hernandez,955-41-9452,alex.hernandez711@example.com,2390 Elm Dr,96167,1968-11-05,rural,42400.0,0.364,3.9,1,9.4,6200.0,80.6,1,0
APP01745,Priya Smith,913-45-7251,priya.smith599@example.com,6866 Hillcrest Way,90889,1953-07-10,metro,50000.0,0.386,3.6,0,,6300.0,38.8,1,0
APP01746,Alex Nguyen,993-18-4624,alex.nguyen566@example.com,586 Lakeview Blvd,90662,1988-03-29,metro,35000.0,0.365,4.1,1,3.3,21000.0,43.4,1,0
APP01747,Aisha Moore,961-33-8276,aisha.moore212@example.com,2222 Elm Dr,90337,1979-05-29,metro,84200.0,0.413,12.8,1,6.2,17900.0,42.6,1,1
APP01748,Daniel Singh,943-48-2518,daniel.singh407@example.com,9676 Hillcrest Way,95935,1985-03-28,rural,40700.0,0.217,6.2,0,8.3,15300.0,71.3,1,0
APP01749,Aisha Smith,962-65-1567,aisha.smith664@example.com,4665 Lakeview Blvd,91639,2000-07-11,metro,69600.0,0.505,5.7,0,1.0,12500.0,43.2,1,0
APP01750,James Martinez,927-68-6174,james.martinez812@example.com,3107 Oak St,91651,1952-07-05,metro,128200.0,0.376,6.6,0,1.1,19900.0,31.0,0,1
APP01751,Aisha Taylor,958-53-6995,aisha.taylor645@example.com,4512 Hillcrest Way,90544,1950-11-05,metro,42200.0,0.467,9.4,1,7.8,25100.0,30.6,1,0
APP01752,Priya Ramirez,912-15-8034,priya.ramirez861@example.com,1079 Hillcrest Way,90235,1979-02-05,metro,74300.0,0.389,13.9,0,8.3,21500.0,32.6,0,1
APP01753,Carlos Moore,972-35-1613,carlos.moore618@example.com,1056 Maple Ave,91509,1971-05-13,metro,76900.0,0.155,5.3,1,6.5,14100.0,40.6,0,1
APP01754,Noah Chen,913-65-6849,noah.chen209@example.com,7068 Hillcrest Way,91783,1987-12-08,metro,28900.0,0.321,12.8,0,12.7,8900.0,26.4,0,1
APP01755,Hiro Taylor,957-26-6897,hiro.taylor113@example.com,3634 Maple Ave,91776,1974-01-03,metro,50200.0,0.363,11.4,0,1.4,21900.0,33.9,0,1
APP01756,Hiro Patel,948-63-7694,hiro.patel585@example.com,7613 Hillcrest Way,96118,1990-08-31,rural,98500.0,0.491,14.8,1,3.0,23100.0,72.4,0,0
APP01757,Fatima Ali,900-54-6715,fatima.ali363@example.com,9036 Elm Dr,90440,1969-11-04,metro,75500.0,0.251,16.5,0,10.2,34100.0,30.0,0,1
APP01758,Emma Chen,985-64-3892,emma.chen900@example.com,3548 Cedar Ln,90234,1956-06-30,metro,64700.0,0.292,7.5,0,4.9,35000.0,37.6,0,1
APP01759,Priya Hernandez,916-38-7409,priya.hernandez944@example.com,7172 Cedar Ln,91219,1960-06-22,metro,40700.0,0.198,11.0,0,10.5,13800.0,38.5,1,1
APP01760,Carlos Martinez,964-80-3923,carlos.martinez831@example.com,2827 Maple Ave,95993,1991-05-07,rural,36900.0,0.404,10.7,0,2.6,25600.0,79.9,1,0
APP01761,Hiro Moore,901-22-7902,hiro.moore875@example.com,8808 Hillcrest Way,96148,1951-08-08,rural,63300.0,0.437,7.6,1,,27900.0,73.5,1,0
APP01762,Mateo Lee,974-65-3625,mateo.lee318@example.com,9264 Elm Dr,90407,1976-02-16,metro,35700.0,0.448,7.8,0,6.8,21700.0,50.5,1,0
APP01763,Kevin Wilson,940-62-7571,kevin.wilson886@example.com,2150 Oak St,91263,1974-03-21,metro,74900.0,0.527,4.7,0,5.7,28300.0,43.5,1,0
APP01764,Maria Hernandez,904-43-3476,maria.hernandez962@example.com,6289 Elm Dr,90689,1968-01-18,metro,45600.0,0.311,7.5,0,12.1,42600.0,10.9,0,1
APP01765,Alex Wilson,988-79-9164,alex.wilson296@example.com,1822 Cedar Ln,91955,1989-01-25,metro,62900.0,0.347,8.5,0,2.8,18600.0,47.3,0,1
APP01766,Alex Garcia,914-59-2746,alex.garcia104@example.com,1589 Elm Dr,90611,1995-03-21,metro,50100.0,0.4,2.9,0,4.0,17300.0,45.8,1,0
APP01767,Daniel Chen,993-38-6444,daniel.chen626@example.com,7381 Hillcrest Way,90136,1987-07-05,metro,63300.0,0.602,8.4,0,2.7,21600.0,49.2,1,0
APP01768,Kevin Brown,966-61-6569,kevin.brown479@example.com,6201 Elm Dr,91834,1996-09-24,metro,53000.0,0.304,8.2,0,1.0,18300.0,32.4,0,1
APP01769,Aisha Smith,933-28-5755,aisha.smith197@example.com,1970 Maple Ave,91395,1986-08-25,metro,103400.0,0.374,9.9,1,4.1,26300.0,37.5,0,1
APP01770,Priya Brown,990-94-7388,priya.brown637@example.com,2228 Maple Ave,96089,1993-11-02,rural,25900.0,0.458,9.1,0,8.0,11200.0,71.8,1,0
APP01771,Daniel Smith,996-69-3962,daniel.smith156@example.com,8387 Elm Dr,90261,1982-02-24,metro,64000.0,0.353,6.4,1,8.5,20400.0,41.6,0,1
APP01772,Kevin Ali,933-41-8259,kevin.ali81@example.com,7562 Pine Rd,91942,1979-12-12,metro,87700.0,0.425,8.5,0,1.5,24500.0,33.3,0,1
APP01773,Noah Ramirez,976-56-9152,noah.ramirez66@example.com,8136 Oak St,96188,1974-04-03,rural,32200.0,0.112,8.3,1,7.8,21500.0,71.3,0,1
APP01774,Aisha Davis,962-69-2338,aisha.davis490@example.com,1064 Pine Rd,96043,1974-12-25,rural,52800.0,0.352,13.3,0,5.0,7100.0,59.5,0,0
APP01775,Kevin Clark,992-77-2676,kevin.clark388@example.com,7215 Hillcrest Way,90844,1989-08-01,metro,48400.0,0.12,7.2,0,4.3,18000.0,35.5,0,1
APP01776,Omar Chen,915-50-7015,omar.chen676@example.com,3189 Elm Dr,91878,1980-07-23,metro,34500.0,0.256,17.7,0,6.5,28500.0,38.5,1,0
APP01777,Chloe Clark,931-83-3493,chloe.clark135@example.com,9877 Maple Ave,90175,1954-07-28,metro,73300.0,0.241,6.6,1,2.6,22200.0,41.4,0,1
APP01778,Olivia Martinez,938-66-9147,olivia.martinez2@example.com,3776 Maple Ave,90118,1988-08-07,metro,74300.0,0.55,4.0,1,2.4,28200.0,32.1,0,0
APP01779,Emma Singh,996-17-6936,emma.singh455@example.com,3596 Hillcrest Way,95913,1983-10-28,rural,34900.0,0.239,5.3,0,10.0,12500.0,60.2,1,0
APP01780,James Hernandez,931-10-4725,james.hernandez106@example.com,1861 Oak St,90603,1985-06-26,metro,40800.0,0.4,7.6,1,4.9,24300.0,39.1,0,0
APP01781,Alex Hernandez,961-23-3362,alex.hernandez712@example.com,6632 Cedar Ln,90362,2001-09-09,metro,100200.0,0.328,8.9,0,5.2,14100.0,35.7,0,1
APP01782,Maria Brown,991-95-1260,maria.brown887@example.com,2565 Maple Ave,90812,1972-12-30,metro,145000.0,0.327,12.9,1,6.0,17500.0,33.0,0,1
APP01783,Emma Martinez,968-96-5491,emma.martinez214@example.com,8113 Maple Ave,91098,1986-10-19,metro,60500.0,0.251,14.6,1,1.2,21000.0,39.7,0,1
APP01784,Ravi Wilson,991-31-6085,ravi.wilson274@example.com,2822 Maple Ave,91461,1953-03-26,metro,47000.0,0.342,10.7,1,8.1,28400.0,40.0,1,0
APP01785,Carlos Smith,935-67-8709,carlos.smith723@example.com,26 Elm Dr,90359,1996-08-05,metro,100900.0,0.142,2.6,1,3.8,18800.0,42.1,0,1
APP01786,Maria Patel,954-51-6357,maria.patel842@example.com,5123 Pine Rd,91936,1950-12-14,metro,72200.0,0.261,8.2,0,3.9,22900.0,43.4,0,1
APP01787,Carlos Davis,951-99-1123,carlos.davis485@example.com,823 Maple Ave,90458,1999-08-19,metro,47000.0,0.533,6.8,0,3.8,35500.0,47.6,1,0
APP01788,Hiro Moore,922-63-1353,hiro.moore800@example.com,1885 Pine Rd,96176,1991-08-21,rural,50100.0,0.265,11.6,0,2.6,14100.0,77.7,0,1
APP01789,Hiro Wilson,967-73-6292,hiro.wilson538@example.com,4803 Hillcrest Way,90067,1992-06-13,metro,,0.477,2.6,1,1.6,28400.0,37.9,1,0
APP01790,Grace Ali,945-72-9689,grace.ali801@example.com,5372 Hillcrest Way,90086,1965-02-11,metro,57400.0,0.541,10.7,0,8.0,6100.0,21.8,1,0
APP01791,James Martinez,994-28-1284,james.martinez422@example.com,7663 Hillcrest Way,90331,1951-09-10,metro,75400.0,0.363,3.4,0,0.7,20600.0,27.7,0,1
APP01792,Aisha Nguyen,996-16-8189,aisha.nguyen443@example.com,686 Cedar Ln,96167,1995-12-20,rural,44400.0,0.477,14.4,1,2.5,36000.0,73.8,1,0
APP01793,Mateo Ali,929-60-5221,mateo.ali588@example.com,7101 Hillcrest Way,90733,1988-08-27,metro,54500.0,0.325,7.2,1,5.1,25200.0,37.5,0,1
APP01794,Hiro Moore,963-21-6854,hiro.moore730@example.com,8873 Hillcrest Way,91909,1962-03-23,metro,71200.0,0.431,9.3,0,1.1,33600.0,49.8,1,0
APP01795,James Garcia,988-94-4828,james.garcia206@example.com,7093 Oak St,96081,2000-08-10,rural,51000.0,0.204,4.6,0,1.9,9900.0,48.9,1,0
APP01796,Carlos Kim,930-81-6963,carlos.kim923@example.com,6765 Maple Ave,95918,1974-12-15,rural,49700.0,0.087,4.3,0,7.5,24500.0,71.6,1,0
APP01797,Alex Davis,996-49-2125,alex.davis172@example.com,1848 Cedar Ln,90970,1992-11-12,metro,37400.0,0.466,16.4,0,6.3,17000.0,37.9,1,0
APP01798,Grace Clark,973-48-9565,grace.clark883@example.com,8142 Lakeview Blvd,90890,1982-01-26,metro,96300.0,0.339,11.0,0,3.7,13100.0,47.6,1,0
APP01799,Grace Singh,998-23-1302,grace.singh292@example.com,1017 Hillcrest Way,91125,1972-05-22,metro,62700.0,0.247,6.3,0,6.7,26400.0,26.0,0,1
APP01800,Chloe Taylor,937-24-3376,chloe.taylor902@example.com,6027 Maple Ave,91043,1960-09-25,metro,66600.0,0.399,1.6,1,3.8,26400.0,33.4,1,0
APP01801,Fatima Garcia,987-55-7604,fatima.garcia881@example.com,3435 Elm Dr,91733,1980-02-26,metro,71000.0,0.208,7.3,0,7.0,24800.0,28.2,0,1
APP01802,Emma Johnson,965-51-8528,emma.johnson594@example.com,1063 Pine Rd,91921,1965-07-03,metro,73300.0,0.283,4.3,1,12.5,21800.0,26.8,0,1
APP01803,Noah Moore,958-45-3397,noah.moore805@example.com,8885 Cedar Ln,91700,1983-03-01,metro,67100.0,0.294,15.7,0,3.9,19600.0,66.9,0,1
APP01804,Priya Hernandez,909-16-4174,priya.hernandez472@example.com,7465 Maple Ave,96076,1983-10-09,rural,100900.0,0.437,4.8,1,1.8,23800.0,79.2,0,1
APP01805,Ravi Moore,913-30-5126,ravi.moore808@example.com,9046 Elm Dr,90884,1964-03-17,metro,57400.0,0.395,7.9,0,2.5,2000.0,40.1,1,0
APP01806,Aisha Lee,959-75-4447,aisha.lee386@example.com,6102 Cedar Ln,90584,1981-09-17,metro,69900.0,0.409,15.1,1,3.4,24000.0,42.4,0,1
APP01807,Alex Chen,939-27-2796,alex.chen359@example.com,716 Hillcrest Way,91745,1959-04-11,metro,64600.0,0.493,17.3,1,6.5,18300.0,36.0,1,0
APP01808,Grace Singh,927-37-2911,grace.singh522@example.com,8421 Cedar Ln,96066,1983-07-23,rural,67000.0,0.375,18.3,0,4.7,19100.0,70.5,1,0
APP01809,Olivia Ali,943-35-6975,olivia.ali799@example.com,1168 Oak St,91817,1996-05-07,metro,75800.0,0.118,14.4,1,1.9,26700.0,45.7,0,1
APP01810,Fatima Chen,966-75-6660,fatima.chen731@example.com,4221 Maple Ave,90372,1951-06-14,metro,58600.0,0.255,8.0,1,6.5,21300.0,40.7,0,1
APP01811,Omar Smith,989-95-2103,omar.smith124@example.com,6696 Maple Ave,90562,2001-02-07,metro,68000.0,0.666,9.2,2,1.1,20100.0,34.2,1,0
APP01812,Kevin Brown,948-40-3996,kevin.brown226@example.com,779 Hillcrest Way,91221,1960-07-11,metro,46700.0,0.174,5.6,1,7.7,21500.0,23.0,0,1
APP01813,Grace Brown,938-28-3433,grace.brown330@example.com,5788 Pine Rd,96195,1962-03-14,rural,116000.0,0.489,3.3,0,12.7,17400.0,48.8,1,0
APP01814,Ravi Brown,966-11-5277,ravi.brown809@example.com,2376 Lakeview Blvd,90718,1994-08-23,metro,,0.368,6.6,2,5.5,16400.0,14.7,1,0
APP01815,Maria Garcia,906-86-2438,maria.garcia729@example.com,3817 Pine Rd,91804,1987-11-01,metro,29900.0,0.083,6.9,1,4.9,10200.0,28.1,0,0
APP01816,James Clark,927-72-4370,james.clark153@example.com,7582 Oak St,91135,1991-01-30,metro,59400.0,0.307,11.3,0,1.7,12900.0,39.2,0,1
APP01817,Hiro Taylor,954-67-8520,hiro.taylor192@example.com,6373 Oak St,91827,1958-05-29,metro,67200.0,0.249,8.0,0,7.9,22500.0,50.2,1,0
APP01818,Ravi Johnson,964-34-8571,ravi.johnson168@example.com,3992 Maple Ave,91911,1997-09-23,metro,67100.0,0.02,3.0,0,7.9,3000.0,61.6,1,1
APP01819,Mateo Ramirez,978-22-7183,mateo.ramirez198@example.com,9204 Hillcrest Way,96037,1989-11-19,rural,65100.0,0.113,17.1,0,6.8,21000.0,77.8,0,1
APP01820,Alex Lopez,944-78-5067,alex.lopez56@example.com,7157 Elm Dr,91373,1953-08-28,metro,75100.0,0.503,8.3,1,1.6,23600.0,41.3,1,0
APP01821,Hiro Moore,961-35-1014,hiro.moore196@example.com,5167 Pine Rd,91357,1995-06-02,metro,56600.0,0.464,13.0,0,9.1,9700.0,35.0,0,1
APP01822,Daniel Chen,908-30-6384,daniel.chen384@example.com,1409 Cedar Ln,90609,1996-05-16,metro,85100.0,0.388,5.6,0,8.6,17500.0,37.1,0,0
APP01823,Noah Davis,916-56-2361,noah.davis546@example.com,6633 Maple Ave,91043,1951-05-27,metro,55900.0,0.361,8.2,1,5.7,21400.0,31.2,1,0
APP01824,Priya Ali,920-19-8455,priya.ali914@example.com,1432 Elm Dr,90811,1985-01-20,metro,64300.0,0.267,21.3,2,17.2,14000.0,34.6,0,1
APP01825,Kevin Martinez,959-59-8124,kevin.martinez292@example.com,8963 Oak St,96183,1994-12-30,rural,40600.0,0.211,5.8,1,,27500.0,75.2,1,0
APP01826,Daniel Wilson,944-40-1583,daniel.wilson372@example.com,8080 Elm Dr,91634,1954-09-16,metro,54600.0,0.29,17.3,0,13.9,18200.0,41.8,0,1
APP01827,Emma Lopez,963-76-1768,emma.lopez171@example.com,9311 Cedar Ln,91079,1998-01-11,metro,36700.0,0.416,17.8,0,4.5,30600.0,19.7,1,0
APP01828,Chloe Singh,917-62-7797,chloe.singh549@example.com,7544 Maple Ave,91285,1984-05-11,metro,66700.0,0.273,30.1,0,3.3,8400.0,30.7,0,1
APP01829,Alex Patel,965-52-4650,alex.patel601@example.com,1528 Pine Rd,96146,1964-06-08,rural,134000.0,0.221,11.9,0,9.8,23400.0,71.6,1,1
APP01830,Alex Hernandez,953-61-3615,alex.hernandez601@example.com,2480 Pine Rd,95970,1961-08-20,rural,33000.0,0.282,5.4,1,10.0,30200.0,68.4,1,0
APP01831,Emma Ramirez,934-37-1164,emma.ramirez60@example.com,2949 Maple Ave,91108,1977-07-06,metro,87400.0,0.51,12.2,2,6.3,2000.0,25.5,1,0
APP01832,Emma Clark,965-73-6794,emma.clark514@example.com,5409 Maple Ave,90813,1954-01-15,metro,99200.0,0.145,4.2,1,10.1,19500.0,22.0,0,1
APP01833,Emma Taylor,922-53-9592,emma.taylor841@example.com,3185 Maple Ave,96126,1965-07-11,rural,120700.0,0.343,6.2,1,10.5,17100.0,63.3,0,1
APP01834,Hiro Lee,970-32-1705,hiro.lee12@example.com,7143 Maple Ave,90791,1965-05-24,metro,63900.0,0.24,6.7,1,17.4,22100.0,30.6,0,1
APP01835,James Moore,945-50-2443,james.moore815@example.com,9294 Lakeview Blvd,91016,1991-11-11,metro,57500.0,0.462,6.0,0,4.0,20800.0,25.4,1,0
APP01836,Hiro Davis,985-85-5879,hiro.davis257@example.com,4629 Oak St,90383,1978-06-04,metro,128100.0,0.39,4.8,1,10.4,18300.0,35.5,0,1
APP01837,Omar Johnson,916-85-3958,omar.johnson196@example.com,4489 Hillcrest Way,90585,1963-04-01,metro,54600.0,0.511,12.3,1,5.1,17300.0,32.4,1,0
APP01838,Mateo Clark,981-92-9592,mateo.clark893@example.com,7648 Oak St,90337,1982-05-14,metro,80800.0,0.4,5.8,3,11.1,36200.0,34.9,1,0
APP01839,Ravi Johnson,971-83-6288,ravi.johnson23@example.com,496 Hillcrest Way,95911,1961-08-07,rural,53400.0,0.215,5.3,0,5.1,23300.0,65.1,0,1
APP01840,Fatima Nguyen,925-54-5385,fatima.nguyen668@example.com,4614 Elm Dr,90433,1968-07-05,metro,58200.0,0.347,11.2,1,4.2,18800.0,33.8,0,1
APP01841,Alex Chen,905-84-4502,alex.chen4@example.com,7811 Oak St,96026,1950-10-09,rural,70600.0,0.619,14.6,1,4.2,13200.0,66.8,0,0
APP01842,Carlos Moore,972-39-1279,carlos.moore817@example.com,785 Pine Rd,95957,1951-06-09,rural,68200.0,0.307,13.2,0,6.5,24400.0,88.2,0,0
APP01843,Maria Kim,922-63-3685,maria.kim686@example.com,9080 Maple Ave,91752,1972-10-11,metro,44600.0,0.462,5.6,0,14.0,24400.0,38.3,1,0
APP01844,Grace Wilson,902-77-7728,grace.wilson868@example.com,9502 Oak St,90401,1995-05-15,metro,33400.0,0.293,9.6,0,1.2,31300.0,26.4,1,0
APP01845,Carlos Martinez,990-36-5013,carlos.martinez444@example.com,1901 Hillcrest Way,91358,1982-10-15,metro,20100.0,0.549,2.6,0,4.9,20800.0,17.9,1,0
APP01846,Daniel Taylor,950-44-8316,daniel.taylor799@example.com,5292 Cedar Ln,91980,1967-11-10,metro,81800.0,0.444,5.1,0,8.2,16700.0,31.0,0,1
APP01847,Hiro Garcia,972-41-6427,hiro.garcia906@example.com,2151 Oak St,91116,1957-10-22,metro,103500.0,0.413,8.8,0,2.6,17300.0,33.4,1,0
APP01848,Sofia Garcia,989-69-8094,sofia.garcia56@example.com,5356 Cedar Ln,90527,1992-06-08,metro,,0.426,13.2,1,3.0,7900.0,35.6,1,0
APP01849,Grace Lopez,947-63-3727,grace.lopez434@example.com,3919 Hillcrest Way,91993,1989-07-12,metro,51500.0,0.43,13.7,0,4.6,20600.0,35.5,0,1
APP01850,Priya Patel,931-48-8531,priya.patel537@example.com,517 Oak St,90520,1951-07-18,metro,72700.0,0.288,2.6,0,3.4,9900.0,31.6,0,1
APP01851,Olivia Singh,922-61-4333,olivia.singh597@example.com,7371 Hillcrest Way,90126,1976-07-31,metro,59700.0,0.482,4.6,1,6.6,15000.0,39.5,1,0
APP01852,Omar Smith,944-22-2857,omar.smith835@example.com,6935 Maple Ave,91238,2001-04-18,metro,69300.0,0.418,9.7,1,7.5,9900.0,29.4,1,0
APP01853,Aisha Kim,946-72-3275,aisha.kim326@example.com,9207 Cedar Ln,91645,1964-10-30,metro,,0.325,10.3,0,2.6,27400.0,27.3,0,1
APP01854,Aisha Lopez,941-49-2867,aisha.lopez573@example.com,799 Pine Rd,91609,1969-08-28,metro,80300.0,0.286,9.6,0,21.1,22000.0,25.5,0,1
APP01855,Alex Davis,997-54-3222,alex.davis689@example.com,6475 Maple Ave,91690,1986-12-15,metro,42200.0,0.393,9.3,0,8.4,19200.0,32.7,0,1
APP01856,Aisha Brown,976-97-3001,aisha.brown522@example.com,1469 Lakeview Blvd,91905,1968-02-15,metro,48200.0,0.368,6.9,1,13.4,13000.0,30.8,0,1
APP01857,Olivia Smith,961-69-3741,olivia.smith982@example.com,1827 Elm Dr,90855,1964-07-05,metro,78200.0,0.258,3.0,0,10.7,2700.0,34.4,0,1
APP01858,Omar Lee,904-83-9810,omar.lee697@example.com,5835 Oak St,91993,1953-04-27,metro,48600.0,0.521,11.2,2,10.8,13400.0,39.6,1,0
APP01859,Omar Martinez,968-47-8466,omar.martinez915@example.com,3622 Elm Dr,90440,1955-02-04,metro,85900.0,0.377,9.2,1,5.9,18800.0,37.1,0,1
APP01860,Sofia Johnson,998-48-7145,sofia.johnson631@example.com,1612 Elm Dr,95932,1996-04-27,rural,149100.0,0.213,3.8,1,8.1,25200.0,71.4,0,1
APP01861,Maria Wilson,914-88-9911,maria.wilson601@example.com,2701 Pine Rd,96067,1991-02-03,rural,59200.0,0.31,20.8,0,8.3,23400.0,66.7,0,1
APP01862,Ravi Lopez,983-63-7098,ravi.lopez371@example.com,3579 Maple Ave,91155,1967-07-03,metro,142100.0,0.377,8.0,1,13.8,2000.0,36.0,0,1
APP01863,Grace Moore,907-66-4642,grace.moore186@example.com,2794 Maple Ave,96015,1978-09-01,rural,49600.0,0.56,17.9,0,10.4,8900.0,62.1,1,0
APP01864,Grace Hernandez,936-15-1263,grace.hernandez56@example.com,1248 Cedar Ln,91033,1955-11-02,metro,89200.0,0.281,9.7,2,3.0,27700.0,45.8,0,1
APP01865,Omar Lee,974-12-7899,omar.lee892@example.com,3806 Oak St,90074,1956-10-11,metro,62800.0,0.544,1.8,0,8.4,14300.0,31.3,0,0
APP01866,Mateo Moore,959-89-2815,mateo.moore177@example.com,7392 Elm Dr,91593,1976-07-31,metro,109600.0,0.64,5.7,0,5.0,11800.0,37.8,0,1
APP01867,Chloe Garcia,939-77-9093,chloe.garcia472@example.com,7459 Elm Dr,91763,1979-11-18,metro,,0.547,2.6,0,14.2,18200.0,17.8,1,0
APP01868,Kevin Taylor,959-23-2664,kevin.taylor762@example.com,4756 Oak St,90831,1950-01-01,metro,51300.0,0.173,10.1,0,2.2,17200.0,32.9,0,1
APP01869,Alex Martinez,956-39-4095,alex.martinez179@example.com,8137 Lakeview Blvd,91478,1967-07-29,metro,44900.0,0.344,10.0,1,5.0,28400.0,42.8,1,0
APP01870,Maria Ramirez,948-33-7077,maria.ramirez879@example.com,7748 Pine Rd,91542,1998-07-21,metro,58700.0,0.237,12.4,0,3.5,37100.0,33.9,0,1
APP01871,Alex Brown,961-47-6519,alex.brown191@example.com,883 Hillcrest Way,90171,1995-12-13,metro,52200.0,0.532,4.9,1,5.3,28900.0,25.8,1,0
APP01872,Carlos Brown,923-23-1000,carlos.brown663@example.com,9390 Maple Ave,90815,1984-12-29,metro,113600.0,0.127,5.7,0,8.0,16600.0,19.6,0,1
APP01873,Emma Lee,910-58-5278,emma.lee991@example.com,303 Pine Rd,91220,1972-08-24,metro,75200.0,0.301,6.3,0,1.5,10100.0,52.7,0,1
APP01874,Aisha Ali,978-87-7053,aisha.ali537@example.com,2412 Cedar Ln,90358,2000-12-22,metro,97900.0,0.177,10.1,1,5.4,21100.0,41.6,0,1
APP01875,Alex Ali,987-10-2935,alex.ali437@example.com,4345 Pine Rd,95995,1953-11-09,rural,82400.0,0.48,9.4,0,4.3,23300.0,86.8,1,0
APP01876,Noah Wilson,953-54-3702,noah.wilson729@example.com,1191 Pine Rd,90567,1971-12-16,metro,64000.0,0.393,11.5,0,1.1,26300.0,29.1,0,1
APP01877,Hiro Hernandez,972-81-1276,hiro.hernandez241@example.com,1253 Lakeview Blvd,91356,1995-11-30,metro,63800.0,0.244,20.3,0,1.3,30500.0,45.7,0,1
APP01878,Maria Taylor,940-84-8907,maria.taylor5@example.com,4748 Lakeview Blvd,91592,1973-09-05,metro,58700.0,0.473,8.7,0,2.5,30700.0,38.8,0,0
APP01879,Daniel Wilson,948-59-3473,daniel.wilson40@example.com,4962 Hillcrest Way,90376,1976-06-07,metro,56900.0,0.281,4.1,0,1.2,23500.0,37.1,1,0
APP01880,Aisha Martinez,940-57-9113,aisha.martinez951@example.com,1012 Oak St,90084,1963-02-07,metro,48500.0,0.283,8.6,0,18.5,11800.0,14.7,0,1
APP01881,Chloe Kim,939-66-7573,chloe.kim934@example.com,8000 Maple Ave,91267,1951-09-12,metro,114500.0,0.353,6.3,1,6.3,14000.0,27.8,1,0
APP01882,Linh Moore,906-58-6224,linh.moore477@example.com,4708 Cedar Ln,90474,1988-06-27,metro,74400.0,0.428,9.0,0,3.7,13200.0,34.0,0,1
APP01883,Maria Hernandez,953-53-8856,maria.hernandez823@example.com,7748 Cedar Ln,91602,1964-06-19,metro,65700.0,0.391,6.9,1,8.0,9100.0,31.5,1,0
APP01884,Mateo Nguyen,902-61-4659,mateo.nguyen399@example.com,5543 Oak St,90729,1967-07-19,metro,42600.0,0.224,13.9,0,12.6,20500.0,12.7,0,1
APP01885,James Martinez,972-54-1636,james.martinez727@example.com,8100 Cedar Ln,90699,1951-10-24,metro,90900.0,0.256,4.0,1,12.5,25400.0,22.6,0,1
APP01886,Maria Garcia,934-50-8424,maria.garcia303@example.com,2577 Cedar Ln,90140,1960-10-14,metro,33200.0,0.245,14.1,0,20.6,30100.0,23.2,0,1
APP01887,Alex Ramirez,948-21-8049,alex.ramirez888@example.com,4722 Elm Dr,96165,1974-07-31,rural,44200.0,0.33,10.0,0,5.9,22300.0,53.4,1,0
APP01888,Noah Johnson,920-22-6172,noah.johnson669@example.com,8421 Lakeview Blvd,96009,1960-03-20,rural,32000.0,0.365,16.0,0,4.7,43600.0,75.3,0,0
APP01889,Noah Lopez,957-39-1739,noah.lopez381@example.com,4291 Maple Ave,96003,1958-08-05,rural,36700.0,0.451,7.2,0,0.6,4000.0,73.6,1,0
APP01890,Kevin Patel,980-59-9570,kevin.patel904@example.com,7156 Hillcrest Way,96007,1992-10-07,rural,56300.0,0.385,13.7,2,5.6,5100.0,88.2,1,0
APP01891,Fatima Taylor,955-42-6177,fatima.taylor853@example.com,5609 Cedar Ln,91760,1997-02-01,metro,61600.0,0.104,4.7,1,1.7,17300.0,45.9,0,1
APP01892,Carlos Davis,969-88-2236,carlos.davis765@example.com,1675 Maple Ave,90182,2001-12-07,metro,136900.0,0.224,7.1,0,2.5,27700.0,25.2,0,1
APP01893,Maria Taylor,973-61-9442,maria.taylor889@example.com,4992 Maple Ave,90099,1967-06-11,metro,84800.0,0.383,26.7,0,2.2,22100.0,31.3,0,1
APP01894,Linh Moore,989-37-7732,linh.moore948@example.com,5266 Cedar Ln,91435,1996-10-28,metro,95500.0,0.428,4.2,1,,20600.0,28.8,0,0
APP01895,James Garcia,902-94-8422,james.garcia678@example.com,2707 Maple Ave,91706,1988-01-12,metro,48300.0,0.316,3.7,1,14.0,21500.0,22.8,1,0
APP01896,Carlos Garcia,970-66-6504,carlos.garcia215@example.com,306 Elm Dr,90443,1960-01-13,metro,129100.0,0.264,10.7,0,,21300.0,41.0,0,1
APP01897,Ravi Ramirez,986-27-8351,ravi.ramirez776@example.com,4031 Oak St,90744,1954-03-04,metro,40800.0,0.105,13.1,2,6.9,27400.0,40.9,1,1
APP01898,Olivia Lopez,977-52-9643,olivia.lopez266@example.com,6788 Lakeview Blvd,90506,1959-03-24,metro,99100.0,0.339,19.6,0,7.6,18700.0,35.0,0,1
APP01899,Kevin Ramirez,978-23-4244,kevin.ramirez442@example.com,8672 Elm Dr,96137,1995-07-31,rural,96000.0,0.324,12.7,1,7.5,22100.0,74.9,0,1
APP01900,Noah Wilson,912-34-7141,noah.wilson19@example.com,7075 Pine Rd,96011,1999-11-22,rural,33300.0,0.458,6.7,0,2.4,10700.0,81.0,1,1
APP01901,Linh Clark,949-42-4408,linh.clark833@example.com,6821 Elm Dr,91111,1990-10-07,metro,38900.0,0.244,22.0,1,9.5,6800.0,28.9,0,1
APP01902,Daniel Patel,997-29-2553,daniel.patel81@example.com,678 Elm Dr,90218,1966-04-27,metro,85800.0,0.02,5.8,1,6.1,25600.0,52.0,0,1
APP01903,Daniel Martinez,930-71-8432,daniel.martinez381@example.com,5014 Cedar Ln,91450,1958-10-29,metro,53300.0,0.392,3.4,0,7.7,14100.0,16.7,1,0
APP01904,Ravi Garcia,935-16-9122,ravi.garcia141@example.com,1303 Lakeview Blvd,90332,1991-05-24,metro,48900.0,0.312,10.5,0,10.7,27200.0,40.5,0,1
APP01905,Priya Brown,923-58-6429,priya.brown960@example.com,222 Lakeview Blvd,91620,1953-11-21,metro,39400.0,0.227,9.9,1,4.4,23800.0,30.6,1,0
APP01906,Ravi Clark,964-83-8599,ravi.clark157@example.com,5909 Oak St,96051,1989-06-13,rural,76100.0,0.247,10.8,0,2.6,22900.0,79.7,1,0
APP01907,Maria Wilson,912-23-8094,maria.wilson163@example.com,8810 Hillcrest Way,96175,1987-01-07,rural,55400.0,0.255,5.7,1,8.0,27500.0,78.6,0,0
APP01908,Hiro Ramirez,999-55-3171,hiro.ramirez384@example.com,4090 Elm Dr,96055,1982-07-22,rural,82700.0,0.256,5.9,0,7.3,22700.0,68.7,0,1
APP01909,Omar Nguyen,922-17-2023,omar.nguyen555@example.com,9702 Oak St,91280,1950-07-08,metro,54100.0,0.535,11.2,1,5.7,22700.0,37.5,1,0
APP01910,Emma Martinez,911-11-2282,emma.martinez667@example.com,5521 Maple Ave,90265,1996-12-31,metro,50200.0,0.323,4.7,0,1.6,16400.0,30.9,0,1
APP01911,Omar Johnson,959-62-1310,omar.johnson648@example.com,948 Cedar Ln,90365,1999-01-11,metro,128800.0,0.372,6.7,0,0.8,25800.0,42.2,0,1
APP01912,Maria Nguyen,955-89-1602,maria.nguyen212@example.com,7378 Maple Ave,91741,1954-02-01,metro,48500.0,0.375,7.5,1,6.6,12800.0,29.8,1,0
APP01913,Sofia Lopez,995-39-1522,sofia.lopez769@example.com,774 Pine Rd,95904,1986-03-16,rural,44000.0,0.353,7.4,0,9.2,30200.0,62.3,0,0
APP01914,Grace Clark,955-70-9138,grace.clark796@example.com,8213 Pine Rd,91376,1993-01-24,metro,58300.0,0.382,36.9,0,4.7,16600.0,22.9,0,1
APP01915,Linh Garcia,956-39-4224,linh.garcia173@example.com,9258 Oak St,90796,1961-12-21,metro,107700.0,0.339,1.9,0,2.2,22300.0,20.1,1,0
APP01916,Omar Taylor,943-59-4075,omar.taylor956@example.com,1376 Cedar Ln,90679,1968-10-06,metro,45700.0,0.454,21.2,0,10.2,23200.0,18.7,0,0
APP01917,James Ali,938-32-6683,james.ali767@example.com,7761 Cedar Ln,90789,1952-10-12,metro,33500.0,0.347,2.5,2,8.1,30600.0,30.7,1,0
APP01918,Emma Patel,998-72-9132,emma.patel515@example.com,4979 Pine Rd,90468,1962-06-12,metro,67600.0,0.233,7.4,0,5.5,24600.0,45.6,0,1
APP01919,Priya Wilson,917-60-7779,priya.wilson854@example.com,7953 Cedar Ln,90464,1963-07-03,metro,75000.0,0.549,10.0,0,4.9,36900.0,35.0,1,0
APP01920,Linh Chen,980-59-3593,linh.chen869@example.com,6464 Maple Ave,90730,1981-12-04,metro,120400.0,0.188,7.4,1,2.0,16600.0,48.9,0,1
APP01921,Fatima Davis,955-21-6489,fatima.davis513@example.com,9090 Lakeview Blvd,96188,1967-02-04,rural,50700.0,0.365,12.2,0,,38600.0,72.2,1,0
APP01922,Hiro Ramirez,998-41-3774,hiro.ramirez101@example.com,3001 Elm Dr,90540,1981-12-21,metro,82000.0,0.27,10.8,0,5.7,26500.0,56.0,0,1
APP01923,Sofia Martinez,907-70-9056,sofia.martinez403@example.com,6939 Elm Dr,96008,1978-12-05,rural,54800.0,0.321,9.0,1,5.1,27300.0,71.7,1,0
APP01924,Alex Kim,924-14-1095,alex.kim408@example.com,5376 Elm Dr,96167,1952-02-12,rural,41000.0,0.535,14.9,2,10.2,17100.0,65.3,1,0
APP01925,Linh Moore,913-68-5597,linh.moore866@example.com,206 Hillcrest Way,91761,1986-06-12,metro,51400.0,0.364,7.8,0,3.5,14000.0,46.8,0,1
APP01926,Sofia Patel,959-90-1092,sofia.patel892@example.com,3074 Elm Dr,90349,1982-06-14,metro,68800.0,0.41,2.1,0,10.5,29700.0,34.1,1,0
APP01927,Hiro Patel,983-10-8763,hiro.patel918@example.com,7923 Cedar Ln,91847,1952-06-21,metro,38600.0,0.198,18.6,0,6.7,10700.0,53.0,0,1
APP01928,Olivia Martinez,953-52-6316,olivia.martinez219@example.com,8303 Elm Dr,90607,1963-10-17,metro,56500.0,0.519,12.7,0,17.0,37300.0,40.9,1,0
APP01929,Omar Singh,943-40-9238,omar.singh413@example.com,7553 Cedar Ln,91087,1998-02-18,metro,67000.0,0.183,8.1,2,5.7,23600.0,38.3,0,1
APP01930,Kevin Wilson,983-25-7303,kevin.wilson284@example.com,2460 Pine Rd,91206,1956-04-11,metro,39500.0,0.46,1.7,1,5.2,18300.0,38.0,1,0
APP01931,Mateo Johnson,931-41-8394,mateo.johnson100@example.com,3740 Hillcrest Way,90733,1975-04-01,metro,83100.0,0.171,9.7,0,0.4,42400.0,17.5,0,1
APP01932,Linh Clark,998-10-4016,linh.clark328@example.com,7762 Oak St,91243,1988-01-19,metro,57600.0,0.259,6.4,1,6.1,20700.0,31.1,0,1
APP01933,Grace Patel,949-77-6480,grace.patel347@example.com,1171 Oak St,91930,1984-02-01,metro,46000.0,0.542,10.8,1,6.9,20000.0,42.1,1,0
APP01934,Priya Clark,971-70-1333,priya.clark648@example.com,618 Elm Dr,95937,1974-10-01,rural,56200.0,0.213,3.2,0,0.9,21100.0,76.1,1,0
APP01935,Noah Singh,956-20-5366,noah.singh569@example.com,7035 Cedar Ln,91317,1959-09-22,metro,31900.0,0.256,5.6,0,1.8,28000.0,31.6,1,0
APP01936,Fatima Clark,923-44-3521,fatima.clark843@example.com,1380 Pine Rd,91627,1988-08-11,metro,53900.0,0.402,10.6,0,10.3,17900.0,35.0,0,1
APP01937,Carlos Brown,949-81-6193,carlos.brown197@example.com,8705 Elm Dr,91298,1952-03-26,metro,61000.0,0.504,5.4,0,3.8,15700.0,31.4,0,0
APP01938,Emma Garcia,927-45-4348,emma.garcia39@example.com,3798 Pine Rd,95918,1991-08-10,rural,70400.0,0.06,11.6,1,6.9,20800.0,82.4,0,1
APP01939,Grace Martinez,923-23-4713,grace.martinez12@example.com,1203 Elm Dr,90110,1995-01-09,metro,89500.0,0.295,8.6,1,12.4,27300.0,43.7,0,1
APP01940,Grace Ramirez,995-45-9831,grace.ramirez59@example.com,9033 Maple Ave,90066,1972-11-11,metro,31400.0,0.258,7.2,0,,29100.0,32.0,1,0
APP01941,Daniel Brown,908-53-1168,daniel.brown2@example.com,6482 Oak St,91982,2001-01-30,metro,,0.44,15.2,0,1.8,19100.0,14.1,1,0
APP01942,Omar Lee,979-90-1979,omar.lee544@example.com,1099 Cedar Ln,90773,1976-08-03,metro,56900.0,0.409,18.5,0,7.1,13100.0,29.2,0,1
APP01943,Maria Smith,983-35-5897,maria.smith175@example.com,8031 Lakeview Blvd,95949,1975-11-06,rural,59700.0,0.182,15.3,1,7.0,16100.0,93.5,0,1
APP01944,Carlos Wilson,973-22-4104,carlos.wilson283@example.com,7483 Cedar Ln,91767,1994-11-16,metro,53700.0,0.237,25.1,1,6.5,23400.0,40.4,0,1
APP01945,Kevin Johnson,945-18-4932,kevin.johnson336@example.com,9184 Elm Dr,91048,1985-12-06,metro,52300.0,0.386,24.0,1,,13100.0,55.8,1,0
APP01946,Priya Ali,923-10-1672,priya.ali601@example.com,5486 Elm Dr,95962,1964-09-20,rural,34200.0,0.599,17.4,0,5.3,11400.0,78.0,0,0
APP01947,James Wilson,905-57-4817,james.wilson683@example.com,7464 Cedar Ln,90809,1980-07-20,metro,50900.0,0.206,3.0,0,3.2,21900.0,41.7,0,1
APP01948,Daniel Nguyen,948-31-8801,daniel.nguyen487@example.com,9333 Cedar Ln,90178,1967-11-01,metro,63900.0,0.297,21.8,0,4.7,15300.0,38.5,0,1
APP01949,Ravi Patel,946-76-9812,ravi.patel168@example.com,404 Pine Rd,91238,1960-11-05,metro,96900.0,0.365,10.1,0,4.6,13200.0,31.3,0,1
APP01950,Emma Nguyen,970-70-4031,emma.nguyen180@example.com,7648 Lakeview Blvd,96006,1985-03-18,rural,51200.0,0.215,8.5,0,12.5,30200.0,52.9,0,1
APP01951,Mateo Kim,943-69-9037,mateo.kim10@example.com,7220 Oak St,91963,1955-03-07,metro,60200.0,0.561,5.6,1,,19200.0,36.9,1,0
APP01952,Emma Johnson,936-66-9772,emma.johnson762@example.com,3505 Oak St,95959,1965-06-30,rural,81500.0,0.52,11.0,1,,29300.0,71.4,1,0
APP01953,Alex Chen,954-74-3132,alex.chen372@example.com,7391 Oak St,90166,1992-08-25,metro,99800.0,0.483,10.6,0,2.1,21800.0,36.5,0,1
APP01954,Carlos Martinez,970-90-5539,carlos.martinez940@example.com,8243 Oak St,90847,1967-09-06,metro,31500.0,0.24,8.6,0,3.8,16800.0,39.9,1,0
APP01955,Olivia Hernandez,921-77-8543,olivia.hernandez653@example.com,4141 Cedar Ln,91378,1984-10-28,metro,65000.0,0.391,3.1,0,5.4,33500.0,44.2,0,0
APP01956,Daniel Johnson,983-65-6695,daniel.johnson110@example.com,8981 Cedar Ln,90473,1988-02-15,metro,60900.0,0.321,29.1,0,6.4,23300.0,45.3,0,1
APP01957,Ravi Martinez,970-15-3456,ravi.martinez172@example.com,9631 Hillcrest Way,91948,1976-03-23,metro,70400.0,0.363,11.7,1,13.5,18100.0,29.8,0,1
APP01958,Fatima Taylor,967-22-9421,fatima.taylor307@example.com,9184 Elm Dr,90758,1991-08-18,metro,36700.0,0.408,14.0,0,5.0,25400.0,48.2,0,1
APP01959,Omar Singh,975-38-3566,omar.singh622@example.com,230 Pine Rd,96011,1955-11-04,rural,35200.0,0.484,10.3,1,21.8,25000.0,79.9,1,0
APP01960,Emma Hernandez,909-27-4816,emma.hernandez651@example.com,2157 Elm Dr,90291,1974-05-11,metro,46700.0,0.436,11.3,0,3.6,21400.0,32.4,0,0
APP01961,Mateo Lee,919-90-7489,mateo.lee283@example.com,7909 Cedar Ln,95949,1967-10-21,rural,48000.0,0.403,8.0,0,5.4,17400.0,64.2,1,0
APP01962,Emma Davis,949-22-1842,emma.davis708@example.com,8745 Lakeview Blvd,90648,1986-06-27,metro,80200.0,0.23,10.9,0,1.5,24200.0,47.9,0,1
APP01963,Daniel Brown,987-10-3591,daniel.brown531@example.com,2042 Pine Rd,91482,1954-07-16,metro,48400.0,0.403,13.4,0,7.9,35800.0,32.8,1,0
APP01964,Linh Garcia,923-44-8400,linh.garcia501@example.com,6299 Elm Dr,95922,1992-05-26,rural,63700.0,0.479,11.9,0,5.9,24700.0,77.9,1,0
APP01965,Chloe Kim,946-94-8128,chloe.kim274@example.com,436 Hillcrest Way,90136,1994-10-03,metro,96100.0,0.175,5.9,0,11.6,24900.0,55.7,0,1
APP01966,Grace Clark,952-62-3153,grace.clark60@example.com,6802 Pine Rd,90203,1974-08-21,metro,32800.0,0.32,8.2,1,,26400.0,38.3,0,0
APP01967,James Lopez,928-29-4379,james.lopez333@example.com,2105 Oak St,90165,1969-01-31,metro,42900.0,0.295,3.2,1,5.2,17800.0,39.1,0,1
APP01968,Daniel Lee,946-76-1349,daniel.lee520@example.com,7807 Oak St,90976,1970-06-16,metro,28200.0,0.307,7.3,0,2.7,14500.0,19.2,0,0
APP01969,Chloe Patel,983-90-4920,chloe.patel580@example.com,3476 Maple Ave,90191,1971-05-25,metro,86300.0,0.292,3.8,2,3.9,33500.0,17.2,0,1
APP01970,Chloe Garcia,922-62-8339,chloe.garcia226@example.com,7470 Cedar Ln,96198,1988-11-04,rural,79300.0,0.345,9.5,0,8.2,29400.0,62.4,1,0
APP01971,Grace Moore,915-88-5764,grace.moore21@example.com,4215 Oak St,90013,1959-09-02,metro,32000.0,0.484,6.6,0,1.1,14200.0,42.7,1,0
APP01972,Linh Patel,939-69-5472,linh.patel657@example.com,7062 Oak St,90466,1993-01-23,metro,69300.0,0.121,11.1,0,5.9,16400.0,31.4,0,1
APP01973,Grace Lee,950-22-2680,grace.lee299@example.com,5541 Oak St,91274,1991-03-02,metro,70500.0,0.354,4.2,0,7.5,26100.0,59.3,1,1
APP01974,James Patel,962-79-3463,james.patel573@example.com,1842 Elm Dr,90908,1970-05-20,metro,67000.0,0.477,7.0,0,1.8,16400.0,37.7,1,0
APP01975,Linh Chen,982-48-6191,linh.chen891@example.com,317 Oak St,96139,1982-01-05,rural,58600.0,0.346,2.3,1,7.7,15900.0,85.5,0,0
APP01976,Fatima Davis,912-35-7811,fatima.davis396@example.com,9033 Oak St,90078,1987-03-08,metro,74900.0,0.464,9.5,0,6.2,33700.0,32.2,0,1
APP01977,Sofia Ramirez,951-21-2561,sofia.ramirez803@example.com,5383 Lakeview Blvd,90855,1985-02-19,metro,35300.0,0.242,12.8,0,3.6,21400.0,31.3,0,0
APP01978,Hiro Lee,921-28-3058,hiro.lee957@example.com,9011 Oak St,96032,1969-10-31,rural,73400.0,0.527,10.3,0,16.5,10400.0,79.9,1,0
APP01979,Chloe Singh,953-42-3508,chloe.singh781@example.com,7039 Oak St,90922,1999-02-03,metro,78400.0,0.328,10.7,0,7.0,24700.0,21.8,0,1
APP01980,Emma Kim,923-70-1810,emma.kim765@example.com,3664 Maple Ave,90972,2000-06-10,metro,105800.0,0.245,2.5,1,1.3,9500.0,39.5,0,1
APP01981,Linh Chen,997-69-7444,linh.chen518@example.com,9795 Maple Ave,91150,1987-03-31,metro,107200.0,0.284,11.8,0,7.1,21500.0,27.8,0,1
APP01982,Noah Patel,911-31-4613,noah.patel140@example.com,4154 Hillcrest Way,91237,1954-06-21,metro,55700.0,0.193,2.3,1,4.8,20800.0,33.1,0,1
APP01983,James Patel,930-80-6651,james.patel415@example.com,5300 Cedar Ln,91772,1972-12-31,metro,91300.0,0.427,9.7,1,1.9,22500.0,16.9,0,1
APP01984,Chloe Moore,928-30-4311,chloe.moore962@example.com,2152 Pine Rd,95940,1997-04-20,rural,56800.0,0.2,4.4,2,3.2,10600.0,76.9,0,0
APP01985,Fatima Taylor,905-16-6554,fatima.taylor7@example.com,7306 Cedar Ln,96028,1990-04-08,rural,37000.0,0.362,6.7,0,13.2,17000.0,69.3,0,0
APP01986,Kevin Clark,922-89-6149,kevin.clark891@example.com,7197 Elm Dr,96146,1990-08-15,rural,34500.0,0.478,17.2,0,14.2,24600.0,73.7,1,0
APP01987,Grace Kim,988-26-6319,grace.kim723@example.com,5664 Lakeview Blvd,91974,1971-02-01,metro,38700.0,0.17,6.7,0,10.6,25700.0,46.8,0,1
APP01988,Chloe Johnson,961-86-5520,chloe.johnson81@example.com,9765 Maple Ave,95940,1954-04-03,rural,49900.0,0.58,3.5,0,10.4,20100.0,71.6,1,0
APP01989,Fatima Clark,913-58-3478,fatima.clark247@example.com,8888 Elm Dr,96006,1950-04-24,rural,63400.0,0.072,18.1,0,2.7,7200.0,76.3,0,1
APP01990,Linh Ramirez,900-98-7846,linh.ramirez902@example.com,2173 Lakeview Blvd,90986,1966-04-07,metro,63800.0,0.369,3.2,0,3.9,22500.0,33.3,0,1
APP01991,Hiro Brown,947-23-5200,hiro.brown753@example.com,6282 Elm Dr,91064,2000-05-12,metro,114300.0,0.4,7.3,1,4.4,28700.0,29.2,0,1
APP01992,Olivia Ramirez,906-78-9411,olivia.ramirez76@example.com,874 Lakeview Blvd,90929,1952-03-25,metro,69100.0,0.504,12.4,2,5.1,18500.0,41.1,0,0
APP01993,Priya Lee,948-63-4497,priya.lee581@example.com,6617 Pine Rd,96112,1985-03-28,rural,107800.0,0.322,3.2,0,1.6,12700.0,70.1,0,1
APP01994,Maria Chen,902-64-7196,maria.chen212@example.com,974 Hillcrest Way,90635,1950-03-14,metro,44100.0,0.13,11.1,0,2.3,15400.0,29.6,0,1
APP01995,Kevin Johnson,975-80-8711,kevin.johnson66@example.com,9366 Maple Ave,96013,1956-01-23,rural,79700.0,0.344,11.2,0,1.7,7000.0,86.5,0,1
APP01996,Kevin Johnson,952-17-8020,kevin.johnson83@example.com,8162 Lakeview Blvd,95941,1961-06-09,rural,30600.0,0.388,4.0,0,2.7,25300.0,69.8,1,0
APP01997,Maria Garcia,969-59-4941,maria.garcia754@example.com,9323 Oak St,90348,1978-03-08,metro,44800.0,0.353,10.6,1,6.2,25000.0,27.7,0,0
APP01998,Carlos Chen,942-43-8357,carlos.chen549@example.com,7944 Maple Ave,96003,1990-12-26,rural,57600.0,0.282,23.7,0,4.8,16700.0,71.0,0,0
APP01999,Daniel Chen,938-83-9716,daniel.chen107@example.com,967 Cedar Ln,96075,1998-07-07,rural,46900.0,0.249,9.5,1,,28900.0,68.7,0,1
APP02000,Daniel Moore,930-55-4248,daniel.moore60@example.com,4490 Elm Dr,91806,1978-07-09,metro,38300.0,0.665,9.7,0,5.5,46200.0,40.6,1,0
APP02001,Alex Moore,991-57-8878,alex.moore568@example.com,6857 Maple Ave,96034,1970-10-10,rural,38600.0,0.194,11.0,0,2.3,17200.0,67.1,0,1
APP02002,Noah Hernandez,964-61-2802,noah.hernandez196@example.com,6039 Hillcrest Way,90893,1967-09-19,metro,89300.0,0.317,3.7,0,3.4,15500.0,32.9,0,1
APP02003,Linh Garcia,947-78-5902,linh.garcia376@example.com,7804 Maple Ave,91746,1985-11-01,metro,55900.0,0.238,10.9,0,12.6,25000.0,25.7,0,1
APP02004,Hiro Taylor,988-40-7194,hiro.taylor337@example.com,3404 Hillcrest Way,91679,1962-10-26,metro,70400.0,0.49,9.6,0,5.9,13500.0,42.4,0,1
APP02005,Aisha Hernandez,961-27-2568,aisha.hernandez384@example.com,2270 Lakeview Blvd,91411,1974-01-10,metro,72100.0,0.349,7.9,0,4.4,2600.0,36.7,0,1
APP02006,Carlos Hernandez,912-49-4559,carlos.hernandez739@example.com,6632 Oak St,90567,1976-07-30,metro,56700.0,0.097,11.6,0,9.1,18500.0,33.1,0,1
APP02007,Grace Wilson,976-91-5161,grace.wilson441@example.com,686 Oak St,91869,1965-03-26,metro,59100.0,0.299,9.6,0,7.2,19400.0,25.1,1,0
APP02008,Aisha Chen,985-76-4837,aisha.chen929@example.com,8434 Hillcrest Way,96075,1973-06-04,rural,84400.0,0.374,6.3,0,2.7,24500.0,75.6,0,1
APP02009,Olivia Moore,943-15-8717,olivia.moore450@example.com,8943 Oak St,91198,1986-04-19,metro,145400.0,0.495,5.1,0,3.4,18100.0,29.1,0,1
APP02010,Chloe Lopez,938-64-7877,chloe.lopez206@example.com,7008 Lakeview Blvd,90883,1957-07-22,metro,68100.0,0.559,17.8,0,7.1,17300.0,53.1,0,0
APP02011,Emma Smith,997-52-5059,emma.smith710@example.com,3584 Lakeview Blvd,91272,1988-09-16,metro,76800.0,0.298,10.4,1,1.7,26300.0,36.4,0,1
APP02012,Mateo Singh,913-28-9693,mateo.singh444@example.com,8640 Hillcrest Way,95970,1961-06-21,rural,128000.0,0.152,6.6,0,5.3,13100.0,62.2,0,1
APP02013,Maria Wilson,987-14-3254,maria.wilson505@example.com,7023 Oak St,95922,1956-01-14,rural,56300.0,0.305,5.4,2,5.8,23000.0,86.3,1,0
APP02014,Chloe Ali,907-24-8047,chloe.ali692@example.com,9289 Lakeview Blvd,96146,1968-08-26,rural,50400.0,0.473,7.5,1,1.3,2300.0,64.9,1,0
APP02015,Daniel Singh,946-72-2221,daniel.singh382@example.com,3625 Elm Dr,90143,1998-08-07,metro,70100.0,0.233,17.0,0,2.9,14100.0,27.4,0,1
APP02016,Mateo Smith,968-14-8118,mateo.smith924@example.com,2041 Pine Rd,90300,1983-06-30,metro,83100.0,0.17,3.9,1,3.5,21100.0,30.0,0,1
APP02017,Ravi Brown,980-40-6784,ravi.brown750@example.com,2122 Cedar Ln,91105,1993-08-03,metro,58200.0,0.633,11.2,0,7.5,29800.0,41.9,1,0
APP02018,Sofia Brown,981-89-5485,sofia.brown986@example.com,9457 Lakeview Blvd,90850,1990-04-09,metro,62000.0,0.451,7.7,2,3.9,18400.0,43.9,0,0
APP02019,Emma Ali,992-59-7474,emma.ali400@example.com,6150 Lakeview Blvd,91605,1980-05-31,metro,36800.0,0.138,17.1,0,3.4,27300.0,45.4,1,0
APP02020,Linh Martinez,900-92-6241,linh.martinez452@example.com,8142 Pine Rd,91603,1961-09-03,metro,35800.0,0.182,4.8,0,3.5,25000.0,41.5,1,0
APP02021,Linh Ramirez,982-85-9669,linh.ramirez905@example.com,8504 Pine Rd,91765,1962-05-19,metro,67900.0,0.38,7.5,2,,10000.0,34.2,1,0
APP02022,Kevin Clark,936-55-7245,kevin.clark508@example.com,6965 Lakeview Blvd,91414,1983-12-21,metro,103000.0,0.384,3.7,1,9.8,33100.0,35.1,0,1
APP02023,Priya Davis,997-99-9829,priya.davis829@example.com,3861 Cedar Ln,96118,1968-05-16,rural,51400.0,0.282,10.8,1,3.3,18000.0,72.5,1,0
APP02024,Linh Kim,978-80-6732,linh.kim838@example.com,8949 Lakeview Blvd,95963,1979-12-29,rural,42300.0,0.562,17.4,0,4.5,29500.0,72.0,1,0
APP02025,Alex Brown,949-56-5639,alex.brown168@example.com,9765 Pine Rd,91263,1981-03-18,metro,43000.0,0.383,8.2,0,3.0,13800.0,38.3,1,0
APP02026,Aisha Taylor,926-70-8238,aisha.taylor446@example.com,8392 Hillcrest Way,91465,1956-11-22,metro,60700.0,0.158,3.5,1,5.2,23700.0,32.8,0,1
APP02027,Maria Wilson,920-75-7016,maria.wilson406@example.com,9581 Cedar Ln,91121,1970-05-28,metro,64800.0,0.295,1.4,0,5.7,22100.0,30.7,1,0
APP02028,Daniel Chen,968-36-1220,daniel.chen466@example.com,1619 Cedar Ln,96007,1978-03-17,rural,47700.0,0.339,9.1,0,5.7,40400.0,54.3,1,0
APP02029,Carlos Johnson,917-76-5586,carlos.johnson281@example.com,2562 Maple Ave,91853,1966-06-26,metro,43400.0,0.287,6.0,0,6.0,43300.0,25.4,1,0
APP02030,Mateo Singh,931-80-8993,mateo.singh171@example.com,8006 Pine Rd,96147,1986-06-06,rural,109900.0,0.367,9.8,0,1.7,15700.0,74.7,0,1
APP02031,Olivia Singh,939-99-8393,olivia.singh801@example.com,7728 Lakeview Blvd,95926,1993-08-27,rural,62900.0,0.483,8.1,0,3.4,6500.0,77.8,0,0
APP02032,Emma Lopez,908-11-3568,emma.lopez110@example.com,9005 Lakeview Blvd,90253,1985-08-29,metro,22600.0,0.224,4.1,0,10.4,29900.0,37.9,1,0
APP02033,Emma Patel,928-72-9809,emma.patel396@example.com,1736 Oak St,91818,1975-07-20,metro,63700.0,0.232,7.5,0,6.1,38800.0,28.6,0,1
APP02034,Daniel Clark,913-17-4489,daniel.clark155@example.com,6201 Hillcrest Way,96065,1960-12-24,rural,29300.0,0.344,4.0,0,8.8,24000.0,57.8,1,0
APP02035,Hiro Davis,950-86-8129,hiro.davis587@example.com,7710 Oak St,96073,1965-10-27,rural,,0.307,6.2,0,10.7,25800.0,83.8,1,0
APP02036,Aisha Martinez,928-51-4364,aisha.martinez35@example.com,4600 Maple Ave,91666,2001-04-11,metro,58900.0,0.397,8.0,0,10.1,28000.0,45.1,0,1
APP02037,Carlos Martinez,956-11-7293,carlos.martinez194@example.com,4887 Lakeview Blvd,90568,1986-08-29,metro,43300.0,0.209,24.1,0,14.3,18300.0,38.5,0,1
APP02038,Sofia Taylor,924-25-6613,sofia.taylor983@example.com,212 Cedar Ln,90384,1961-07-09,metro,54400.0,0.623,3.1,0,12.8,21300.0,34.2,0,0
APP02039,Alex Smith,976-51-6329,alex.smith437@example.com,9549 Oak St,96050,1992-07-23,rural,50600.0,0.255,5.2,0,13.0,20900.0,71.2,1,0
APP02040,Hiro Hernandez,963-89-8681,hiro.hernandez168@example.com,1025 Pine Rd,91063,1950-04-03,metro,49700.0,0.311,3.4,0,2.2,14900.0,48.1,0,1
APP02041,Carlos Lee,979-74-7783,carlos.lee347@example.com,8076 Oak St,90482,1997-07-02,metro,132000.0,0.357,9.1,0,,31900.0,14.3,0,1
APP02042,Daniel Smith,973-93-1890,daniel.smith652@example.com,3419 Maple Ave,91766,1956-01-07,metro,74000.0,0.34,13.0,1,2.4,40000.0,11.9,0,1
APP02043,Mateo Chen,953-88-6594,mateo.chen523@example.com,5346 Maple Ave,95970,1968-03-23,rural,69300.0,0.343,22.8,1,10.7,15000.0,60.0,1,0
APP02044,Chloe Nguyen,956-56-7685,chloe.nguyen793@example.com,2482 Oak St,90277,1994-09-20,metro,113500.0,0.547,14.0,0,9.1,29800.0,29.0,1,1
APP02045,Hiro Ali,914-99-8919,hiro.ali466@example.com,9656 Pine Rd,90891,1969-08-23,metro,66400.0,0.29,9.9,1,0.3,27900.0,34.1,1,0
APP02046,Kevin Smith,929-88-9202,kevin.smith459@example.com,3394 Hillcrest Way,96161,1961-04-04,rural,,0.302,6.1,1,1.7,24000.0,76.6,1,0
APP02047,Maria Martinez,915-77-4954,maria.martinez847@example.com,7074 Pine Rd,96163,1965-01-15,rural,50000.0,0.311,2.9,0,15.4,14800.0,72.2,1,0
APP02048,Omar Brown,928-84-6660,omar.brown917@example.com,5321 Hillcrest Way,90163,1979-10-30,metro,48300.0,0.307,5.3,0,3.8,21800.0,36.4,0,1
APP02049,Maria Ali,984-49-8817,maria.ali488@example.com,1307 Elm Dr,90839,1950-04-25,metro,37300.0,0.488,11.5,0,4.9,18100.0,16.3,1,0
APP02050,Aisha Smith,967-10-3992,aisha.smith360@example.com,2236 Maple Ave,91497,1972-12-28,metro,80400.0,0.471,8.3,1,3.3,10600.0,23.9,1,0
APP02051,Carlos Martinez,922-38-8767,carlos.martinez777@example.com,8110 Elm Dr,90586,1992-10-08,metro,60200.0,0.561,15.5,0,12.4,22900.0,43.1,0,1
APP02052,Olivia Clark,958-12-6771,olivia.clark612@example.com,9146 Oak St,91415,1977-10-04,metro,75700.0,0.237,12.9,1,7.2,14500.0,43.5,0,1
APP02053,Mateo Martinez,930-24-5018,mateo.martinez911@example.com,1694 Lakeview Blvd,91083,1986-06-30,metro,29700.0,0.341,6.5,1,15.4,22000.0,16.8,1,0
APP02054,Mateo Patel,920-16-3941,mateo.patel738@example.com,3901 Pine Rd,91072,1972-09-30,metro,72100.0,0.45,9.3,0,,24900.0,26.5,1,0
APP02055,Omar Davis,935-52-2367,omar.davis114@example.com,9918 Cedar Ln,96059,1970-01-01,rural,154800.0,0.654,12.4,1,8.3,25800.0,55.7,1,0
APP02056,Carlos Ramirez,905-78-7267,carlos.ramirez110@example.com,9019 Elm Dr,96037,1984-03-08,rural,36400.0,0.27,10.8,0,7.1,14800.0,60.2,1,0
APP02057,Fatima Moore,918-91-9794,fatima.moore402@example.com,5394 Pine Rd,90011,1978-05-16,metro,61900.0,0.24,16.4,2,8.5,30900.0,48.7,0,1
APP02058,Mateo Lee,988-85-7880,mateo.lee977@example.com,4980 Elm Dr,90959,1971-07-02,metro,52100.0,0.194,5.4,0,21.2,16500.0,22.6,0,1
APP02059,Linh Nguyen,990-44-6720,linh.nguyen434@example.com,8988 Lakeview Blvd,96086,1950-12-09,rural,62000.0,0.305,13.6,2,1.5,18600.0,72.6,1,0
APP02060,Fatima Martinez,961-87-4030,fatima.martinez26@example.com,4717 Elm Dr,91466,1979-11-14,metro,140100.0,0.364,14.9,0,12.8,22200.0,43.4,0,1
APP02061,Priya Ali,900-33-2379,priya.ali185@example.com,6415 Elm Dr,91730,1977-05-07,metro,24900.0,0.186,15.2,1,5.5,22900.0,44.5,0,1
APP02062,Emma Garcia,930-79-1990,emma.garcia657@example.com,6789 Maple Ave,91475,1964-07-29,metro,65900.0,0.39,7.1,1,9.8,14500.0,37.3,1,0
APP02063,Hiro Johnson,975-25-7848,hiro.johnson777@example.com,8590 Hillcrest Way,91360,1951-08-16,metro,63500.0,0.294,4.9,0,4.0,27100.0,50.8,0,1
APP02064,Hiro Brown,985-27-5129,hiro.brown642@example.com,8637 Oak St,95985,1968-04-18,rural,44700.0,0.326,17.7,0,,20500.0,62.7,1,0
APP02065,Priya Singh,939-60-4506,priya.singh684@example.com,3622 Hillcrest Way,90211,1992-09-01,metro,61600.0,0.396,19.5,0,3.2,20500.0,48.0,1,0
APP02066,Daniel Wilson,939-83-3769,daniel.wilson633@example.com,8694 Hillcrest Way,96157,1973-04-04,rural,139600.0,0.315,8.7,1,3.6,4800.0,61.3,1,0
APP02067,Emma Patel,974-42-2557,emma.patel220@example.com,5512 Pine Rd,90656,1999-08-25,metro,60500.0,0.145,9.2,0,10.1,19500.0,20.2,0,1
APP02068,James Smith,975-44-4966,james.smith631@example.com,5316 Cedar Ln,90979,1993-05-29,metro,63400.0,0.399,4.5,0,,9800.0,15.3,1,1
APP02069,Sofia Wilson,983-12-7737,sofia.wilson576@example.com,1107 Hillcrest Way,90658,1982-10-13,metro,64900.0,0.338,5.9,1,12.6,17500.0,33.4,1,0
APP02070,Aisha Martinez,904-94-7842,aisha.martinez404@example.com,1806 Oak St,90697,1998-04-24,metro,92400.0,0.279,20.1,0,,26000.0,35.2,0,1
APP02071,Aisha Johnson,983-13-2283,aisha.johnson543@example.com,2796 Oak St,96186,1963-10-19,rural,54800.0,0.294,12.8,0,3.1,26900.0,62.1,0,0
APP02072,Mateo Garcia,946-51-9703,mateo.garcia314@example.com,8762 Cedar Ln,90877,1995-06-12,metro,88600.0,0.248,14.8,0,5.1,24900.0,39.8,0,1
APP02073,Linh Davis,975-92-2712,linh.davis896@example.com,7369 Cedar Ln,95921,1978-01-16,rural,36700.0,0.425,13.3,0,6.0,17100.0,77.1,1,0
APP02074,Grace Martinez,981-49-8687,grace.martinez671@example.com,5719 Hillcrest Way,91719,1994-03-16,metro,78500.0,0.362,10.0,0,9.5,15200.0,41.7,0,1
APP02075,Sofia Chen,900-38-7473,sofia.chen619@example.com,3386 Maple Ave,91113,1954-10-23,metro,43800.0,0.584,3.5,1,10.0,34300.0,39.7,1,0
APP02076,Emma Ramirez,920-31-7487,emma.ramirez123@example.com,7290 Elm Dr,91336,1981-06-16,metro,65100.0,0.44,7.1,2,11.2,14000.0,43.0,1,0
APP02077,Hiro Martinez,910-89-5458,hiro.martinez839@example.com,265 Cedar Ln,95938,1996-09-12,rural,77400.0,0.233,2.6,0,7.4,10000.0,71.3,0,1
APP02078,Ravi Chen,994-75-5520,ravi.chen499@example.com,5107 Pine Rd,96104,1950-04-30,rural,,0.335,2.3,1,7.1,24700.0,68.5,1,0
APP02079,Grace Brown,910-78-2926,grace.brown446@example.com,2333 Pine Rd,96020,1992-09-08,rural,34100.0,0.402,10.4,1,10.3,35300.0,65.9,1,0
APP02080,Mateo Wilson,983-70-7707,mateo.wilson632@example.com,5161 Cedar Ln,91725,1972-05-02,metro,,0.088,8.6,0,4.1,25500.0,38.3,0,1
APP02081,Omar Clark,984-13-3088,omar.clark502@example.com,8575 Cedar Ln,91865,1959-07-04,metro,117500.0,0.169,3.7,1,0.9,12100.0,46.9,0,1
APP02082,Carlos Brown,929-83-3371,carlos.brown748@example.com,3233 Hillcrest Way,90155,1960-10-05,metro,53800.0,0.525,10.7,0,10.6,28100.0,27.5,1,0
APP02083,Priya Nguyen,952-76-6393,priya.nguyen26@example.com,201 Cedar Ln,95923,1961-10-25,rural,59600.0,0.39,17.8,1,6.7,13200.0,69.7,1,0
APP02084,Emma Moore,995-63-3164,emma.moore92@example.com,1947 Hillcrest Way,90972,2001-04-19,metro,70700.0,0.208,11.9,2,6.2,18800.0,19.5,0,1
APP02085,Linh Kim,914-74-3850,linh.kim150@example.com,3993 Hillcrest Way,91411,1954-04-23,metro,58300.0,0.493,19.6,1,5.8,16100.0,58.5,1,0
APP02086,Grace Chen,986-35-2895,grace.chen738@example.com,2130 Cedar Ln,91973,1953-02-28,metro,68700.0,0.283,16.0,1,2.2,14500.0,28.6,1,0
APP02087,Noah Hernandez,945-34-8866,noah.hernandez682@example.com,9233 Cedar Ln,91673,1990-02-26,metro,52600.0,0.27,14.7,0,5.6,33700.0,37.9,1,0
APP02088,Aisha Patel,911-30-4139,aisha.patel790@example.com,3465 Oak St,95949,1981-02-15,rural,102000.0,0.657,5.3,0,1.9,2000.0,67.4,1,0
APP02089,Grace Singh,933-79-9524,grace.singh295@example.com,4330 Pine Rd,90499,1991-03-27,metro,64500.0,0.253,10.8,1,1.4,18300.0,33.8,0,1
APP02090,Linh Davis,994-94-6741,linh.davis680@example.com,7644 Hillcrest Way,90310,2001-09-29,metro,54100.0,0.363,19.6,0,12.2,23500.0,50.0,1,0
APP02091,Sofia Singh,985-99-8078,sofia.singh875@example.com,2163 Pine Rd,96019,1984-01-03,rural,96000.0,0.409,9.5,0,2.3,28000.0,79.4,1,0
APP02092,Aisha Wilson,980-49-3879,aisha.wilson955@example.com,9359 Oak St,91587,1999-07-31,metro,122400.0,0.454,5.1,1,10.0,21500.0,46.3,0,1
APP02093,Ravi Martinez,950-93-5646,ravi.martinez122@example.com,7461 Elm Dr,96118,1995-01-11,rural,82800.0,0.222,13.5,0,1.9,27000.0,76.6,0,1
APP02094,Sofia Ali,930-75-2263,sofia.ali320@example.com,2401 Hillcrest Way,91998,1976-04-05,metro,81100.0,0.448,5.8,1,6.6,16400.0,37.5,1,0
APP02095,Grace Lopez,903-50-1166,grace.lopez612@example.com,7922 Oak St,90450,1968-12-20,metro,53400.0,0.285,10.8,1,7.0,22200.0,40.0,1,0
APP02096,Grace Martinez,986-64-5242,grace.martinez815@example.com,2393 Oak St,91445,2000-04-29,metro,67300.0,0.277,6.5,0,7.1,26700.0,39.2,1,0
APP02097,Hiro Wilson,907-60-4568,hiro.wilson445@example.com,1295 Pine Rd,91779,1980-06-03,metro,68800.0,0.309,12.3,0,2.3,9300.0,42.4,0,1
APP02098,James Taylor,906-42-1589,james.taylor712@example.com,6264 Elm Dr,95967,1997-07-12,rural,91200.0,0.341,10.3,2,2.9,8300.0,74.4,1,0
APP02099,Sofia Wilson,950-71-7599,sofia.wilson72@example.com,457 Cedar Ln,91021,1989-02-14,metro,34900.0,0.22,8.8,0,2.2,32900.0,38.0,0,1
APP02100,Ravi Lee,930-21-3686,ravi.lee295@example.com,5827 Lakeview Blvd,96031,1966-02-26,rural,54000.0,0.29,3.1,1,12.9,38700.0,76.0,1,0
APP02101,Fatima Patel,944-41-9762,fatima.patel199@example.com,8092 Pine Rd,96181,1959-02-17,rural,53000.0,0.467,15.6,0,8.7,17000.0,69.0,0,0
APP02102,Emma Martinez,948-28-4323,emma.martinez454@example.com,2835 Maple Ave,90203,1984-03-16,metro,29600.0,0.442,22.1,0,6.5,18900.0,32.8,1,0
APP02103,Sofia Singh,995-18-3126,sofia.singh881@example.com,5229 Pine Rd,96007,1970-11-21,rural,43900.0,0.111,3.4,0,5.4,34600.0,73.6,0,1
APP02104,Olivia Patel,951-39-1264,olivia.patel739@example.com,4223 Elm Dr,96173,1951-03-16,rural,67100.0,0.341,7.4,0,4.0,14600.0,66.6,0,1
APP02105,Hiro Chen,941-45-1809,hiro.chen5@example.com,8861 Maple Ave,90774,1959-07-25,metro,49200.0,0.289,4.7,0,4.6,18200.0,35.2,0,0
APP02106,Sofia Ramirez,915-50-8376,sofia.ramirez845@example.com,7107 Oak St,96133,1983-03-19,rural,45900.0,0.343,11.9,0,7.9,29000.0,76.7,1,0
APP02107,Emma Garcia,966-32-9258,emma.garcia906@example.com,9576 Elm Dr,91459,1996-09-20,metro,52700.0,0.236,15.3,0,5.1,30400.0,43.9,0,1
APP02108,Omar Clark,931-85-9853,omar.clark542@example.com,7493 Elm Dr,90105,1973-01-13,metro,40000.0,0.373,6.0,0,2.9,20400.0,36.6,1,0
APP02109,Alex Lee,981-36-3006,alex.lee447@example.com,2331 Hillcrest Way,96079,1994-10-31,rural,36400.0,0.27,12.2,0,4.8,31600.0,67.5,1,0
APP02110,Sofia Brown,982-83-3705,sofia.brown166@example.com,8332 Maple Ave,90765,1968-03-26,metro,36100.0,0.209,5.0,0,1.8,7900.0,22.5,0,0
APP02111,Linh Clark,907-59-9556,linh.clark185@example.com,4478 Lakeview Blvd,90529,1981-04-06,metro,20800.0,0.417,5.3,0,7.7,9700.0,30.9,1,0
APP02112,Alex Lopez,948-82-6297,alex.lopez168@example.com,7389 Cedar Ln,96187,1997-11-07,rural,41900.0,0.383,2.3,0,3.4,14400.0,87.6,0,1
APP02113,Linh Brown,970-21-8769,linh.brown828@example.com,7346 Hillcrest Way,91802,1955-10-02,metro,49200.0,0.378,3.0,1,6.7,11400.0,23.2,0,0
APP02114,Olivia Davis,948-79-9977,olivia.davis719@example.com,3081 Oak St,95995,1999-10-19,rural,62500.0,0.335,5.3,0,8.2,15300.0,85.3,1,0
APP02115,Ravi Garcia,940-60-2783,ravi.garcia927@example.com,6426 Cedar Ln,91842,1991-05-23,metro,,0.358,1.7,0,10.1,28000.0,16.2,1,0
APP02116,Grace Garcia,939-53-3597,grace.garcia783@example.com,6443 Lakeview Blvd,95915,1997-12-05,rural,77900.0,0.388,6.4,0,4.4,30000.0,67.5,1,0
APP02117,Emma Martinez,992-59-1780,emma.martinez291@example.com,5681 Oak St,91419,1954-08-23,metro,95300.0,0.088,19.8,0,4.6,35600.0,38.4,0,1
APP02118,Grace Ramirez,926-25-6863,grace.ramirez642@example.com,9156 Elm Dr,95999,1972-01-11,rural,66600.0,0.163,7.3,0,3.4,12100.0,72.6,0,1
APP02119,Noah Davis,979-95-7997,noah.davis269@example.com,2611 Cedar Ln,96134,1968-12-10,rural,84800.0,0.231,13.7,0,3.9,35300.0,75.7,0,1
APP02120,Daniel Singh,952-81-1004,daniel.singh416@example.com,9790 Hillcrest Way,95919,1987-05-02,rural,74900.0,0.442,7.7,0,4.1,21600.0,76.6,1,0
APP02121,Daniel Lopez,928-64-9244,daniel.lopez486@example.com,4473 Lakeview Blvd,91922,1998-09-07,metro,102900.0,0.601,3.2,1,5.7,20700.0,26.8,1,0
APP02122,Carlos Taylor,969-24-1741,carlos.taylor194@example.com,5179 Pine Rd,90315,1983-05-15,metro,41400.0,0.249,14.8,0,21.9,35200.0,23.9,0,1
APP02123,Chloe Wilson,905-86-6523,chloe.wilson625@example.com,2206 Oak St,96045,1967-08-25,rural,47600.0,0.447,9.2,0,5.3,18400.0,71.5,0,1
APP02124,Kevin Smith,942-95-6720,kevin.smith379@example.com,7130 Elm Dr,90657,1997-06-07,metro,35900.0,0.24,12.9,1,5.4,24900.0,27.9,1,0
APP02125,Hiro Patel,905-72-6305,hiro.patel832@example.com,4456 Pine Rd,91431,1972-08-21,metro,24200.0,0.463,5.8,0,2.4,36300.0,33.2,1,0
APP02126,Daniel Brown,938-36-6888,daniel.brown665@example.com,6866 Lakeview Blvd,91842,1970-04-29,metro,72500.0,0.169,7.9,1,8.6,18900.0,16.7,0,1
APP02127,Priya Lee,970-55-6327,priya.lee848@example.com,1634 Pine Rd,95979,1995-12-08,rural,54000.0,0.281,22.9,0,3.0,28200.0,75.2,0,0
APP02128,Priya Moore,989-83-5591,priya.moore926@example.com,1080 Pine Rd,90411,1966-08-30,metro,88500.0,0.278,12.9,0,1.8,16200.0,40.6,0,1
APP02129,Grace Martinez,918-70-5324,grace.martinez153@example.com,1747 Pine Rd,90701,1992-08-05,metro,42800.0,0.205,8.8,1,2.2,36600.0,34.0,0,1
APP02130,Fatima Garcia,915-47-4028,fatima.garcia872@example.com,3455 Cedar Ln,91001,1953-03-01,metro,44300.0,0.15,2.8,1,3.6,36000.0,21.7,1,0
APP02131,Hiro Ali,971-35-3228,hiro.ali573@example.com,7307 Maple Ave,90421,2001-12-10,metro,46500.0,0.098,5.5,0,15.3,25500.0,21.4,0,1
APP02132,Hiro Johnson,927-94-3276,hiro.johnson305@example.com,6338 Cedar Ln,96189,1959-07-24,rural,68000.0,0.409,16.1,1,1.9,18400.0,75.6,1,0
APP02133,Ravi Smith,934-99-2070,ravi.smith405@example.com,6202 Maple Ave,96142,1953-03-06,rural,90300.0,0.435,10.1,0,11.2,17500.0,74.9,0,1
APP02134,Priya Hernandez,912-80-8332,priya.hernandez84@example.com,9192 Elm Dr,90535,1982-11-15,metro,49400.0,0.352,14.8,0,6.5,25200.0,30.4,0,1
APP02135,Grace Johnson,989-21-6985,grace.johnson958@example.com,428 Cedar Ln,90730,1951-12-16,metro,96600.0,0.325,6.0,1,11.9,31000.0,26.9,0,1
APP02136,Chloe Patel,971-38-8826,chloe.patel39@example.com,9260 Pine Rd,90019,1995-01-09,metro,42700.0,0.39,7.6,1,2.3,16500.0,29.5,1,0
APP02137,Maria Taylor,985-76-7965,maria.taylor48@example.com,3830 Oak St,90731,1988-12-08,metro,44700.0,0.294,3.5,0,6.2,12000.0,23.1,0,1
APP02138,Alex Ali,981-64-6983,alex.ali552@example.com,9935 Pine Rd,91253,1956-02-07,metro,117500.0,0.434,9.1,0,,18600.0,36.6,0,1
APP02139,Aisha Brown,991-74-6202,aisha.brown623@example.com,5813 Hillcrest Way,95998,1973-10-28,rural,43500.0,0.305,5.0,2,4.7,27800.0,72.6,1,0
APP02140,Aisha Lee,999-35-1526,aisha.lee873@example.com,3858 Hillcrest Way,90094,1969-02-10,metro,39700.0,0.357,29.0,2,4.2,30000.0,35.5,1,0
APP02141,Daniel Wilson,943-14-1282,daniel.wilson859@example.com,2530 Elm Dr,90923,1956-04-01,metro,78400.0,0.438,7.3,1,7.5,25800.0,31.0,0,0
APP02142,Carlos Ali,984-12-5013,carlos.ali889@example.com,1668 Oak St,90504,1995-11-27,metro,68700.0,0.262,8.5,1,5.5,28500.0,31.6,1,0
APP02143,Kevin Davis,998-70-6605,kevin.davis281@example.com,8111 Hillcrest Way,91219,1967-06-09,metro,41500.0,0.315,6.9,0,3.2,21900.0,44.8,0,1
APP02144,Noah Nguyen,987-42-3315,noah.nguyen550@example.com,1938 Maple Ave,90784,1984-03-22,metro,56400.0,0.417,6.2,1,,19100.0,46.2,1,0
APP02145,Sofia Smith,953-73-5481,sofia.smith366@example.com,1221 Oak St,96179,1999-05-18,rural,22900.0,0.19,1.1,0,7.3,15100.0,70.8,0,0
APP02146,Priya Martinez,952-77-3235,priya.martinez277@example.com,6640 Maple Ave,90266,1959-03-06,metro,96600.0,0.467,5.0,0,6.2,28400.0,35.4,0,1
APP02147,Fatima Moore,976-48-4056,fatima.moore185@example.com,1817 Oak St,90903,1990-07-19,metro,69200.0,0.502,15.7,1,7.1,18300.0,36.6,0,1
APP02148,Carlos Lee,950-53-9640,carlos.lee814@example.com,3881 Lakeview Blvd,90662,1980-03-16,metro,95700.0,0.548,10.2,0,7.1,25200.0,31.3,0,1
APP02149,Hiro Ramirez,961-63-2147,hiro.ramirez633@example.com,8052 Maple Ave,95907,1952-05-02,rural,54400.0,0.529,6.3,1,4.5,33000.0,80.1,0,0
APP02150,Carlos Davis,971-32-9428,carlos.davis982@example.com,8989 Pine Rd,96012,1987-03-01,rural,55800.0,0.458,17.0,0,10.4,23200.0,58.7,0,0
APP02151,Kevin Kim,958-69-2642,kevin.kim47@example.com,2402 Oak St,95936,1956-09-11,rural,70500.0,0.141,9.0,1,,19100.0,58.7,0,1
APP02152,Chloe Brown,921-66-1734,chloe.brown793@example.com,7837 Oak St,91719,1972-01-05,metro,42600.0,0.223,4.1,0,8.2,30100.0,52.5,0,1
APP02153,Mateo Singh,982-88-7634,mateo.singh506@example.com,9433 Oak St,90838,1955-11-10,metro,52600.0,0.199,16.0,0,1.5,33400.0,4.7,1,0
APP02154,Hiro Smith,992-75-8886,hiro.smith322@example.com,6089 Maple Ave,90831,1973-09-07,metro,39800.0,0.395,4.3,0,10.3,17400.0,32.4,0,1
APP02155,Priya Hernandez,951-39-4420,priya.hernandez842@example.com,8030 Maple Ave,91868,1977-11-03,metro,84200.0,0.293,3.6,0,3.5,15000.0,36.2,0,1
APP02156,Alex Singh,923-48-5490,alex.singh660@example.com,4062 Lakeview Blvd,90219,1968-04-28,metro,43000.0,0.19,9.8,1,8.1,4700.0,45.8,0,1
APP02157,Priya Johnson,935-74-1043,priya.johnson511@example.com,8967 Oak St,95959,1965-07-06,rural,38600.0,0.669,17.0,0,8.9,20400.0,78.4,1,0
APP02158,Aisha Martinez,999-86-3964,aisha.martinez341@example.com,9087 Oak St,91498,1960-04-09,metro,140500.0,0.551,6.8,1,9.7,32800.0,32.9,0,1
APP02159,Alex Martinez,911-51-2153,alex.martinez958@example.com,1104 Pine Rd,90872,1951-03-31,metro,50100.0,0.441,6.9,0,8.0,28800.0,26.9,0,1
APP02160,Chloe Kim,974-77-7433,chloe.kim45@example.com,4798 Oak St,91113,1963-03-07,metro,65000.0,0.365,7.4,0,1.1,31900.0,34.4,1,0
APP02161,Ravi Clark,989-44-8371,ravi.clark66@example.com,5635 Maple Ave,95965,1969-12-31,rural,46900.0,0.293,14.9,0,10.5,20800.0,68.8,1,0
APP02162,Daniel Clark,928-73-1459,daniel.clark659@example.com,9948 Hillcrest Way,95988,1972-12-02,rural,85300.0,0.552,14.8,0,12.9,17700.0,72.8,0,1
APP02163,Sofia Wilson,968-20-7276,sofia.wilson822@example.com,2415 Maple Ave,91886,1953-07-14,metro,75700.0,0.487,11.7,3,11.5,23400.0,37.5,1,0
APP02164,Grace Lopez,939-85-2257,grace.lopez895@example.com,9647 Cedar Ln,95992,1994-06-30,rural,56400.0,0.189,5.3,0,10.4,29300.0,74.8,0,1
APP02165,Olivia Davis,976-50-4800,olivia.davis550@example.com,7287 Oak St,91253,1994-04-13,metro,77400.0,0.494,6.9,0,2.3,17300.0,40.2,0,1
APP02166,Fatima Lopez,929-99-8127,fatima.lopez416@example.com,3780 Hillcrest Way,91817,1990-10-28,metro,54400.0,0.253,9.7,0,2.9,20800.0,33.9,0,1
APP02167,Grace Patel,999-17-6089,grace.patel486@example.com,5369 Maple Ave,90861,1951-01-25,metro,45600.0,0.41,9.6,1,2.3,11100.0,34.2,1,0
APP02168,Emma Ramirez,959-32-2978,emma.ramirez957@example.com,5941 Pine Rd,90866,1999-12-08,metro,54100.0,0.234,12.0,0,10.8,15200.0,35.9,0,1
APP02169,Aisha Chen,956-59-5237,aisha.chen656@example.com,9963 Hillcrest Way,90193,1986-09-08,metro,57500.0,0.365,10.4,0,6.1,18800.0,13.5,1,0
APP02170,Sofia Hernandez,967-87-5403,sofia.hernandez820@example.com,826 Elm Dr,95992,1975-06-07,rural,98900.0,0.28,7.1,0,3.6,21900.0,74.9,0,1
APP02171,Fatima Lopez,967-37-8916,fatima.lopez94@example.com,6186 Pine Rd,91304,1954-11-09,metro,57600.0,0.13,15.0,0,7.5,28500.0,35.1,0,1
APP02172,Carlos Davis,902-14-1042,carlos.davis306@example.com,7680 Maple Ave,96119,1999-06-22,rural,76900.0,0.557,5.4,0,4.3,11100.0,56.7,1,0
APP02173,Mateo Taylor,904-81-9556,mateo.taylor176@example.com,6569 Cedar Ln,90143,1980-02-07,metro,49300.0,0.228,15.1,0,,28900.0,46.9,0,1
APP02174,Sofia Patel,920-35-2287,sofia.patel140@example.com,4641 Hillcrest Way,96112,1999-02-28,rural,87000.0,0.224,8.9,1,16.2,42500.0,90.9,0,1
APP02175,Emma Johnson,915-86-8717,emma.johnson533@example.com,6954 Cedar Ln,95970,1963-01-14,rural,57700.0,0.461,5.0,0,1.9,19400.0,67.9,1,0
APP02176,James Lee,908-49-3358,james.lee725@example.com,1407 Maple Ave,91950,1996-01-06,metro,115800.0,0.425,7.0,0,8.7,13400.0,24.2,0,1
APP02177,Fatima Nguyen,913-72-9868,fatima.nguyen748@example.com,3792 Cedar Ln,91931,1997-06-10,metro,122200.0,0.308,6.6,0,10.6,24800.0,44.1,0,1
APP02178,Aisha Ramirez,943-85-7198,aisha.ramirez677@example.com,9791 Cedar Ln,91232,1985-01-01,metro,87200.0,0.264,15.1,1,15.9,16600.0,30.8,0,1
APP02179,Noah Kim,955-42-3755,noah.kim199@example.com,2680 Lakeview Blvd,96117,1967-02-05,rural,59100.0,0.363,3.1,0,5.7,11800.0,73.0,1,0
APP02180,Alex Chen,973-50-2568,alex.chen593@example.com,1861 Oak St,90597,1986-06-07,metro,45600.0,0.382,3.6,0,3.1,39700.0,33.1,1,0
APP02181,Carlos Ramirez,993-90-4934,carlos.ramirez867@example.com,1460 Cedar Ln,91324,1981-11-22,metro,57300.0,0.329,9.0,1,7.5,16100.0,42.9,0,1
APP02182,Kevin Clark,943-50-5715,kevin.clark419@example.com,207 Elm Dr,91727,2000-03-02,metro,43000.0,0.342,4.8,0,6.0,22000.0,22.7,0,0
APP02183,Olivia Brown,969-73-5280,olivia.brown691@example.com,7564 Cedar Ln,90509,1972-11-13,metro,65100.0,0.461,2.3,0,3.1,5600.0,28.9,1,0
APP02184,Kevin Singh,974-25-5850,kevin.singh164@example.com,839 Elm Dr,90937,1998-08-05,metro,119700.0,0.314,16.6,1,10.0,11400.0,56.5,0,1
APP02185,Mateo Taylor,985-52-7023,mateo.taylor334@example.com,3379 Lakeview Blvd,91250,1978-10-09,metro,99400.0,0.348,6.4,1,14.7,16500.0,28.3,0,1
APP02186,Ravi Clark,912-61-2202,ravi.clark907@example.com,3254 Oak St,90695,1969-08-06,metro,79800.0,0.199,14.4,1,14.4,26000.0,32.4,0,1
APP02187,Omar Patel,904-93-8729,omar.patel67@example.com,4503 Hillcrest Way,91583,1988-06-08,metro,101600.0,0.406,5.0,1,4.5,18400.0,24.5,0,1
APP02188,Noah Singh,943-87-7709,noah.singh351@example.com,2234 Cedar Ln,96173,1990-03-28,rural,55100.0,0.292,9.6,0,0.4,18500.0,83.7,1,0
APP02189,James Martinez,947-79-2771,james.martinez658@example.com,7585 Oak St,91032,1965-04-25,metro,98100.0,0.178,5.4,0,4.4,26500.0,35.7,0,1
APP02190,Olivia Chen,982-27-2998,olivia.chen990@example.com,4731 Pine Rd,95927,1985-08-07,rural,27300.0,0.23,13.3,1,11.9,17400.0,70.0,0,0
APP02191,Mateo Ali,908-46-3710,mateo.ali374@example.com,9395 Oak St,90818,1950-11-12,metro,61500.0,0.101,3.5,0,14.8,34300.0,35.5,0,1
APP02192,Emma Lopez,951-49-5501,emma.lopez919@example.com,9176 Oak St,95961,1995-04-21,rural,62200.0,0.359,8.1,0,7.6,29100.0,92.1,0,1
APP02193,Aisha Davis,939-14-7177,aisha.davis803@example.com,9198 Maple Ave,90064,1992-05-02,metro,40600.0,0.275,7.9,0,1.1,21100.0,38.8,0,0
APP02194,Fatima Nguyen,925-40-3885,fatima.nguyen191@example.com,5177 Pine Rd,90765,1968-08-11,metro,23200.0,0.214,6.3,1,5.7,26400.0,22.9,1,0
APP02195,Sofia Lee,914-28-5214,sofia.lee876@example.com,4004 Hillcrest Way,90315,1965-02-16,metro,66200.0,0.229,16.6,1,0.3,24700.0,37.2,0,1
APP02196,James Moore,978-14-8092,james.moore226@example.com,1915 Lakeview Blvd,91788,2001-05-08,metro,,0.29,12.4,0,3.1,24500.0,28.0,1,0
APP02197,Chloe Wilson,948-33-3271,chloe.wilson369@example.com,3870 Maple Ave,91360,1990-07-09,metro,56000.0,0.129,26.4,1,0.9,25300.0,54.0,0,1
APP02198,Emma Johnson,965-71-8883,emma.johnson896@example.com,4951 Hillcrest Way,95938,1977-12-30,rural,81900.0,0.144,10.0,3,5.7,28800.0,68.3,0,1
APP02199,Aisha Smith,975-71-2050,aisha.smith840@example.com,1091 Lakeview Blvd,91792,1988-03-30,metro,42300.0,0.324,7.9,0,1.5,35000.0,43.8,1,0
APP02200,Chloe Chen,906-90-4508,chloe.chen849@example.com,9576 Lakeview Blvd,96105,1986-01-18,rural,27100.0,0.53,10.9,1,8.5,24800.0,83.2,1,0
APP02201,Alex Johnson,925-36-9744,alex.johnson378@example.com,1728 Elm Dr,90779,1979-08-02,metro,82900.0,0.22,4.6,2,3.5,30900.0,24.4,0,1
APP02202,Alex Hernandez,963-62-7444,alex.hernandez779@example.com,9207 Oak St,90317,1970-05-30,metro,114500.0,0.31,14.7,0,3.0,13700.0,18.2,0,1
APP02203,Linh Nguyen,994-65-1033,linh.nguyen882@example.com,3552 Maple Ave,96123,1962-07-01,rural,116000.0,0.761,6.8,0,5.5,14200.0,65.0,0,0
APP02204,Emma Johnson,935-99-7770,emma.johnson862@example.com,5938 Cedar Ln,91798,1971-03-21,metro,20900.0,0.444,15.2,1,3.3,22300.0,36.5,1,0
APP02205,Mateo Brown,982-32-2199,mateo.brown494@example.com,1092 Elm Dr,90841,1984-04-05,metro,106600.0,0.639,7.3,1,4.0,15200.0,28.6,0,0
APP02206,Priya Hernandez,976-82-9701,priya.hernandez828@example.com,4464 Pine Rd,91990,1955-10-30,metro,104200.0,0.066,6.8,1,3.6,17000.0,43.6,0,1
APP02207,Carlos Clark,914-31-1034,carlos.clark46@example.com,4359 Oak St,91115,1968-09-07,metro,43800.0,0.494,20.5,1,4.5,13000.0,46.9,1,0
APP02208,Emma Davis,923-93-5293,emma.davis619@example.com,8395 Oak St,90307,1993-01-07,metro,88600.0,0.186,6.8,0,6.5,13400.0,34.4,0,1
APP02209,Priya Davis,980-61-5146,priya.davis529@example.com,2658 Elm Dr,91506,1971-02-20,metro,58700.0,0.227,3.0,0,7.6,20500.0,29.6,0,1
APP02210,Aisha Kim,912-14-7322,aisha.kim283@example.com,7589 Elm Dr,96015,1994-10-17,rural,55600.0,0.468,11.1,0,12.3,14300.0,70.9,1,0
APP02211,Carlos Davis,995-50-1770,carlos.davis224@example.com,9579 Oak St,91730,1963-11-28,metro,,0.238,12.4,0,3.2,17900.0,33.3,0,1
APP02212,Hiro Singh,929-68-5159,hiro.singh458@example.com,6466 Oak St,91132,1987-02-28,metro,32400.0,0.425,4.0,0,5.1,20000.0,45.4,0,1
APP02213,Priya Lopez,930-28-7153,priya.lopez439@example.com,400 Lakeview Blvd,96026,1964-11-08,rural,38600.0,0.262,9.1,0,,16500.0,83.9,1,0
APP02214,Hiro Johnson,913-89-9732,hiro.johnson453@example.com,3703 Cedar Ln,90896,1997-02-16,metro,59300.0,0.137,4.1,0,5.3,10000.0,36.0,0,1
APP02215,Emma Kim,971-24-8413,emma.kim259@example.com,8637 Oak St,90583,1995-08-21,metro,62900.0,0.361,15.1,1,3.5,30300.0,32.9,0,1
APP02216,Hiro Taylor,992-67-6304,hiro.taylor173@example.com,3665 Cedar Ln,90400,1980-07-24,metro,51900.0,0.292,18.1,0,3.6,22100.0,19.9,0,1
APP02217,Sofia Lee,924-46-4722,sofia.lee719@example.com,1852 Elm Dr,91384,1980-04-20,metro,112400.0,0.266,7.2,0,7.7,34400.0,19.6,0,1
APP02218,Carlos Garcia,985-14-3420,carlos.garcia216@example.com,6748 Elm Dr,90627,1963-03-11,metro,63000.0,0.189,11.1,1,12.4,3800.0,37.6,0,1
APP02219,Alex Chen,924-95-2475,alex.chen138@example.com,146 Cedar Ln,96089,1950-04-01,rural,157800.0,0.428,9.8,0,18.0,35300.0,75.7,0,1
APP02220,Chloe Singh,913-34-4772,chloe.singh599@example.com,5780 Oak St,96015,1997-11-18,rural,64000.0,0.567,6.5,0,9.3,21800.0,62.7,0,0
APP02221,Noah Lee,955-79-8479,noah.lee345@example.com,6591 Hillcrest Way,91749,1990-02-22,metro,49300.0,0.13,11.0,1,3.6,27700.0,45.7,0,1
APP02222,Mateo Hernandez,915-26-1872,mateo.hernandez404@example.com,7420 Maple Ave,90060,1967-02-06,metro,55300.0,0.442,10.7,0,18.4,16900.0,27.3,1,0
APP02223,Carlos Clark,933-35-6125,carlos.clark493@example.com,5293 Lakeview Blvd,95921,1990-01-16,rural,58500.0,0.206,6.2,1,14.0,40000.0,72.2,1,0
APP02224,Ravi Ramirez,939-45-7079,ravi.ramirez546@example.com,6559 Hillcrest Way,91616,1962-05-27,metro,50600.0,0.411,4.9,1,9.6,34900.0,26.6,0,0
APP02225,Olivia Wilson,990-98-6329,olivia.wilson880@example.com,1768 Lakeview Blvd,96109,1966-10-21,rural,104300.0,0.343,8.4,0,6.2,30100.0,62.3,0,1
APP02226,Omar Lee,931-75-9428,omar.lee794@example.com,3638 Maple Ave,96171,1983-05-30,rural,58100.0,0.442,4.8,1,4.8,17200.0,78.8,1,0
APP02227,Emma Johnson,933-61-7308,emma.johnson797@example.com,99 Cedar Ln,90755,1951-09-17,metro,45700.0,0.361,8.6,1,7.6,20600.0,38.1,0,1
APP02228,Priya Garcia,922-59-4582,priya.garcia817@example.com,9410 Hillcrest Way,91403,1950-03-20,metro,83700.0,0.129,7.3,0,5.2,18600.0,43.1,0,1
APP02229,Carlos Patel,990-64-5042,carlos.patel904@example.com,5576 Oak St,96017,1968-03-22,rural,50600.0,0.338,6.8,0,5.2,24200.0,81.3,1,0
APP02230,Sofia Davis,946-74-4436,sofia.davis625@example.com,4950 Cedar Ln,96069,1963-02-06,rural,41800.0,0.232,7.9,1,3.7,24400.0,81.9,0,0
APP02231,Olivia Hernandez,932-18-3664,olivia.hernandez122@example.com,9214 Oak St,95950,1953-05-12,rural,61200.0,0.298,6.8,0,1.4,22900.0,72.5,0,1
APP02232,James Singh,993-13-2047,james.singh506@example.com,2290 Pine Rd,90846,1987-11-28,metro,41700.0,0.396,5.8,1,9.7,19500.0,37.0,1,0
APP02233,James Singh,983-31-4411,james.singh343@example.com,9251 Pine Rd,91923,1974-04-06,metro,48500.0,0.172,7.3,1,17.1,25200.0,19.5,0,1
APP02234,Priya Ramirez,901-77-4197,priya.ramirez800@example.com,4178 Oak St,90145,1962-05-30,metro,56900.0,0.289,11.0,1,4.0,17900.0,24.4,1,0
APP02235,Daniel Johnson,975-22-3738,daniel.johnson833@example.com,5201 Oak St,96182,1975-04-11,rural,32900.0,0.132,13.5,0,5.1,30400.0,71.3,0,1
APP02236,Mateo Ramirez,980-24-9619,mateo.ramirez515@example.com,8173 Elm Dr,90444,2000-04-29,metro,40900.0,0.574,8.4,1,4.8,25200.0,27.5,1,0
APP02237,James Chen,924-46-1896,james.chen964@example.com,1258 Maple Ave,91811,1999-05-22,metro,56000.0,0.381,16.7,0,1.2,13600.0,36.6,0,1
APP02238,Sofia Ali,925-14-9931,sofia.ali399@example.com,6241 Hillcrest Way,91660,1957-06-04,metro,84900.0,0.275,31.9,3,5.2,32600.0,37.8,0,1
APP02239,Sofia Hernandez,962-50-5375,sofia.hernandez448@example.com,33 Oak St,96036,1951-08-16,rural,35400.0,0.382,9.8,1,5.2,23600.0,67.5,1,0
APP02240,Carlos Hernandez,952-43-9957,carlos.hernandez35@example.com,1192 Pine Rd,91822,1981-11-02,metro,62200.0,0.611,4.7,0,9.3,5500.0,45.7,1,0
APP02241,Chloe Wilson,937-38-3920,chloe.wilson537@example.com,1355 Elm Dr,91012,1958-03-26,metro,45700.0,0.484,12.4,1,8.1,13800.0,39.6,1,0
APP02242,Sofia Brown,914-77-3107,sofia.brown714@example.com,3817 Hillcrest Way,90848,1970-10-10,metro,48500.0,0.315,12.0,0,11.1,19400.0,34.0,1,0
APP02243,Ravi Ali,902-28-2320,ravi.ali904@example.com,2772 Hillcrest Way,90173,1961-06-24,metro,156900.0,0.472,19.2,1,,26900.0,11.3,0,1
APP02244,Linh Singh,977-51-3170,linh.singh538@example.com,3370 Maple Ave,91797,1976-06-25,metro,42800.0,0.357,3.0,0,15.2,15800.0,41.3,1,0
APP02245,Kevin Ramirez,925-60-3140,kevin.ramirez496@example.com,3981 Pine Rd,90828,1999-09-04,metro,102400.0,0.341,31.2,0,4.8,21100.0,41.6,0,1
APP02246,Fatima Ali,987-83-6183,fatima.ali202@example.com,8150 Lakeview Blvd,91018,1965-07-08,metro,98600.0,0.278,1.7,2,14.6,32000.0,39.7,0,1
APP02247,Ravi Ramirez,908-46-8214,ravi.ramirez595@example.com,8829 Elm Dr,90306,1999-06-08,metro,51400.0,0.306,17.1,1,5.1,12700.0,35.9,1,0
APP02248,Carlos Smith,952-56-4555,carlos.smith880@example.com,1772 Maple Ave,90002,1971-10-08,metro,53300.0,0.446,14.7,0,2.6,23300.0,36.9,1,0
APP02249,Carlos Singh,978-99-2493,carlos.singh336@example.com,9185 Oak St,90366,1952-06-18,metro,60000.0,0.396,14.6,1,13.6,29300.0,36.5,0,1
APP02250,Olivia Garcia,932-82-1465,olivia.garcia36@example.com,392 Elm Dr,96033,1990-04-28,rural,42600.0,0.139,5.7,0,8.2,22700.0,78.0,0,1
APP02251,Noah Johnson,920-50-5570,noah.johnson84@example.com,4048 Elm Dr,91186,1976-07-29,metro,86600.0,0.348,2.2,1,9.1,19800.0,30.4,0,1
APP02252,Linh Nguyen,945-37-6581,linh.nguyen657@example.com,2411 Cedar Ln,95937,1965-09-23,rural,46500.0,0.159,8.8,0,7.5,26200.0,67.7,0,1
APP02253,Sofia Nguyen,995-25-9618,sofia.nguyen459@example.com,3377 Elm Dr,91849,1971-02-21,metro,31500.0,0.262,3.5,0,7.4,50800.0,46.4,0,1
APP02254,Daniel Johnson,970-13-8708,daniel.johnson691@example.com,5762 Elm Dr,90420,1984-02-18,metro,47600.0,0.139,10.9,0,11.0,13500.0,40.0,0,1
APP02255,Sofia Ramirez,963-17-9666,sofia.ramirez835@example.com,9182 Pine Rd,90721,1976-10-24,metro,53000.0,0.234,5.8,0,2.0,21000.0,35.6,0,1
APP02256,Alex Chen,906-96-4557,alex.chen868@example.com,2203 Oak St,91518,1992-10-01,metro,80200.0,0.247,7.2,0,8.1,23000.0,51.4,0,1
APP02257,Fatima Lee,962-97-9608,fatima.lee340@example.com,953 Maple Ave,96054,1980-07-24,rural,49700.0,0.371,7.6,2,,20400.0,65.5,1,0
APP02258,Alex Moore,939-59-3630,alex.moore730@example.com,2753 Pine Rd,90866,1999-08-17,metro,65000.0,0.198,7.2,0,10.6,17300.0,37.4,0,1
APP02259,Linh Moore,961-46-2867,linh.moore202@example.com,5666 Pine Rd,90080,1967-06-05,metro,63100.0,0.315,13.6,0,13.9,34700.0,42.1,0,1
APP02260,Daniel Garcia,982-97-3888,daniel.garcia308@example.com,8621 Cedar Ln,96098,1987-08-18,rural,47900.0,0.263,16.2,0,5.0,18600.0,61.2,1,0
APP02261,Hiro Lee,961-33-7472,hiro.lee289@example.com,32 Cedar Ln,96097,1967-12-10,rural,85200.0,0.326,16.4,0,2.6,10000.0,63.1,0,1
APP02262,Sofia Clark,948-36-8696,sofia.clark79@example.com,8200 Hillcrest Way,96029,1991-02-21,rural,64200.0,0.451,15.8,0,2.3,21700.0,48.7,1,0
APP02263,Aisha Brown,918-39-2376,aisha.brown619@example.com,2545 Pine Rd,96193,1987-06-12,rural,58700.0,0.422,15.7,0,1.8,19600.0,56.0,1,0
APP02264,Priya Ali,966-77-3565,priya.ali532@example.com,844 Elm Dr,91904,1980-05-30,metro,133500.0,0.296,13.2,1,0.8,13500.0,23.5,0,1
APP02265,Linh Martinez,980-80-6889,linh.martinez325@example.com,1659 Elm Dr,91371,1952-06-30,metro,95800.0,0.198,8.5,0,,9800.0,35.5,0,1
APP02266,Olivia Garcia,905-75-1035,olivia.garcia822@example.com,649 Hillcrest Way,90552,1978-09-01,metro,58200.0,0.383,7.8,0,6.9,32100.0,32.8,0,1
APP02267,Daniel Smith,953-46-9395,daniel.smith257@example.com,9632 Lakeview Blvd,90990,1957-11-19,metro,30800.0,0.183,11.5,0,2.7,11400.0,20.2,1,0
APP02268,Sofia Lopez,934-97-5875,sofia.lopez643@example.com,125 Cedar Ln,95969,1999-10-21,rural,27500.0,0.415,6.2,1,1.8,14800.0,72.9,1,0
APP02269,Sofia Nguyen,999-79-5525,sofia.nguyen986@example.com,429 Cedar Ln,90661,1954-09-24,metro,45400.0,0.288,13.1,0,5.9,26700.0,36.3,0,1
APP02270,Aisha Martinez,924-88-2567,aisha.martinez422@example.com,4480 Cedar Ln,90667,1986-07-31,metro,98100.0,0.188,2.1,1,3.6,5400.0,57.1,0,1
APP02271,Noah Martinez,983-60-6722,noah.martinez46@example.com,2847 Maple Ave,96128,1965-08-22,rural,20000.0,0.338,4.8,0,4.2,17400.0,69.5,1,0
APP02272,Linh Lopez,909-97-5500,linh.lopez882@example.com,296 Pine Rd,90559,1959-02-07,metro,122100.0,0.459,4.5,1,2.2,17700.0,18.8,0,1
APP02273,Emma Hernandez,920-66-6700,emma.hernandez452@example.com,8187 Maple Ave,90192,1968-11-02,metro,55500.0,0.152,15.6,0,,19600.0,35.5,0,1
APP02274,Noah Chen,935-28-1517,noah.chen583@example.com,3148 Oak St,96185,1957-07-06,rural,50400.0,0.239,7.9,1,5.4,24900.0,86.5,1,0
APP02275,Aisha Brown,973-92-2623,aisha.brown390@example.com,3260 Cedar Ln,90157,1967-12-13,metro,45100.0,0.492,18.1,3,11.1,24200.0,26.3,1,0
APP02276,Daniel Brown,975-95-2825,daniel.brown557@example.com,8561 Lakeview Blvd,90385,1966-09-05,metro,72800.0,0.505,13.3,0,5.5,27900.0,36.7,1,0
APP02277,Sofia Lopez,973-20-3694,sofia.lopez782@example.com,494 Hillcrest Way,96106,1952-11-10,rural,48600.0,0.374,9.9,0,5.9,14800.0,67.1,1,0
APP02278,Grace Moore,921-50-8427,grace.moore22@example.com,5847 Oak St,91511,1995-11-05,metro,35800.0,0.295,5.7,1,12.1,6500.0,27.2,0,1
APP02279,Alex Garcia,929-25-6902,alex.garcia619@example.com,3546 Elm Dr,96063,1951-04-04,rural,43100.0,0.329,28.5,1,,30700.0,78.4,1,0
APP02280,James Patel,994-16-9279,james.patel476@example.com,6469 Elm Dr,90025,1988-05-13,metro,36600.0,0.314,4.8,0,18.6,17500.0,28.9,0,1
APP02281,Olivia Singh,935-76-8222,olivia.singh261@example.com,7443 Cedar Ln,96159,1994-01-22,rural,52900.0,0.254,21.4,0,6.8,18000.0,68.1,0,1
APP02282,Daniel Taylor,984-70-9153,daniel.taylor453@example.com,7916 Maple Ave,90383,1974-05-15,metro,62800.0,0.519,0.7,1,3.2,19500.0,28.0,1,0
APP02283,Omar Singh,949-84-7692,omar.singh728@example.com,5939 Maple Ave,90524,1966-04-30,metro,69500.0,0.347,3.2,0,2.3,22900.0,28.6,1,0
APP02284,Carlos Patel,918-53-7845,carlos.patel237@example.com,4510 Oak St,96032,2001-12-10,rural,62300.0,0.4,14.0,0,10.9,23200.0,69.9,0,0
APP02285,Fatima Brown,938-62-5603,fatima.brown128@example.com,4681 Lakeview Blvd,96012,1990-06-23,rural,65700.0,0.436,4.0,1,5.7,18600.0,77.6,1,0
APP02286,Priya Ramirez,929-72-6856,priya.ramirez824@example.com,1412 Lakeview Blvd,91256,1954-10-21,metro,66000.0,0.373,3.8,0,4.4,12600.0,34.4,0,1
APP02287,Alex Wilson,901-41-2330,alex.wilson43@example.com,997 Pine Rd,96114,1973-08-16,rural,53200.0,0.508,4.5,0,5.6,29500.0,72.6,1,0
APP02288,Maria Chen,905-92-3244,maria.chen285@example.com,2165 Elm Dr,96198,1992-12-27,rural,70800.0,0.379,3.4,0,14.5,13200.0,69.9,1,0
APP02289,Grace Moore,991-40-7431,grace.moore197@example.com,7263 Maple Ave,91045,1973-01-08,metro,63700.0,0.155,5.3,0,1.6,25600.0,27.1,0,1
APP02290,Sofia Nguyen,949-51-3184,sofia.nguyen40@example.com,3008 Lakeview Blvd,91583,1981-07-24,metro,147800.0,0.255,5.5,1,6.1,16000.0,23.8,0,1
APP02291,Grace Martinez,986-84-7512,grace.martinez751@example.com,2929 Hillcrest Way,95958,1967-03-22,rural,58600.0,0.318,16.5,0,5.1,42400.0,72.4,1,0
APP02292,Noah Patel,918-57-1198,noah.patel811@example.com,6004 Cedar Ln,96033,1997-10-17,rural,62500.0,0.455,7.2,0,1.3,19800.0,90.2,1,0
APP02293,Omar Ramirez,934-57-7919,omar.ramirez6@example.com,6829 Cedar Ln,91073,1973-06-26,metro,70200.0,0.505,7.9,0,7.0,13300.0,22.6,1,0
APP02294,Ravi Lopez,909-62-1736,ravi.lopez108@example.com,3134 Maple Ave,91540,1993-10-20,metro,55600.0,0.333,6.6,0,4.0,22200.0,22.3,0,1
APP02295,Grace Wilson,959-51-6063,grace.wilson874@example.com,9609 Elm Dr,91816,1991-12-31,metro,77500.0,0.289,6.6,0,9.6,15900.0,21.7,0,1
APP02296,Carlos Davis,978-22-9311,carlos.davis376@example.com,3283 Maple Ave,90808,1969-06-13,metro,55200.0,0.336,10.3,2,8.7,18000.0,57.4,1,0
APP02297,Kevin Moore,928-60-4520,kevin.moore158@example.com,1234 Cedar Ln,90603,1982-06-02,metro,54400.0,0.36,15.3,0,7.9,17200.0,42.6,0,1
APP02298,Alex Ramirez,937-98-6885,alex.ramirez594@example.com,3233 Pine Rd,90537,1974-01-04,metro,45400.0,0.306,5.3,0,19.1,25200.0,23.6,0,0
APP02299,Alex Ramirez,972-31-2923,alex.ramirez57@example.com,3387 Cedar Ln,91269,1997-08-05,metro,82700.0,0.37,25.2,0,6.1,29900.0,43.5,0,1
APP02300,Grace Brown,971-96-3986,grace.brown939@example.com,5881 Lakeview Blvd,90494,1977-07-05,metro,105600.0,0.389,23.2,0,7.0,20900.0,31.2,0,1
APP02301,Linh Lopez,904-58-6848,linh.lopez508@example.com,8057 Pine Rd,90315,1962-12-13,metro,58400.0,0.284,7.7,0,3.8,28800.0,30.6,1,0
APP02302,Priya Patel,925-50-3326,priya.patel329@example.com,1787 Maple Ave,96120,1957-11-05,rural,65500.0,0.189,5.2,0,9.5,15100.0,77.4,0,1
APP02303,Daniel Patel,953-25-3958,daniel.patel349@example.com,984 Elm Dr,90531,1955-09-14,metro,65200.0,0.365,9.4,0,18.4,28300.0,51.6,0,1
APP02304,Olivia Moore,911-78-1790,olivia.moore964@example.com,1710 Maple Ave,91771,1990-12-11,metro,,0.341,5.0,0,7.9,27800.0,49.6,0,1
APP02305,Sofia Chen,959-27-8183,sofia.chen165@example.com,5389 Lakeview Blvd,96113,1970-06-10,rural,44400.0,0.328,11.3,1,3.1,35700.0,72.2,1,0
APP02306,Alex Moore,944-99-4138,alex.moore320@example.com,6004 Maple Ave,90620,1968-01-17,metro,68700.0,0.276,4.7,0,,23700.0,36.5,0,1
APP02307,Priya Garcia,955-13-8754,priya.garcia131@example.com,1796 Lakeview Blvd,91192,1995-10-18,metro,69000.0,0.245,6.2,1,9.4,14700.0,39.8,0,1
APP02308,Priya Patel,965-83-3398,priya.patel619@example.com,8060 Oak St,90524,1976-06-21,metro,83400.0,0.327,15.0,0,13.6,18000.0,45.1,0,1
APP02309,Maria Ramirez,939-36-8679,maria.ramirez385@example.com,8802 Elm Dr,91826,1982-03-19,metro,73000.0,0.485,15.3,0,5.8,18300.0,30.8,1,1
APP02310,Kevin Martinez,902-59-5748,kevin.martinez159@example.com,2369 Cedar Ln,95955,1998-03-09,rural,40200.0,0.399,7.1,0,3.4,19700.0,80.2,1,0
APP02311,James Clark,961-77-6457,james.clark6@example.com,8735 Lakeview Blvd,90576,1963-02-07,metro,72900.0,0.364,8.3,0,24.1,24100.0,32.9,0,1
APP02312,Linh Singh,933-75-1127,linh.singh666@example.com,8515 Lakeview Blvd,96139,1978-02-13,rural,65600.0,0.31,15.6,4,7.2,24300.0,57.5,0,0
APP02313,Mateo Chen,950-80-8377,mateo.chen883@example.com,3125 Cedar Ln,91212,1962-04-23,metro,46700.0,0.211,15.7,0,1.9,31900.0,51.0,1,0
APP02314,Priya Taylor,963-60-4929,priya.taylor416@example.com,3935 Cedar Ln,95920,1976-10-24,rural,27300.0,0.258,8.0,0,5.6,28200.0,52.6,1,0
APP02315,James Lee,966-32-3985,james.lee955@example.com,1494 Maple Ave,91304,1963-09-21,metro,77400.0,0.518,5.8,2,8.9,25800.0,35.1,0,1
APP02316,Priya Lopez,908-25-4811,priya.lopez653@example.com,7550 Pine Rd,90104,1961-09-10,metro,95300.0,0.319,9.0,1,19.6,2000.0,31.8,0,1
APP02317,Olivia Singh,926-65-5718,olivia.singh102@example.com,4742 Hillcrest Way,95943,1962-01-18,rural,42700.0,0.366,5.7,0,1.1,2000.0,80.9,1,0
APP02318,Omar Ali,906-41-1460,omar.ali776@example.com,4323 Pine Rd,90635,1975-10-21,metro,,0.332,10.0,0,19.7,19900.0,26.3,0,1
APP02319,Grace Nguyen,916-96-8643,grace.nguyen607@example.com,1177 Lakeview Blvd,90951,1966-12-18,metro,68000.0,0.361,10.3,0,0.7,25700.0,38.5,0,1
APP02320,Maria Martinez,975-26-7496,maria.martinez943@example.com,980 Oak St,91141,1952-12-19,metro,54200.0,0.164,7.3,0,0.7,30300.0,20.3,0,1
APP02321,Linh Moore,985-24-9607,linh.moore208@example.com,4454 Maple Ave,90839,1994-03-26,metro,76400.0,0.478,5.5,0,7.5,26400.0,32.9,0,1
APP02322,James Lopez,926-12-5397,james.lopez734@example.com,3105 Hillcrest Way,91671,1959-05-08,metro,111800.0,0.434,4.3,1,14.3,32000.0,26.2,0,1
APP02323,Sofia Chen,926-35-3538,sofia.chen944@example.com,5081 Pine Rd,96148,2001-08-03,rural,71600.0,0.224,8.6,0,3.9,22800.0,61.7,1,0
APP02324,Kevin Johnson,972-29-5318,kevin.johnson297@example.com,8927 Cedar Ln,96002,1992-08-27,rural,59800.0,0.063,5.1,1,6.0,5400.0,78.3,1,0
APP02325,Priya Garcia,972-44-5726,priya.garcia603@example.com,5138 Lakeview Blvd,91749,1982-08-23,metro,63500.0,0.2,16.1,1,8.0,13000.0,43.9,0,1
APP02326,Chloe Martinez,998-46-4258,chloe.martinez295@example.com,8117 Oak St,91569,1983-01-22,metro,70500.0,0.36,7.8,0,9.3,27300.0,38.7,0,1
APP02327,Olivia Kim,913-40-9235,olivia.kim447@example.com,311 Hillcrest Way,90536,1997-07-21,metro,69300.0,0.378,17.4,2,16.8,22500.0,42.5,0,1
APP02328,Kevin Clark,904-37-6161,kevin.clark641@example.com,2359 Maple Ave,90369,1978-01-02,metro,43000.0,0.185,15.2,0,5.5,30900.0,16.8,0,1
APP02329,Noah Singh,977-76-3192,noah.singh707@example.com,8863 Maple Ave,91713,1959-08-17,metro,69500.0,0.279,9.5,0,8.5,19400.0,53.4,0,1
APP02330,Fatima Kim,921-72-2979,fatima.kim358@example.com,1432 Maple Ave,91316,1953-05-05,metro,56200.0,0.375,15.7,2,1.4,44000.0,27.8,0,1
APP02331,James Davis,939-12-7369,james.davis523@example.com,8086 Elm Dr,90760,1962-03-10,metro,30100.0,0.323,7.5,0,2.0,29800.0,39.7,1,0
APP02332,Priya Hernandez,957-90-6030,priya.hernandez828@example.com,378 Oak St,90108,1998-09-25,metro,49200.0,0.487,13.4,0,3.2,22000.0,49.7,1,1
APP02333,Priya Martinez,946-82-3734,priya.martinez986@example.com,4749 Cedar Ln,90081,1952-01-19,metro,103500.0,0.255,9.3,0,3.8,30700.0,27.6,0,1
APP02334,Chloe Davis,954-19-1710,chloe.davis456@example.com,5496 Elm Dr,91847,1996-03-09,metro,95300.0,0.441,5.1,1,6.0,19700.0,28.5,0,1
APP02335,Alex Ramirez,995-88-5098,alex.ramirez433@example.com,357 Maple Ave,90784,1998-03-18,metro,54600.0,0.373,7.7,0,9.5,17100.0,42.7,0,1
APP02336,Omar Lee,960-92-9164,omar.lee514@example.com,8289 Cedar Ln,91248,1959-08-26,metro,53800.0,0.413,26.0,0,5.4,23700.0,36.8,0,1
APP02337,James Clark,931-35-3274,james.clark868@example.com,5264 Oak St,90447,1965-01-31,metro,128800.0,0.249,8.9,0,5.0,18600.0,46.5,0,1
APP02338,Alex Moore,928-31-5639,alex.moore296@example.com,9102 Hillcrest Way,91593,1974-09-13,metro,70200.0,0.303,6.7,0,0.9,15300.0,47.7,0,1
APP02339,Hiro Martinez,972-34-7732,hiro.martinez378@example.com,1955 Cedar Ln,90627,1953-12-29,metro,91000.0,0.089,16.3,2,19.2,14500.0,17.1,0,1
APP02340,Fatima Wilson,994-58-1832,fatima.wilson72@example.com,1305 Elm Dr,90923,1999-03-04,metro,50000.0,0.416,18.9,1,3.2,26800.0,29.6,0,0
APP02341,Grace Ramirez,952-87-2496,grace.ramirez154@example.com,2517 Hillcrest Way,90259,1978-02-16,metro,49400.0,0.363,8.6,1,2.5,9100.0,45.1,0,0
APP02342,Noah Moore,981-72-4081,noah.moore452@example.com,2460 Lakeview Blvd,91952,1952-03-07,metro,,0.427,11.2,0,4.3,10800.0,34.7,0,1
APP02343,Fatima Singh,927-21-4341,fatima.singh366@example.com,8551 Cedar Ln,96177,1954-10-01,rural,68000.0,0.321,10.3,1,13.3,28300.0,59.9,0,1
APP02344,Hiro Nguyen,993-90-8708,hiro.nguyen89@example.com,4620 Maple Ave,90752,1984-01-19,metro,53400.0,0.333,9.3,1,8.2,32300.0,38.0,0,1
APP02345,Hiro Chen,918-82-9518,hiro.chen799@example.com,7484 Oak St,96124,1976-11-27,rural,51000.0,0.449,19.8,1,11.6,23800.0,81.5,1,0
APP02346,Kevin Johnson,926-35-9009,kevin.johnson62@example.com,5149 Maple Ave,96177,1978-10-28,rural,46900.0,0.29,7.1,1,8.4,27800.0,81.0,1,0
APP02347,Carlos Smith,947-90-2626,carlos.smith658@example.com,6110 Oak St,91959,1992-06-19,metro,71000.0,0.28,3.9,0,7.0,9900.0,18.5,0,1
APP02348,Kevin Nguyen,918-95-6738,kevin.nguyen624@example.com,4206 Lakeview Blvd,90807,1988-06-13,metro,47400.0,0.364,3.9,1,2.5,28100.0,24.3,0,1
APP02349,James Patel,900-31-2848,james.patel680@example.com,4022 Cedar Ln,91307,1994-11-30,metro,77200.0,0.36,14.8,1,1.4,21900.0,27.3,0,0
APP02350,Aisha Patel,949-95-5572,aisha.patel891@example.com,7808 Oak St,96027,1982-11-21,rural,57000.0,0.34,8.2,0,11.9,26500.0,79.5,1,0
APP02351,James Smith,930-67-8381,james.smith851@example.com,1781 Hillcrest Way,95916,1972-06-10,rural,83500.0,0.326,13.1,0,17.3,24700.0,55.3,0,1
APP02352,Mateo Moore,952-97-9493,mateo.moore45@example.com,9769 Elm Dr,96036,1972-12-25,rural,23700.0,0.326,13.3,2,15.1,26700.0,75.6,1,0
APP02353,Kevin Smith,960-13-3593,kevin.smith817@example.com,4200 Cedar Ln,91181,1979-11-29,metro,77800.0,0.23,7.8,0,14.1,30700.0,43.3,0,1
APP02354,Omar Taylor,995-35-2478,omar.taylor35@example.com,675 Oak St,91038,1983-03-10,metro,59400.0,0.267,10.3,0,5.2,23000.0,40.3,0,0
APP02355,Carlos Moore,939-33-7630,carlos.moore913@example.com,8666 Cedar Ln,96163,1967-05-08,rural,35600.0,0.245,4.0,0,2.7,19700.0,62.5,1,0
APP02356,Carlos Ramirez,902-38-9740,carlos.ramirez27@example.com,3332 Lakeview Blvd,96010,1975-08-05,rural,106400.0,0.25,13.1,0,3.7,26300.0,62.5,1,0
APP02357,Priya Lee,906-68-4967,priya.lee428@example.com,1812 Cedar Ln,91776,1967-05-30,metro,53800.0,0.267,10.5,0,10.9,6800.0,39.2,0,1
APP02358,Chloe Nguyen,973-71-2759,chloe.nguyen654@example.com,606 Hillcrest Way,90960,1969-08-20,metro,48400.0,0.513,12.5,0,15.3,14500.0,24.4,1,0
APP02359,Ravi Johnson,968-77-5009,ravi.johnson998@example.com,601 Pine Rd,90541,1952-12-10,metro,106300.0,0.415,5.3,0,9.1,25700.0,33.6,0,1
APP02360,Fatima Ramirez,981-49-1395,fatima.ramirez574@example.com,3137 Lakeview Blvd,96165,1969-12-20,rural,80600.0,0.346,2.3,0,2.7,12000.0,86.0,0,1
APP02361,Grace Chen,951-20-3969,grace.chen33@example.com,9749 Lakeview Blvd,90183,1954-02-04,metro,108700.0,0.442,4.7,0,4.1,20100.0,33.6,1,0
APP02362,Linh Martinez,925-28-6304,linh.martinez416@example.com,7285 Oak St,91542,1995-05-13,metro,49700.0,0.306,8.3,0,4.0,16600.0,22.0,0,1
APP02363,Hiro Wilson,979-12-7556,hiro.wilson687@example.com,6903 Oak St,95935,1964-06-15,rural,42400.0,0.422,4.5,3,2.3,8800.0,70.5,1,0
APP02364,Noah Singh,975-47-6885,noah.singh109@example.com,2074 Hillcrest Way,96012,1975-03-22,rural,49600.0,0.286,14.9,0,2.9,29100.0,79.2,0,1
APP02365,Linh Ali,966-98-6372,linh.ali403@example.com,365 Pine Rd,90262,1979-08-26,metro,,0.274,22.7,0,4.5,26500.0,31.0,0,1
APP02366,Ravi Clark,980-42-7777,ravi.clark870@example.com,802 Pine Rd,91305,2001-08-04,metro,111400.0,0.543,8.6,0,4.1,29800.0,34.1,0,1
APP02367,Grace Johnson,931-89-8255,grace.johnson764@example.com,584 Oak St,90815,1996-04-26,metro,84000.0,0.386,10.5,0,4.4,23500.0,58.4,1,0
APP02368,Aisha Singh,932-41-4441,aisha.singh900@example.com,7103 Hillcrest Way,96193,1955-06-28,rural,98600.0,0.37,7.3,1,9.7,14000.0,69.8,1,1
APP02369,Linh Brown,983-53-3554,linh.brown673@example.com,9324 Maple Ave,90570,1990-06-01,metro,123300.0,0.381,11.2,1,8.1,21600.0,33.6,0,1
APP02370,Grace Nguyen,917-79-3234,grace.nguyen480@example.com,2924 Elm Dr,95996,1990-05-15,rural,85500.0,0.592,2.4,2,4.4,36200.0,70.0,0,0
APP02371,Kevin Lopez,906-77-4130,kevin.lopez468@example.com,4335 Elm Dr,90520,1954-12-12,metro,83100.0,0.312,12.9,0,15.5,15900.0,44.3,0,1
APP02372,Ravi Chen,926-67-9800,ravi.chen89@example.com,9152 Elm Dr,91952,1990-10-09,metro,94800.0,0.138,8.9,0,7.2,28200.0,34.6,0,1
APP02373,Sofia Ramirez,961-58-3328,sofia.ramirez813@example.com,6752 Maple Ave,90118,1993-12-12,metro,34800.0,0.354,4.2,0,4.9,22500.0,42.7,0,0
APP02374,Grace Taylor,985-75-2590,grace.taylor269@example.com,7284 Hillcrest Way,90214,1998-04-11,metro,40700.0,0.467,3.7,0,,29000.0,18.5,1,0
APP02375,Olivia Davis,931-18-3529,olivia.davis293@example.com,939 Maple Ave,91701,1971-01-01,metro,66000.0,0.57,5.6,0,3.2,18800.0,28.9,1,0
APP02376,Daniel Johnson,940-52-4906,daniel.johnson121@example.com,1544 Maple Ave,90759,1994-08-12,metro,52400.0,0.559,12.9,1,5.9,29100.0,31.7,1,0
APP02377,Grace Martinez,910-34-7483,grace.martinez484@example.com,6630 Lakeview Blvd,91645,1962-07-14,metro,36100.0,0.579,3.2,1,14.0,14600.0,38.4,0,0
APP02378,Mateo Taylor,962-68-6407,mateo.taylor541@example.com,960 Elm Dr,91170,1997-10-22,metro,83000.0,0.413,19.3,3,10.6,6900.0,29.6,0,1
APP02379,Aisha Davis,951-43-7213,aisha.davis880@example.com,5171 Oak St,90364,2000-12-23,metro,54500.0,0.377,12.5,0,0.7,21100.0,19.4,0,1
APP02380,Fatima Hernandez,961-85-4490,fatima.hernandez176@example.com,2749 Pine Rd,91822,1976-11-18,metro,97200.0,0.273,4.4,2,4.7,28400.0,34.1,1,0
APP02381,Alex Clark,964-47-5187,alex.clark223@example.com,2459 Oak St,90462,1989-07-04,metro,31000.0,0.215,6.4,0,2.4,25300.0,40.1,0,0
APP02382,Linh Lopez,933-59-5192,linh.lopez206@example.com,6781 Maple Ave,95911,1958-05-02,rural,66300.0,0.219,5.1,0,6.0,16300.0,81.5,0,1
APP02383,Linh Lopez,961-48-9424,linh.lopez177@example.com,9703 Cedar Ln,91995,1968-05-21,metro,63400.0,0.326,5.5,0,6.6,19700.0,26.7,1,0
APP02384,Noah Ali,978-26-9576,noah.ali7@example.com,2126 Oak St,91809,1951-04-13,metro,48000.0,0.451,9.7,3,2.6,29000.0,39.3,1,0
APP02385,Noah Patel,993-17-6446,noah.patel797@example.com,9825 Cedar Ln,90558,1968-05-09,metro,44900.0,0.46,8.9,0,9.9,18000.0,44.7,1,1
APP02386,Daniel Lee,907-58-8657,daniel.lee231@example.com,8081 Maple Ave,96149,1996-08-15,rural,49200.0,0.34,8.0,0,14.1,27300.0,66.2,1,0
APP02387,Sofia Johnson,927-54-6687,sofia.johnson601@example.com,9597 Oak St,96149,1962-04-08,rural,51300.0,0.272,6.9,1,2.5,26300.0,72.4,1,0
APP02388,Mateo Kim,955-55-7924,mateo.kim579@example.com,7062 Maple Ave,95934,1996-02-08,rural,49800.0,0.257,8.9,1,6.9,45300.0,82.1,1,0
APP02389,Omar Johnson,901-46-2094,omar.johnson436@example.com,8506 Lakeview Blvd,90453,1983-03-07,metro,60100.0,0.446,2.2,1,7.9,20800.0,48.1,0,1
APP02390,James Davis,942-47-7892,james.davis121@example.com,2891 Pine Rd,95963,1991-05-15,rural,31400.0,0.304,10.0,0,4.3,2000.0,73.9,0,0
APP02391,Mateo Lopez,925-48-4171,mateo.lopez653@example.com,8867 Hillcrest Way,95917,1958-03-07,rural,43200.0,0.355,3.2,1,2.8,16700.0,54.9,1,0
APP02392,Olivia Smith,994-59-1143,olivia.smith688@example.com,6618 Maple Ave,90533,1963-06-05,metro,106000.0,0.466,14.4,0,7.6,17600.0,33.2,0,1
APP02393,Emma Hernandez,972-37-5330,emma.hernandez311@example.com,5120 Oak St,90306,1980-04-07,metro,73600.0,0.224,9.5,0,1.5,25000.0,38.6,0,1
APP02394,Grace Chen,999-14-6299,grace.chen662@example.com,5887 Lakeview Blvd,90144,1959-10-12,metro,59400.0,0.464,5.6,0,5.5,24200.0,39.3,1,0
APP02395,Emma Nguyen,944-26-7886,emma.nguyen407@example.com,1528 Maple Ave,90445,1959-05-07,metro,82000.0,0.434,6.2,0,12.1,17700.0,40.7,1,0
APP02396,Olivia Ramirez,956-53-9605,olivia.ramirez186@example.com,3020 Elm Dr,90175,1968-05-30,metro,54200.0,0.597,9.4,0,5.9,35100.0,27.1,1,0
APP02397,Hiro Patel,908-46-8943,hiro.patel798@example.com,3592 Lakeview Blvd,91590,1958-06-09,metro,181600.0,0.284,11.7,0,4.3,10300.0,14.8,0,1
APP02398,Sofia Ali,951-70-6738,sofia.ali926@example.com,4232 Hillcrest Way,91167,1981-09-03,metro,51100.0,0.421,7.8,0,3.8,18000.0,40.4,1,0
APP02399,Olivia Smith,925-83-8720,olivia.smith389@example.com,8124 Elm Dr,91867,1957-11-18,metro,46100.0,0.148,7.0,0,5.8,17200.0,45.9,0,1
APP02400,Omar Davis,980-49-7410,omar.davis350@example.com,4955 Hillcrest Way,91938,1963-07-12,metro,38400.0,0.206,13.7,1,,19400.0,37.8,0,1
APP02401,Kevin Davis,907-25-5544,kevin.davis438@example.com,771 Elm Dr,90563,1966-04-20,metro,75800.0,0.488,13.1,0,4.0,24000.0,27.9,0,1
APP02402,Kevin Smith,956-35-7029,kevin.smith352@example.com,9398 Oak St,90973,1966-04-05,metro,104500.0,0.402,3.5,2,5.5,11100.0,33.1,0,0
APP02403,Daniel Nguyen,908-49-4204,daniel.nguyen531@example.com,3191 Pine Rd,96181,1991-03-24,rural,46200.0,0.55,6.5,0,8.5,23900.0,67.8,0,0
APP02404,Mateo Brown,995-31-7223,mateo.brown313@example.com,1902 Pine Rd,91931,1980-01-19,metro,79400.0,0.282,4.0,1,2.4,8000.0,46.3,1,0
APP02405,Carlos Kim,949-95-9057,carlos.kim441@example.com,3987 Pine Rd,90500,1989-08-18,metro,65300.0,0.453,17.4,0,9.3,26000.0,49.7,0,1
APP02406,Noah Singh,959-27-2447,noah.singh519@example.com,5916 Hillcrest Way,90463,1957-10-30,metro,40600.0,0.175,7.0,1,10.9,5000.0,36.3,0,1
APP02407,James Wilson,960-93-7102,james.wilson625@example.com,4109 Cedar Ln,91315,1965-12-01,metro,93100.0,0.179,12.9,1,3.7,25200.0,62.8,0,1
APP02408,Daniel Kim,941-97-1863,daniel.kim335@example.com,8788 Maple Ave,95966,1994-10-08,rural,53800.0,0.492,11.8,0,15.3,26200.0,93.9,1,0
APP02409,Omar Taylor,903-49-7958,omar.taylor669@example.com,3069 Oak St,90906,1981-12-15,metro,52000.0,0.429,11.4,0,13.1,24300.0,33.2,1,0
APP02410,Olivia Clark,997-78-6833,olivia.clark515@example.com,3694 Hillcrest Way,91460,1984-09-11,metro,63000.0,0.327,9.4,1,4.3,22600.0,33.2,1,0
APP02411,Priya Taylor,951-87-8416,priya.taylor743@example.com,4210 Cedar Ln,90255,1963-02-02,metro,89500.0,0.438,13.7,0,6.9,35700.0,52.6,0,1
APP02412,Carlos Lopez,962-55-8715,carlos.lopez52@example.com,6035 Cedar Ln,96136,1987-09-16,rural,40600.0,0.398,11.2,0,2.0,30300.0,56.4,1,0
APP02413,Carlos Ramirez,948-41-7786,carlos.ramirez952@example.com,2448 Pine Rd,91638,1969-12-16,metro,23400.0,0.145,7.5,0,7.7,31600.0,26.3,0,0
APP02414,Aisha Ali,945-56-8909,aisha.ali878@example.com,4769 Lakeview Blvd,91666,1959-01-29,metro,56700.0,0.218,4.2,3,13.2,38200.0,29.4,0,0
APP02415,Ravi Johnson,960-37-2561,ravi.johnson305@example.com,1676 Maple Ave,91285,1969-02-08,metro,81300.0,0.369,4.2,0,13.0,34600.0,22.4,0,1
APP02416,James Singh,940-96-7153,james.singh24@example.com,1597 Hillcrest Way,95944,1997-02-01,rural,69000.0,0.415,15.8,0,7.6,30200.0,67.4,1,0
APP02417,Carlos Taylor,954-28-2898,carlos.taylor906@example.com,9454 Hillcrest Way,91040,1999-03-17,metro,55700.0,0.412,10.4,0,6.4,9600.0,31.6,1,0
APP02418,Mateo Moore,907-42-5835,mateo.moore325@example.com,6555 Cedar Ln,90145,2000-04-28,metro,53500.0,0.261,18.3,0,7.4,22000.0,35.6,1,0
APP02419,Hiro Davis,962-56-7505,hiro.davis158@example.com,9073 Maple Ave,91801,1961-07-29,metro,68500.0,0.229,11.5,0,2.0,21200.0,37.1,0,1
APP02420,James Martinez,928-98-3190,james.martinez145@example.com,5830 Hillcrest Way,91888,1985-03-12,metro,35100.0,0.283,4.9,0,0.7,22300.0,52.1,0,1
APP02421,Fatima Lee,989-69-1393,fatima.lee997@example.com,8063 Elm Dr,90067,1976-11-29,metro,53500.0,0.247,9.3,0,7.0,22300.0,18.3,0,1
APP02422,Mateo Garcia,925-97-6342,mateo.garcia515@example.com,4239 Pine Rd,90455,1995-03-30,metro,,0.342,7.7,1,10.0,19400.0,21.8,0,1
APP02423,Aisha Lee,946-30-1166,aisha.lee578@example.com,912 Maple Ave,96085,1993-04-12,rural,33900.0,0.455,1.7,2,8.3,33400.0,60.9,0,0
APP02424,Emma Moore,954-24-6551,emma.moore641@example.com,8287 Hillcrest Way,91501,1997-08-31,metro,42100.0,0.357,3.1,0,2.0,16400.0,30.5,1,0
APP02425,Linh Lopez,945-30-4624,linh.lopez832@example.com,5736 Hillcrest Way,90331,1983-01-29,metro,35300.0,0.235,3.8,0,5.3,19500.0,33.1,1,0
APP02426,Noah Martinez,964-88-2407,noah.martinez715@example.com,4748 Pine Rd,91056,1971-08-07,metro,27500.0,0.332,15.9,0,2.2,4300.0,33.3,1,0
APP02427,Alex Clark,941-31-9494,alex.clark917@example.com,1442 Hillcrest Way,95974,1964-12-04,rural,,0.179,12.8,0,3.5,24200.0,67.7,0,0
APP02428,Hiro Ramirez,968-23-1313,hiro.ramirez779@example.com,2271 Lakeview Blvd,91215,1996-11-01,metro,43600.0,0.095,6.3,0,9.2,25600.0,37.9,0,1
APP02429,Alex Chen,965-32-9400,alex.chen262@example.com,8419 Oak St,91931,1965-04-22,metro,120500.0,0.429,4.5,2,5.1,23300.0,33.4,0,1
APP02430,Hiro Clark,980-60-5063,hiro.clark323@example.com,3456 Elm Dr,91384,1994-03-14,metro,73300.0,0.359,4.0,4,8.6,27600.0,38.4,0,0
APP02431,Priya Johnson,916-24-6361,priya.johnson263@example.com,2582 Maple Ave,90733,1961-09-07,metro,50300.0,0.226,4.9,1,12.1,9200.0,35.9,1,0
APP02432,Olivia Patel,956-20-4264,olivia.patel176@example.com,9056 Lakeview Blvd,91039,1991-11-11,metro,23200.0,0.43,11.1,1,2.7,15400.0,29.5,1,0
APP02433,Mateo Davis,976-34-9724,mateo.davis261@example.com,4381 Hillcrest Way,90918,1962-12-17,metro,92100.0,0.171,9.2,0,4.7,28500.0,38.0,0,1
APP02434,Priya Lee,970-68-3211,priya.lee54@example.com,3418 Lakeview Blvd,90793,1978-01-02,metro,101600.0,0.286,5.6,2,3.2,21200.0,42.9,0,1
APP02435,Chloe Moore,996-61-9697,chloe.moore143@example.com,3006 Pine Rd,96026,1966-04-11,rural,56100.0,0.511,6.9,1,3.5,19900.0,62.9,1,0
APP02436,Linh Clark,982-30-9206,linh.clark142@example.com,991 Lakeview Blvd,90137,1984-06-01,metro,78700.0,0.297,7.5,0,4.3,16000.0,26.8,0,1
APP02437,Hiro Kim,988-34-9554,hiro.kim759@example.com,1201 Oak St,91402,1993-12-03,metro,64000.0,0.393,9.9,0,5.5,18000.0,37.2,1,1
APP02438,Ravi Ali,911-39-9560,ravi.ali386@example.com,2183 Cedar Ln,96044,1968-04-17,rural,75000.0,0.213,23.5,0,10.3,14700.0,85.3,1,1
APP02439,Olivia Patel,970-80-2399,olivia.patel635@example.com,1547 Cedar Ln,96103,2001-07-04,rural,60900.0,0.408,12.1,1,5.8,22700.0,84.3,1,0
APP02440,Mateo Davis,983-87-3929,mateo.davis724@example.com,8389 Maple Ave,90221,1998-08-05,metro,53600.0,0.186,11.2,3,6.2,29300.0,27.2,1,0
APP02441,Alex Moore,984-51-8655,alex.moore159@example.com,3964 Oak St,95956,1955-12-29,rural,46200.0,0.242,3.1,1,3.1,32400.0,84.6,1,0
APP02442,Priya Smith,952-34-2704,priya.smith5@example.com,7252 Pine Rd,96077,1957-12-06,rural,52300.0,0.378,2.4,1,6.9,23700.0,79.5,1,0
APP02443,Ravi Wilson,910-68-1434,ravi.wilson183@example.com,670 Hillcrest Way,91175,1956-04-14,metro,176400.0,0.357,8.1,1,3.8,13000.0,37.1,0,1
APP02444,Omar Johnson,994-66-8294,omar.johnson298@example.com,6951 Elm Dr,95932,1963-11-09,rural,49300.0,0.212,18.7,1,2.6,17100.0,76.4,0,1
APP02445,Ravi Singh,953-93-6114,ravi.singh79@example.com,2385 Pine Rd,90103,1968-11-11,metro,75800.0,0.378,1.7,0,1.3,26200.0,45.4,0,1
APP02446,Maria Kim,906-70-2167,maria.kim519@example.com,802 Cedar Ln,91101,1974-11-10,metro,37300.0,0.296,6.2,0,4.5,18100.0,49.7,1,0
APP02447,Chloe Ramirez,964-51-5531,chloe.ramirez275@example.com,9854 Cedar Ln,96160,1992-08-29,rural,111600.0,0.472,16.8,0,4.8,28200.0,67.7,1,0
APP02448,Ravi Patel,978-91-7873,ravi.patel659@example.com,9023 Hillcrest Way,90921,1965-10-12,metro,54200.0,0.511,7.8,0,,8000.0,44.8,1,0
APP02449,Emma Smith,916-44-7613,emma.smith931@example.com,6247 Lakeview Blvd,90118,1989-07-01,metro,61600.0,0.392,6.4,0,4.3,16900.0,47.5,1,0
APP02450,Carlos Chen,927-88-6695,carlos.chen918@example.com,4461 Hillcrest Way,91051,1974-06-17,metro,68600.0,0.513,14.1,1,2.7,19000.0,43.0,1,0
APP02451,Noah Singh,972-58-3189,noah.singh359@example.com,4614 Pine Rd,91467,1997-10-27,metro,74200.0,0.322,5.6,0,7.4,15500.0,52.4,1,0
APP02452,Sofia Lee,968-93-5087,sofia.lee786@example.com,905 Elm Dr,90386,1975-04-30,metro,77100.0,0.488,9.1,1,0.3,13100.0,33.0,0,1
APP02453,Linh Garcia,909-32-9461,linh.garcia411@example.com,9550 Maple Ave,90269,1986-04-08,metro,42600.0,0.383,3.4,1,3.0,19000.0,53.3,1,0
APP02454,Noah Lee,939-75-1965,noah.lee279@example.com,3766 Elm Dr,90660,1996-12-18,metro,37000.0,0.338,5.2,1,2.2,30700.0,36.3,1,0
APP02455,Ravi Patel,985-82-1363,ravi.patel252@example.com,4581 Pine Rd,95983,1976-01-10,rural,43100.0,0.481,6.8,0,,11400.0,64.9,1,0
APP02456,Hiro Davis,973-79-6150,hiro.davis434@example.com,1190 Lakeview Blvd,90410,1980-06-27,metro,63900.0,0.18,15.8,0,2.6,43900.0,34.9,0,1
APP02457,Kevin Clark,916-51-1927,kevin.clark10@example.com,7712 Cedar Ln,90510,1951-05-29,metro,44500.0,0.49,19.6,0,10.9,21800.0,40.6,0,1
APP02458,Chloe Davis,902-92-2593,chloe.davis834@example.com,60 Cedar Ln,90388,1983-08-12,metro,66900.0,0.097,8.5,0,15.6,27100.0,28.8,0,1
APP02459,Aisha Davis,999-41-6455,aisha.davis824@example.com,4948 Cedar Ln,91303,1973-07-19,metro,74200.0,0.077,10.3,0,8.0,7800.0,21.3,0,1
APP02460,Grace Ramirez,910-53-7088,grace.ramirez554@example.com,5626 Oak St,90612,1989-01-14,metro,68700.0,0.538,3.4,0,9.7,28000.0,24.2,1,0
APP02461,Mateo Lee,956-21-5431,mateo.lee782@example.com,5432 Pine Rd,91596,1960-11-22,metro,71100.0,0.141,10.0,0,4.6,37500.0,29.4,0,1
APP02462,Emma Garcia,992-89-9567,emma.garcia416@example.com,9027 Oak St,96024,1964-06-03,rural,78600.0,0.423,8.7,0,0.6,23900.0,53.0,1,0
APP02463,Grace Nguyen,933-79-4411,grace.nguyen27@example.com,4398 Hillcrest Way,96033,2000-03-16,rural,58000.0,0.453,6.4,1,14.7,23600.0,82.5,1,0
APP02464,Emma Singh,998-69-2697,emma.singh288@example.com,5142 Maple Ave,91841,1955-12-06,metro,49100.0,0.257,2.8,1,9.2,19800.0,28.4,0,1
APP02465,Grace Martinez,909-29-8685,grace.martinez952@example.com,5333 Hillcrest Way,91667,1974-11-14,metro,66700.0,0.257,2.9,1,12.0,22700.0,40.3,1,0
APP02466,James Ramirez,906-74-2990,james.ramirez179@example.com,8849 Hillcrest Way,91286,1991-08-20,metro,40700.0,0.324,7.5,0,1.1,30500.0,32.1,1,0
APP02467,Hiro Clark,906-22-9616,hiro.clark73@example.com,2593 Pine Rd,96044,1996-06-11,rural,104700.0,0.631,10.1,1,1.9,17300.0,63.4,0,0
APP02468,Daniel Garcia,957-73-2792,daniel.garcia454@example.com,2103 Lakeview Blvd,90711,1953-04-27,metro,78800.0,0.574,3.4,0,3.9,23500.0,46.7,1,0
APP02469,James Kim,939-24-1730,james.kim605@example.com,7510 Pine Rd,91155,1953-01-24,metro,79800.0,0.163,8.4,0,4.4,21900.0,28.8,0,1
APP02470,Sofia Johnson,973-87-1369,sofia.johnson991@example.com,3141 Maple Ave,96014,1981-09-18,rural,,0.233,9.2,1,5.9,30800.0,78.3,0,1
APP02471,Maria Clark,938-44-1377,maria.clark646@example.com,3460 Lakeview Blvd,91067,1952-06-23,metro,36700.0,0.373,3.6,1,10.1,22500.0,40.6,1,0
APP02472,Priya Lopez,941-73-5674,priya.lopez282@example.com,5787 Pine Rd,90023,1999-06-18,metro,74900.0,0.285,1.2,0,8.9,5100.0,24.9,0,1
APP02473,Alex Kim,913-37-7606,alex.kim157@example.com,1601 Hillcrest Way,90939,1995-09-04,metro,68700.0,0.314,14.3,0,12.6,21200.0,25.4,0,1
APP02474,Olivia Singh,916-78-7802,olivia.singh172@example.com,1465 Lakeview Blvd,90042,1964-01-03,metro,65700.0,0.15,5.5,0,1.4,13900.0,18.6,0,1
APP02475,Daniel Ali,927-12-8014,daniel.ali949@example.com,8882 Elm Dr,96194,1977-08-18,rural,59900.0,0.252,3.8,0,1.1,32200.0,67.5,0,0
APP02476,Carlos Brown,978-12-7001,carlos.brown44@example.com,686 Oak St,91605,1963-05-11,metro,82700.0,0.451,3.6,0,2.5,10900.0,30.8,0,1
APP02477,Omar Hernandez,983-61-9675,omar.hernandez413@example.com,754 Maple Ave,95901,1951-07-14,rural,57900.0,0.415,17.3,0,10.5,23800.0,53.8,0,0
APP02478,Omar Chen,995-22-1673,omar.chen334@example.com,4072 Lakeview Blvd,96111,1983-11-04,rural,57600.0,0.327,5.8,1,0.4,27600.0,77.5,1,0
APP02479,Chloe Smith,996-59-7931,chloe.smith927@example.com,7389 Hillcrest Way,95991,1976-08-13,rural,30100.0,0.404,12.2,0,13.6,23800.0,79.5,1,0
APP02480,Emma Hernandez,904-59-6518,emma.hernandez228@example.com,9738 Maple Ave,91595,2000-03-17,metro,45800.0,0.234,9.9,1,7.2,29700.0,50.1,1,0
APP02481,Priya Singh,955-48-6683,priya.singh707@example.com,1303 Maple Ave,90002,1991-11-27,metro,95000.0,0.306,7.0,1,9.3,23400.0,26.0,0,1
APP02482,Alex Kim,925-85-3900,alex.kim684@example.com,8179 Cedar Ln,91086,1994-03-05,metro,76700.0,0.51,6.5,0,7.9,21400.0,36.4,0,1
APP02483,Chloe Chen,909-80-6762,chloe.chen509@example.com,4954 Hillcrest Way,90937,1961-06-02,metro,59900.0,0.473,7.4,0,3.6,32400.0,39.5,1,0
APP02484,Carlos Ali,979-66-1506,carlos.ali525@example.com,4863 Lakeview Blvd,91098,1965-07-30,metro,79300.0,0.221,4.2,0,6.5,38800.0,39.3,0,1
APP02485,Hiro Lee,978-78-9460,hiro.lee750@example.com,5329 Lakeview Blvd,96067,1989-02-26,rural,30000.0,0.454,2.5,1,3.7,17300.0,79.6,1,0
APP02486,Kevin Ramirez,947-48-4778,kevin.ramirez519@example.com,9574 Oak St,90449,1976-01-11,metro,82900.0,0.45,11.8,0,3.9,16800.0,36.9,0,1
APP02487,Kevin Chen,982-84-1513,kevin.chen916@example.com,9127 Maple Ave,91408,1992-02-07,metro,57000.0,0.468,9.0,0,2.0,19200.0,30.2,1,0
APP02488,Ravi Lee,986-31-7180,ravi.lee806@example.com,1014 Hillcrest Way,91391,2000-04-10,metro,67000.0,0.217,0.5,1,13.2,13700.0,32.7,0,1
APP02489,Hiro Wilson,941-97-2043,hiro.wilson668@example.com,3674 Pine Rd,96000,1981-01-21,rural,61300.0,0.342,10.3,0,5.2,32400.0,57.6,1,0
APP02490,Alex Wilson,947-82-2856,alex.wilson583@example.com,6051 Cedar Ln,95940,1950-10-16,rural,53100.0,0.38,8.8,1,4.6,16100.0,78.9,1,0
APP02491,Hiro Brown,954-81-8278,hiro.brown587@example.com,6791 Pine Rd,90341,1969-02-19,metro,52400.0,0.287,8.4,0,5.8,16400.0,45.2,0,1
APP02492,Carlos Nguyen,995-84-5149,carlos.nguyen735@example.com,679 Cedar Ln,91835,1976-09-07,metro,78400.0,0.3,13.2,0,4.1,32000.0,35.9,0,1
APP02493,Aisha Johnson,977-72-2731,aisha.johnson452@example.com,8090 Elm Dr,91407,1953-10-10,metro,102200.0,0.356,3.5,1,6.1,23600.0,31.6,0,1
APP02494,Sofia Moore,967-35-6457,sofia.moore114@example.com,7874 Pine Rd,96118,1978-03-09,rural,55100.0,0.365,9.5,1,5.3,4900.0,77.8,0,1
APP02495,Fatima Lopez,966-99-1315,fatima.lopez343@example.com,9455 Lakeview Blvd,95963,1963-05-07,rural,28300.0,0.322,16.8,0,1.8,22100.0,57.3,1,0
APP02496,Ravi Davis,981-63-2839,ravi.davis391@example.com,5212 Elm Dr,90040,1992-01-13,metro,29800.0,0.273,9.3,1,26.6,20600.0,7.2,1,0
APP02497,James Ali,930-82-1364,james.ali451@example.com,809 Cedar Ln,91140,1972-07-29,metro,112000.0,0.273,8.3,0,2.3,17800.0,31.5,0,1
APP02498,Linh Davis,934-48-1283,linh.davis215@example.com,31 Oak St,95951,1981-06-01,rural,66700.0,0.532,0.5,1,1.2,10100.0,70.6,1,0
APP02499,Mateo Lee,936-59-9075,mateo.lee881@example.com,4280 Elm Dr,96159,2001-01-06,rural,120100.0,0.373,2.3,1,7.8,3400.0,96.8,0,1
APP02500,Daniel Singh,967-61-5924,daniel.singh556@example.com,6817 Cedar Ln,96090,1987-05-23,rural,65600.0,0.46,13.8,1,1.7,25700.0,83.6,1,0
APP02501,Carlos Brown,999-29-1854,carlos.brown513@example.com,7351 Lakeview Blvd,95967,1998-08-24,rural,82800.0,0.386,9.2,0,2.4,28400.0,91.0,0,1
APP02502,Olivia Garcia,926-88-9674,olivia.garcia415@example.com,9873 Hillcrest Way,90541,1973-08-16,metro,65100.0,0.122,8.4,1,7.5,4800.0,32.7,0,1
APP02503,Maria Ali,923-55-8175,maria.ali308@example.com,4167 Oak St,90290,1977-02-12,metro,80400.0,0.458,5.7,1,2.6,21300.0,46.7,1,0
APP02504,Omar Lee,943-30-6829,omar.lee605@example.com,3722 Cedar Ln,96096,1979-01-15,rural,94900.0,0.451,20.6,2,7.6,35000.0,78.8,1,0
APP02505,Emma Lee,997-29-3915,emma.lee954@example.com,3745 Pine Rd,91227,2000-04-13,metro,80500.0,0.307,16.2,0,5.3,15100.0,36.1,0,1
APP02506,Grace Nguyen,902-16-5416,grace.nguyen812@example.com,6979 Pine Rd,96041,2000-06-07,rural,67100.0,0.235,5.3,0,8.3,34800.0,83.9,1,0
APP02507,Kevin Wilson,951-81-3027,kevin.wilson495@example.com,7770 Hillcrest Way,95938,1979-08-13,rural,60800.0,0.412,10.9,0,2.4,21700.0,73.9,0,0
APP02508,Emma Brown,908-51-9674,emma.brown951@example.com,8611 Cedar Ln,96171,1998-11-30,rural,96900.0,0.319,10.0,0,7.1,38200.0,81.4,1,0
APP02509,Hiro Martinez,907-31-1103,hiro.martinez703@example.com,768 Oak St,96109,1975-10-13,rural,116000.0,0.342,10.4,0,17.5,4600.0,80.0,0,1
APP02510,Olivia Nguyen,907-58-7970,olivia.nguyen207@example.com,745 Elm Dr,96132,1993-11-18,rural,42800.0,0.694,6.4,0,8.2,15000.0,70.1,1,0
APP02511,Emma Johnson,911-74-6257,emma.johnson464@example.com,4575 Oak St,91696,1952-07-14,metro,44600.0,0.217,6.1,0,13.1,35000.0,26.7,0,1
APP02512,Alex Chen,929-37-4030,alex.chen925@example.com,5733 Pine Rd,90116,1996-04-03,metro,71000.0,0.417,10.6,2,0.7,23200.0,36.8,0,1
APP02513,Omar Lopez,927-73-5452,omar.lopez584@example.com,2240 Maple Ave,90835,1963-10-06,metro,56400.0,0.242,13.4,1,3.0,18300.0,33.4,0,1
APP02514,Aisha Garcia,932-94-5749,aisha.garcia97@example.com,1974 Pine Rd,91223,2000-04-09,metro,50000.0,0.228,7.3,0,4.7,8500.0,41.2,1,0
APP02515,Olivia Taylor,970-23-8068,olivia.taylor960@example.com,6177 Hillcrest Way,91536,1956-10-05,metro,,0.25,20.0,2,2.2,20800.0,35.2,0,1
APP02516,Chloe Ali,938-30-1186,chloe.ali101@example.com,4773 Elm Dr,91719,1963-10-06,metro,44200.0,0.499,22.8,1,6.3,19400.0,33.1,1,0
APP02517,Maria Davis,975-41-7014,maria.davis623@example.com,9901 Cedar Ln,91558,1986-06-19,metro,106600.0,0.221,3.8,0,3.2,19000.0,49.6,0,1
APP02518,Priya Nguyen,959-67-9795,priya.nguyen988@example.com,307 Hillcrest Way,96136,1952-09-05,rural,59000.0,0.433,11.3,0,2.7,12300.0,77.7,0,0
APP02519,Grace Ali,946-59-7507,grace.ali882@example.com,9705 Elm Dr,90991,1966-11-23,metro,125800.0,0.105,9.4,3,5.9,26800.0,26.3,0,1
APP02520,Omar Ramirez,924-77-8729,omar.ramirez329@example.com,3640 Lakeview Blvd,90649,1984-06-10,metro,106000.0,0.278,6.4,1,6.9,21400.0,46.0,0,1
APP02521,Daniel Nguyen,972-90-8360,daniel.nguyen219@example.com,5841 Hillcrest Way,90385,1976-09-19,metro,104500.0,0.276,14.1,0,,14000.0,32.4,0,1
APP02522,Carlos Hernandez,955-98-2504,carlos.hernandez605@example.com,5438 Oak St,91597,1978-12-05,metro,109000.0,0.507,7.0,0,7.9,25500.0,37.1,0,1
APP02523,Grace Kim,906-77-6725,grace.kim751@example.com,9589 Cedar Ln,90401,1973-04-19,metro,92800.0,0.128,14.4,0,6.6,22000.0,39.0,0,1
APP02524,Priya Kim,954-15-5612,priya.kim394@example.com,5736 Cedar Ln,96146,1988-02-23,rural,54400.0,0.466,8.7,1,10.8,22600.0,78.2,1,0
APP02525,Mateo Moore,990-42-4259,mateo.moore907@example.com,2576 Cedar Ln,91433,1979-01-23,metro,62900.0,0.443,4.4,1,6.7,21200.0,33.4,0,1
APP02526,Ravi Patel,959-89-7529,ravi.patel677@example.com,1673 Hillcrest Way,96135,1979-06-05,rural,34900.0,0.275,15.4,0,12.2,11100.0,54.1,0,0
APP02527,Grace Clark,923-87-7582,grace.clark229@example.com,1196 Cedar Ln,90635,1972-06-20,metro,83000.0,0.452,9.7,0,11.4,33000.0,28.7,0,1
APP02528,Carlos Patel,908-12-3040,carlos.patel806@example.com,2411 Maple Ave,91783,1987-02-21,metro,55700.0,0.349,10.8,0,12.3,31200.0,24.9,0,1
APP02529,James Lopez,976-19-8496,james.lopez68@example.com,2956 Hillcrest Way,96195,1989-01-13,rural,66800.0,0.325,18.4,2,19.1,10100.0,89.3,0,1
APP02530,Alex Nguyen,980-11-8051,alex.nguyen923@example.com,9829 Oak St,90837,1954-06-24,metro,110000.0,0.223,9.4,1,5.4,4500.0,28.2,0,1
APP02531,Ravi Martinez,981-47-1512,ravi.martinez870@example.com,6103 Lakeview Blvd,96152,1959-12-04,rural,50100.0,0.275,7.1,0,,30000.0,71.9,0,1
APP02532,Kevin Davis,995-64-7327,kevin.davis189@example.com,3288 Hillcrest Way,96088,1991-07-29,rural,40300.0,0.293,5.0,0,4.9,25000.0,73.2,0,1
APP02533,Aisha Brown,973-46-7872,aisha.brown57@example.com,7808 Elm Dr,90416,1995-04-05,metro,58900.0,0.269,1.9,2,12.8,16200.0,29.5,1,0
APP02534,Sofia Lopez,978-53-4518,sofia.lopez244@example.com,6052 Maple Ave,96103,1978-03-16,rural,47900.0,0.231,22.3,0,0.2,21000.0,84.6,0,1
APP02535,Kevin Patel,962-54-4946,kevin.patel79@example.com,581 Elm Dr,90590,1991-07-18,metro,39300.0,0.266,18.2,0,1.9,15100.0,46.2,0,1
APP02536,Maria Ramirez,997-62-1574,maria.ramirez134@example.com,2256 Elm Dr,91434,1994-12-10,metro,78900.0,0.303,5.5,1,4.2,18200.0,13.2,0,1
APP02537,Noah Hernandez,951-60-7128,noah.hernandez343@example.com,8772 Hillcrest Way,90024,1997-04-25,metro,90900.0,0.323,15.0,0,8.1,25700.0,33.7,1,0
APP02538,James Smith,988-76-7499,james.smith774@example.com,2608 Pine Rd,95999,1978-12-12,rural,59300.0,0.254,12.8,0,12.0,33600.0,81.9,0,1
APP02539,Ravi Patel,957-55-1364,ravi.patel266@example.com,7559 Hillcrest Way,96163,1963-01-27,rural,53200.0,0.448,8.1,1,19.7,22000.0,61.8,1,0
APP02540,Ravi Garcia,930-62-3227,ravi.garcia409@example.com,9311 Cedar Ln,91169,1999-04-13,metro,71900.0,0.348,5.9,1,2.1,22300.0,38.6,0,1
APP02541,Grace Smith,925-10-3293,grace.smith309@example.com,4690 Lakeview Blvd,90232,1989-10-03,metro,54700.0,0.229,15.9,1,7.2,16200.0,36.9,0,1
APP02542,Priya Wilson,961-17-8614,priya.wilson620@example.com,8542 Hillcrest Way,91072,1975-03-11,metro,44500.0,0.707,5.9,0,8.5,17700.0,25.9,1,0
APP02543,Aisha Brown,910-53-5805,aisha.brown757@example.com,9922 Lakeview Blvd,91398,2001-06-27,metro,36300.0,0.205,6.7,1,6.1,17800.0,41.9,1,0
APP02544,Chloe Smith,932-86-5646,chloe.smith60@example.com,3489 Oak St,91553,1976-01-14,metro,95800.0,0.472,11.6,0,4.1,15800.0,44.1,0,1
APP02545,Hiro Ali,990-57-5173,hiro.ali494@example.com,742 Lakeview Blvd,91980,1950-07-26,metro,34000.0,0.301,27.2,0,8.5,14300.0,38.2,0,0
APP02546,Aisha Davis,907-35-9728,aisha.davis545@example.com,546 Lakeview Blvd,95971,1951-06-22,rural,62700.0,0.616,12.7,0,2.3,25800.0,65.3,0,0
APP02547,Grace Singh,910-83-2576,grace.singh715@example.com,7188 Cedar Ln,90801,1953-08-04,metro,109800.0,0.346,6.9,0,1.1,28700.0,40.6,0,1
APP02548,Olivia Davis,968-64-6056,olivia.davis420@example.com,5223 Oak St,90395,1978-10-15,metro,52800.0,0.343,5.5,1,4.1,23700.0,32.0,0,1
APP02549,Emma Chen,905-73-1745,emma.chen55@example.com,9611 Pine Rd,91642,1993-01-27,metro,66000.0,0.356,6.1,1,2.5,24200.0,48.0,1,0
APP02550,Omar Lopez,938-30-3960,omar.lopez406@example.com,9531 Elm Dr,95945,1955-07-22,rural,57000.0,0.287,9.1,0,,11700.0,89.8,0,1
APP02551,Priya Davis,982-29-5028,priya.davis984@example.com,4706 Pine Rd,90902,1981-03-25,metro,80900.0,0.364,23.2,0,3.3,17200.0,32.7,0,1
APP02552,Priya Martinez,959-31-7129,priya.martinez736@example.com,6728 Hillcrest Way,96095,1989-11-12,rural,27300.0,0.317,4.1,1,9.5,23600.0,60.7,1,0
APP02553,Maria Wilson,953-50-4958,maria.wilson611@example.com,3243 Maple Ave,96001,1950-05-19,rural,37800.0,0.359,6.9,0,1.6,25400.0,90.9,1,0
APP02554,Grace Davis,931-61-1785,grace.davis652@example.com,2453 Elm Dr,91199,1966-07-24,metro,86900.0,0.465,12.5,1,7.2,34500.0,21.4,1,0
APP02555,Maria Taylor,945-23-8533,maria.taylor774@example.com,6427 Lakeview Blvd,91600,1979-06-08,metro,50600.0,0.186,11.7,0,24.8,26400.0,24.1,0,1
APP02556,Kevin Nguyen,991-12-7276,kevin.nguyen75@example.com,1087 Lakeview Blvd,90466,1961-01-11,metro,95000.0,0.42,21.5,0,2.9,24000.0,23.8,0,1
APP02557,Olivia Patel,968-38-2767,olivia.patel390@example.com,5783 Pine Rd,96115,1955-03-03,rural,44000.0,0.167,5.3,0,3.6,13000.0,70.3,1,0
APP02558,Hiro Lopez,976-50-6016,hiro.lopez99@example.com,1726 Lakeview Blvd,91985,1983-04-21,metro,103300.0,0.423,2.0,1,2.0,35400.0,34.8,1,0
APP02559,Carlos Wilson,926-60-4126,carlos.wilson88@example.com,4093 Elm Dr,95998,2001-11-11,rural,,0.45,5.3,0,4.1,15100.0,79.4,1,0
APP02560,Maria Lopez,906-60-4013,maria.lopez898@example.com,1117 Lakeview Blvd,91849,1998-03-24,metro,64200.0,0.357,1.4,0,1.8,18300.0,31.9,1,0
APP02561,Ravi Hernandez,927-70-6441,ravi.hernandez762@example.com,8952 Hillcrest Way,90587,1987-06-30,metro,53100.0,0.416,13.2,2,10.4,20600.0,36.3,1,0
APP02562,Omar Ramirez,958-48-3261,omar.ramirez611@example.com,308 Hillcrest Way,96173,1987-06-11,rural,56500.0,0.395,5.5,0,1.8,19800.0,79.7,1,0
APP02563,Aisha Smith,935-95-2162,aisha.smith356@example.com,5211 Pine Rd,91264,1959-09-05,metro,91800.0,0.278,7.6,0,2.4,2000.0,55.5,0,1
APP02564,Aisha Lee,934-60-4630,aisha.lee873@example.com,8122 Elm Dr,90931,1975-11-08,metro,44800.0,0.208,10.4,1,2.9,22100.0,28.3,1,0
APP02565,Linh Ali,907-75-2807,linh.ali337@example.com,8534 Hillcrest Way,90036,1951-06-17,metro,41200.0,0.476,6.3,0,4.7,30900.0,27.2,1,0
APP02566,James Ali,925-15-6481,james.ali626@example.com,7555 Hillcrest Way,95907,1963-12-26,rural,76500.0,0.506,9.8,0,1.9,21400.0,77.2,1,0
APP02567,Omar Moore,902-10-9725,omar.moore472@example.com,2564 Oak St,91112,1977-09-21,metro,87100.0,0.47,4.1,0,7.1,20300.0,28.9,0,1
APP02568,Alex Hernandez,941-39-6627,alex.hernandez583@example.com,2920 Elm Dr,90631,1966-08-03,metro,46600.0,0.318,4.0,0,5.3,33900.0,29.6,0,0
APP02569,Linh Lee,982-85-7102,linh.lee431@example.com,9532 Lakeview Blvd,90760,1981-07-17,metro,64000.0,0.233,15.8,1,,28500.0,46.6,0,1
APP02570,Linh Ramirez,995-77-7484,linh.ramirez658@example.com,2182 Lakeview Blvd,91723,1959-03-10,metro,43500.0,0.306,18.2,0,5.4,14500.0,23.7,0,1
APP02571,Omar Kim,971-39-8562,omar.kim615@example.com,987 Lakeview Blvd,91639,1988-08-30,metro,80700.0,0.206,9.2,1,4.9,23100.0,28.1,0,1
APP02572,Aisha Hernandez,900-28-8214,aisha.hernandez324@example.com,2717 Pine Rd,90167,1960-06-16,metro,77100.0,0.466,15.7,0,3.1,19500.0,44.2,0,1
APP02573,Sofia Nguyen,955-64-5106,sofia.nguyen50@example.com,4914 Hillcrest Way,91126,1981-03-19,metro,111800.0,0.286,5.8,1,6.5,7800.0,37.1,0,1
APP02574,Noah Lopez,941-98-1367,noah.lopez64@example.com,7422 Oak St,91581,1971-11-15,metro,51000.0,0.329,8.8,0,4.9,13400.0,25.2,1,0
APP02575,Daniel Chen,958-45-7365,daniel.chen227@example.com,824 Pine Rd,96171,1969-09-30,rural,62400.0,0.293,6.5,1,4.6,17600.0,67.6,1,0
APP02576,Alex Smith,907-70-5436,alex.smith987@example.com,5442 Elm Dr,95987,1991-10-19,rural,52500.0,0.491,1.4,0,6.2,18100.0,79.5,1,0
APP02577,Linh Ramirez,977-56-7786,linh.ramirez484@example.com,1822 Pine Rd,96026,1980-01-25,rural,56100.0,0.37,17.2,0,14.0,40100.0,72.5,0,1
APP02578,Olivia Ali,930-26-8517,olivia.ali39@example.com,8694 Maple Ave,96099,1983-02-15,rural,20900.0,0.201,5.2,0,11.6,32300.0,75.9,1,0
APP02579,Sofia Garcia,935-40-4462,sofia.garcia219@example.com,8919 Oak St,90258,1993-08-08,metro,105700.0,0.252,12.0,0,1.9,14400.0,31.7,0,1
APP02580,Omar Singh,907-95-2615,omar.singh580@example.com,4788 Hillcrest Way,90340,1950-11-12,metro,71600.0,0.282,10.3,0,12.4,24700.0,22.1,0,1
APP02581,Olivia Patel,904-84-2002,olivia.patel394@example.com,600 Lakeview Blvd,96100,1991-02-27,rural,61200.0,0.394,12.5,1,18.1,8500.0,62.8,1,0
APP02582,Grace Martinez,911-26-7895,grace.martinez121@example.com,5296 Cedar Ln,91439,1959-03-10,metro,32500.0,0.231,14.2,0,2.6,27300.0,32.6,1,0
APP02583,Linh Garcia,934-25-2251,linh.garcia460@example.com,2723 Pine Rd,90651,1962-03-07,metro,100500.0,0.292,13.5,1,7.0,11200.0,28.8,0,1
APP02584,Grace Lopez,951-77-9616,grace.lopez822@example.com,7903 Lakeview Blvd,91667,1998-08-14,metro,34900.0,0.235,7.9,1,1.5,40400.0,25.9,1,0
APP02585,Olivia Ali,985-51-9583,olivia.ali538@example.com,9069 Hillcrest Way,91430,1972-05-10,metro,79100.0,0.241,14.0,1,15.7,12900.0,29.9,0,1
APP02586,Olivia Singh,976-47-4264,olivia.singh294@example.com,6290 Lakeview Blvd,90504,1960-06-28,metro,69400.0,0.637,7.5,1,6.0,27000.0,47.7,1,0
APP02587,Hiro Ramirez,901-18-5180,hiro.ramirez70@example.com,3770 Cedar Ln,91559,1953-04-24,metro,79500.0,0.495,8.2,1,10.2,30700.0,23.8,0,1
APP02588,Mateo Johnson,905-39-1292,mateo.johnson262@example.com,8312 Cedar Ln,91887,1963-10-15,metro,51100.0,0.225,2.3,1,3.9,25200.0,43.3,0,0
APP02589,Noah Lee,991-60-8413,noah.lee978@example.com,5174 Pine Rd,90787,1957-06-11,metro,114800.0,0.177,9.0,1,5.9,23500.0,47.5,0,1
APP02590,Priya Lopez,942-32-5197,priya.lopez840@example.com,7103 Hillcrest Way,96132,1957-12-27,rural,40200.0,0.384,13.6,0,3.5,22700.0,72.2,1,0
APP02591,Noah Davis,928-61-7557,noah.davis1@example.com,4938 Elm Dr,91290,1956-10-23,metro,64000.0,0.3,7.9,0,8.0,14100.0,37.6,0,0
APP02592,Hiro Martinez,977-87-3302,hiro.martinez736@example.com,6157 Cedar Ln,96126,1957-04-10,rural,78900.0,0.194,4.1,0,3.6,17100.0,88.4,0,1
APP02593,Omar Garcia,968-97-2592,omar.garcia921@example.com,9410 Lakeview Blvd,95919,1968-06-29,rural,37500.0,0.167,2.1,1,9.2,8600.0,72.1,0,1
APP02594,Noah Patel,919-35-1258,noah.patel922@example.com,337 Lakeview Blvd,96057,1959-04-26,rural,96400.0,0.422,10.6,1,,35800.0,70.7,1,0
APP02595,Olivia Clark,969-87-9484,olivia.clark53@example.com,5557 Cedar Ln,96028,1977-11-13,rural,20400.0,0.143,0.6,1,1.0,19700.0,64.9,1,0
APP02596,Chloe Lee,990-49-7741,chloe.lee447@example.com,9099 Oak St,91242,1962-12-11,metro,72400.0,0.047,8.9,0,8.4,12800.0,19.3,0,1
APP02597,Hiro Smith,998-89-6930,hiro.smith922@example.com,4795 Elm Dr,90489,1981-05-04,metro,67100.0,0.437,6.5,0,2.8,17900.0,43.0,1,0
APP02598,Omar Patel,992-69-1065,omar.patel89@example.com,6867 Oak St,91744,1982-12-23,metro,84700.0,0.211,8.6,0,3.0,17600.0,40.8,0,1
APP02599,Carlos Ali,928-22-6034,carlos.ali533@example.com,3240 Pine Rd,90258,1982-10-28,metro,120600.0,0.068,6.1,0,10.5,27900.0,32.8,0,1
APP02600,Aisha Nguyen,933-33-5438,aisha.nguyen852@example.com,8365 Cedar Ln,90667,1971-10-28,metro,107400.0,0.234,22.5,1,19.2,27500.0,27.7,0,1
APP02601,Kevin Wilson,956-71-6913,kevin.wilson664@example.com,2024 Cedar Ln,96132,1988-04-06,rural,65600.0,0.245,11.5,0,6.2,10400.0,80.8,1,0
APP02602,Daniel Martinez,935-48-9314,daniel.martinez516@example.com,882 Pine Rd,90177,1980-01-06,metro,48100.0,0.466,9.8,1,0.8,20900.0,34.0,1,0
APP02603,Maria Nguyen,974-50-3947,maria.nguyen498@example.com,5745 Hillcrest Way,90882,1976-12-17,metro,107900.0,0.395,9.2,1,0.5,25400.0,59.2,0,1
APP02604,Emma Taylor,943-80-7179,emma.taylor485@example.com,4878 Lakeview Blvd,91415,2000-01-03,metro,63800.0,0.091,13.2,1,12.9,16100.0,38.5,0,1
APP02605,James Wilson,906-38-4214,james.wilson189@example.com,8878 Elm Dr,91421,1952-11-15,metro,36500.0,0.391,2.6,1,5.1,14600.0,27.2,1,0
APP02606,Noah Kim,976-55-1132,noah.kim328@example.com,8278 Oak St,90329,1951-11-20,metro,86300.0,0.499,10.4,1,6.5,20000.0,49.7,1,0
APP02607,Kevin Nguyen,938-85-7265,kevin.nguyen420@example.com,9714 Oak St,91427,1984-08-09,metro,90800.0,0.327,1.3,0,3.1,22400.0,24.0,0,1
APP02608,Maria Wilson,980-69-3325,maria.wilson270@example.com,7009 Pine Rd,96073,1950-03-13,rural,55700.0,0.263,18.1,0,6.3,16600.0,76.8,0,1
APP02609,Maria Clark,991-27-9267,maria.clark474@example.com,1789 Hillcrest Way,95925,1969-03-12,rural,34100.0,0.464,4.1,0,2.7,6900.0,60.1,1,0
APP02610,Carlos Chen,983-77-4538,carlos.chen580@example.com,4922 Hillcrest Way,91316,1975-03-07,metro,54000.0,0.19,4.4,0,0.7,10300.0,53.6,0,1
APP02611,Linh Davis,956-52-3102,linh.davis25@example.com,3935 Oak St,90302,1979-10-09,metro,47900.0,0.524,7.4,2,6.8,19700.0,16.7,1,0
APP02612,Emma Johnson,913-24-9845,emma.johnson333@example.com,6311 Oak St,91309,1989-04-20,metro,36900.0,0.107,6.3,0,2.9,15700.0,22.3,1,0
APP02613,Noah Kim,950-87-5502,noah.kim516@example.com,5386 Pine Rd,91056,1986-06-18,metro,66900.0,0.416,3.1,1,7.8,23000.0,33.8,0,0
APP02614,Sofia Clark,909-99-2115,sofia.clark92@example.com,6488 Hillcrest Way,96122,1985-12-06,rural,,0.219,19.7,0,9.9,22500.0,65.6,0,1
APP02615,Linh Lopez,902-44-3619,linh.lopez265@example.com,7592 Lakeview Blvd,90927,1976-05-19,metro,66900.0,0.316,10.4,0,9.3,24800.0,35.1,0,1
APP02616,Aisha Taylor,928-65-4733,aisha.taylor228@example.com,3479 Maple Ave,96110,1966-08-25,rural,41100.0,0.347,14.2,0,17.5,19700.0,80.0,1,0
APP02617,Kevin Kim,914-49-1244,kevin.kim356@example.com,6731 Cedar Ln,91245,1982-02-21,metro,55900.0,0.504,5.0,0,12.9,31100.0,37.7,1,0
APP02618,Kevin Chen,963-61-4806,kevin.chen981@example.com,4377 Oak St,90072,1991-02-24,metro,,0.535,3.7,0,14.8,24700.0,18.0,1,0
APP02619,James Wilson,925-77-8862,james.wilson470@example.com,3315 Pine Rd,91826,1977-10-28,metro,49300.0,0.3,9.7,1,5.7,5800.0,40.2,0,1
APP02620,Omar Nguyen,992-50-5740,omar.nguyen646@example.com,1351 Maple Ave,91108,1954-04-24,metro,32100.0,0.311,6.3,0,2.1,13100.0,35.5,1,0
APP02621,James Ali,941-29-4177,james.ali962@example.com,9039 Maple Ave,90665,1971-10-19,metro,74500.0,0.169,9.5,1,1.5,7100.0,26.1,0,1
APP02622,Omar Chen,910-18-4085,omar.chen776@example.com,3541 Maple Ave,90358,1955-07-08,metro,30400.0,0.522,10.8,0,8.5,34700.0,50.0,0,0
APP02623,Mateo Kim,976-41-2760,mateo.kim520@example.com,5669 Maple Ave,96097,1991-09-23,rural,102200.0,0.232,4.2,0,7.3,11900.0,87.6,1,0
APP02624,Emma Lee,967-83-6230,emma.lee870@example.com,5198 Hillcrest Way,90629,1971-04-17,metro,76300.0,0.182,6.7,0,12.0,18300.0,42.5,0,1
APP02625,Mateo Taylor,980-88-8676,mateo.taylor426@example.com,6795 Pine Rd,90525,2001-12-08,metro,95700.0,0.374,10.6,1,6.1,19400.0,23.4,0,1
APP02626,Grace Garcia,973-21-4822,grace.garcia492@example.com,2267 Lakeview Blvd,90423,1981-09-12,metro,37700.0,0.02,8.2,0,2.6,27900.0,11.6,1,0
APP02627,Carlos Garcia,909-48-1226,carlos.garcia206@example.com,5118 Elm Dr,91492,1960-04-05,metro,23600.0,0.264,7.3,0,3.8,20600.0,42.5,1,0
APP02628,Priya Hernandez,916-25-9518,priya.hernandez491@example.com,3155 Maple Ave,90913,1984-12-29,metro,93400.0,0.412,9.7,2,10.5,12400.0,31.3,1,0
APP02629,Alex Lee,954-64-9174,alex.lee944@example.com,1335 Elm Dr,91866,1975-07-19,metro,92300.0,0.408,9.5,1,18.0,14500.0,41.3,0,1
APP02630,Emma Chen,982-36-4283,emma.chen508@example.com,9850 Pine Rd,90617,1977-11-15,metro,51800.0,0.413,5.6,0,6.4,16500.0,20.2,0,1
APP02631,Alex Lee,973-45-1396,alex.lee115@example.com,8596 Elm Dr,96083,1972-08-31,rural,101200.0,0.451,9.5,0,15.6,24400.0,70.6,0,1
APP02632,Hiro Ramirez,914-36-8020,hiro.ramirez185@example.com,9266 Lakeview Blvd,90673,1973-07-09,metro,50300.0,0.456,10.9,0,17.3,14900.0,38.1,1,0
APP02633,Fatima Wilson,938-88-5048,fatima.wilson116@example.com,2866 Pine Rd,95965,1998-08-28,rural,70600.0,0.389,6.4,1,4.0,26600.0,92.9,0,1
APP02634,Alex Johnson,942-57-5919,alex.johnson696@example.com,578 Pine Rd,96078,1996-05-04,rural,27500.0,0.423,17.3,0,2.2,25100.0,61.7,1,0
APP02635,Daniel Lopez,957-16-2275,daniel.lopez324@example.com,1174 Pine Rd,96146,1999-05-08,rural,114800.0,0.443,7.5,2,2.3,18700.0,73.1,1,0
APP02636,Noah Patel,984-31-8439,noah.patel223@example.com,8837 Lakeview Blvd,90985,1995-11-28,metro,63500.0,0.2,2.9,0,14.3,27400.0,32.0,1,0
APP02637,Hiro Taylor,908-63-1467,hiro.taylor972@example.com,6820 Cedar Ln,90153,1991-01-30,metro,78500.0,0.492,8.2,0,7.6,14800.0,36.3,0,1
APP02638,Maria Lee,930-53-7419,maria.lee460@example.com,6387 Lakeview Blvd,90902,1966-02-27,metro,28900.0,0.519,4.6,0,13.3,29900.0,29.1,1,0
APP02639,Linh Nguyen,904-54-2890,linh.nguyen680@example.com,8740 Lakeview Blvd,90100,1977-09-02,metro,40200.0,0.125,12.4,0,1.5,31600.0,28.7,1,0
APP02640,James Moore,952-45-3811,james.moore57@example.com,7836 Maple Ave,90731,1980-11-23,metro,80600.0,0.415,2.6,3,5.1,9600.0,34.3,1,0
APP02641,Daniel Patel,947-40-2966,daniel.patel623@example.com,3420 Hillcrest Way,95966,1985-07-23,rural,72400.0,0.421,7.6,0,3.7,27000.0,79.7,1,0
APP02642,Omar Moore,977-17-9941,omar.moore79@example.com,5175 Cedar Ln,91045,1966-08-26,metro,84600.0,0.23,13.7,0,3.7,20400.0,31.9,0,1
APP02643,Chloe Taylor,933-92-4056,chloe.taylor814@example.com,72 Cedar Ln,96088,1965-07-07,rural,39100.0,0.287,5.4,0,1.6,7600.0,45.5,1,0
APP02644,Omar Lopez,946-21-3046,omar.lopez92@example.com,3101 Hillcrest Way,90003,1958-02-22,metro,54600.0,0.329,3.6,1,8.1,21000.0,34.7,0,1
APP02645,James Lopez,910-83-2302,james.lopez57@example.com,5820 Lakeview Blvd,95923,1998-09-20,rural,36300.0,0.334,12.0,0,12.4,29300.0,66.2,1,0
APP02646,Hiro Garcia,902-79-1301,hiro.garcia580@example.com,8127 Elm Dr,91635,1988-02-29,metro,48500.0,0.437,4.9,1,10.7,31900.0,46.8,0,1
APP02647,Priya Nguyen,907-24-1639,priya.nguyen693@example.com,4282 Oak St,96021,1969-03-14,rural,42200.0,0.434,8.6,0,2.5,32800.0,76.5,1,0
APP02648,Hiro Nguyen,956-67-8073,hiro.nguyen893@example.com,725 Cedar Ln,95990,1960-06-05,rural,54300.0,0.283,16.1,1,6.9,20900.0,75.0,1,0
APP02649,Chloe Lee,932-40-6549,chloe.lee787@example.com,5103 Pine Rd,91485,1954-07-21,metro,64900.0,0.451,21.1,1,4.9,22800.0,38.1,1,0
APP02650,Maria Davis,984-77-2512,maria.davis803@example.com,903 Oak St,90427,1979-11-10,metro,44000.0,0.443,3.5,0,5.9,17600.0,33.3,1,0
APP02651,Ravi Chen,992-54-3048,ravi.chen539@example.com,1727 Elm Dr,96079,1989-06-09,rural,59900.0,0.274,16.8,2,11.7,24300.0,65.5,1,0
APP02652,Sofia Johnson,991-42-6633,sofia.johnson494@example.com,7548 Maple Ave,91427,1995-05-29,metro,47300.0,0.391,6.2,2,7.2,25700.0,29.0,1,0
APP02653,Linh Moore,954-90-4606,linh.moore337@example.com,8259 Pine Rd,90265,1952-09-25,metro,47000.0,0.075,5.3,0,1.3,18900.0,48.2,0,1
APP02654,Olivia Brown,954-14-4245,olivia.brown497@example.com,6877 Lakeview Blvd,90491,1998-02-21,metro,51500.0,0.373,6.9,0,2.5,22600.0,36.4,0,1
APP02655,Carlos Johnson,966-93-1652,carlos.johnson705@example.com,1778 Oak St,90663,1982-12-10,metro,58600.0,0.322,1.0,0,14.8,8800.0,33.7,0,1
APP02656,Omar Lee,951-96-4803,omar.lee704@example.com,3442 Maple Ave,90053,1965-11-23,metro,36300.0,0.361,4.0,0,2.7,21800.0,37.6,1,0
APP02657,Mateo Johnson,954-77-9419,mateo.johnson813@example.com,8156 Cedar Ln,90646,1958-07-19,metro,55900.0,0.413,30.4,0,4.8,31600.0,36.6,0,1
APP02658,Daniel Chen,958-67-2505,daniel.chen579@example.com,8124 Elm Dr,91030,1964-05-28,metro,78800.0,0.074,10.8,0,12.7,26700.0,41.2,0,1
APP02659,Noah Chen,905-58-9640,noah.chen338@example.com,5421 Oak St,95985,1986-03-01,rural,107000.0,0.216,7.2,0,4.9,8400.0,79.4,0,1
APP02660,Daniel Davis,956-46-5061,daniel.davis442@example.com,8229 Lakeview Blvd,96045,1986-02-26,rural,68100.0,0.442,9.1,0,11.3,36500.0,74.8,1,0
APP02661,Noah Chen,959-75-6230,noah.chen164@example.com,8145 Oak St,95922,1997-03-16,rural,89300.0,0.324,9.7,1,4.7,27000.0,80.1,0,1
APP02662,Olivia Hernandez,925-67-6512,olivia.hernandez655@example.com,8652 Lakeview Blvd,90659,1975-11-17,metro,65700.0,0.196,6.1,1,,21900.0,27.7,0,1
APP02663,Alex Ali,959-36-7340,alex.ali805@example.com,941 Lakeview Blvd,91323,1963-08-04,metro,36100.0,0.369,3.7,1,1.6,14800.0,35.1,1,0
APP02664,Noah Ramirez,944-66-8691,noah.ramirez440@example.com,1037 Lakeview Blvd,96012,1980-12-17,rural,62700.0,0.288,3.8,0,6.0,24800.0,76.9,1,0
APP02665,Kevin Taylor,914-43-4691,kevin.taylor891@example.com,2661 Hillcrest Way,90988,1987-10-21,metro,129800.0,0.287,10.7,0,1.3,30800.0,34.7,0,1
APP02666,James Brown,961-63-3471,james.brown385@example.com,8791 Cedar Ln,91319,1971-02-14,metro,47300.0,0.259,11.4,0,17.1,30900.0,45.7,0,1
APP02667,Alex Garcia,964-10-6580,alex.garcia729@example.com,9255 Cedar Ln,91440,1999-05-12,metro,40500.0,0.218,16.3,0,0.1,7700.0,33.3,0,1
APP02668,Omar Singh,919-66-2225,omar.singh365@example.com,5667 Elm Dr,90118,1962-03-27,metro,,0.491,5.4,1,5.6,20200.0,34.7,1,0
APP02669,Grace Chen,914-67-9837,grace.chen625@example.com,4305 Hillcrest Way,90017,2000-07-25,metro,49300.0,0.511,7.6,0,9.2,18400.0,11.6,0,0
APP02670,Hiro Brown,983-17-3223,hiro.brown526@example.com,9959 Hillcrest Way,95963,1975-07-21,rural,49400.0,0.198,3.9,1,4.4,14400.0,65.1,0,1
APP02671,Grace Chen,915-28-2130,grace.chen537@example.com,3248 Pine Rd,90079,1998-03-14,metro,32200.0,0.424,5.5,1,4.2,22700.0,36.0,1,0
APP02672,Grace Martinez,947-23-9833,grace.martinez660@example.com,5835 Elm Dr,90313,2001-04-23,metro,65100.0,0.458,13.8,0,7.2,16800.0,33.4,0,0
APP02673,Ravi Patel,901-68-9276,ravi.patel493@example.com,2377 Oak St,90045,1965-01-01,metro,50500.0,0.361,17.2,0,3.1,24800.0,26.7,1,0
APP02674,Omar Moore,971-23-8165,omar.moore24@example.com,409 Maple Ave,91487,1993-07-20,metro,25300.0,0.528,26.4,0,6.9,16100.0,24.5,0,1
APP02675,Daniel Singh,945-22-7600,daniel.singh946@example.com,285 Oak St,96138,1981-05-08,rural,153100.0,0.328,9.1,0,,9500.0,72.3,0,1
APP02676,Hiro Clark,948-56-3344,hiro.clark636@example.com,6603 Oak St,90603,1992-06-25,metro,87400.0,0.494,12.7,1,6.7,22500.0,36.6,0,1
APP02677,Alex Taylor,901-67-2451,alex.taylor883@example.com,2638 Lakeview Blvd,91351,1978-04-25,metro,39700.0,0.459,5.4,0,3.5,12900.0,45.3,0,0
APP02678,Fatima Nguyen,934-19-8547,fatima.nguyen660@example.com,6413 Pine Rd,96102,1967-12-27,rural,45800.0,0.461,6.7,3,3.4,17000.0,63.7,1,0
APP02679,Noah Ramirez,944-44-8299,noah.ramirez842@example.com,6685 Pine Rd,95984,1957-10-02,rural,58300.0,0.349,10.5,1,6.8,11600.0,86.5,0,1
APP02680,Ravi Wilson,935-28-4867,ravi.wilson897@example.com,46 Oak St,90200,1999-05-17,metro,72900.0,0.02,4.2,0,7.3,22000.0,52.1,0,1
APP02681,Maria Ali,985-79-1713,maria.ali770@example.com,417 Elm Dr,91408,1979-07-10,metro,95700.0,0.255,14.7,0,6.4,14000.0,41.7,0,1
APP02682,Emma Davis,917-91-6182,emma.davis989@example.com,2732 Lakeview Blvd,91044,1981-03-15,metro,60000.0,0.314,8.4,2,6.2,18500.0,38.7,1,0
APP02683,Ravi Hernandez,904-94-3943,ravi.hernandez840@example.com,7999 Maple Ave,96042,1995-10-20,rural,,0.442,19.9,2,11.1,7200.0,84.1,1,0
APP02684,Kevin Martinez,932-25-8080,kevin.martinez469@example.com,2363 Lakeview Blvd,90666,1960-10-08,metro,101600.0,0.197,9.9,1,,32300.0,39.8,0,1
APP02685,Omar Martinez,952-61-6334,omar.martinez139@example.com,22 Maple Ave,90210,1962-12-22,metro,68900.0,0.379,2.4,1,6.8,34900.0,26.4,1,0
APP02686,Fatima Brown,912-94-3722,fatima.brown376@example.com,5713 Elm Dr,91373,1972-07-03,metro,75600.0,0.375,21.4,0,9.0,4000.0,32.7,1,1
APP02687,Olivia Garcia,970-72-5427,olivia.garcia883@example.com,7162 Oak St,91522,1966-07-25,metro,29900.0,0.395,8.4,0,5.4,25900.0,51.1,0,0
APP02688,Emma Ali,989-78-1127,emma.ali803@example.com,1083 Maple Ave,91520,1958-05-24,metro,59300.0,0.316,8.3,0,5.1,35200.0,36.7,1,0
APP02689,Aisha Singh,974-17-2623,aisha.singh687@example.com,9592 Pine Rd,90932,1970-09-26,metro,54600.0,0.229,8.7,1,19.6,19800.0,20.7,1,0
APP02690,Grace Martinez,954-20-3892,grace.martinez301@example.com,6782 Hillcrest Way,90875,1984-12-10,metro,79500.0,0.39,4.3,0,2.4,31000.0,41.5,0,1
APP02691,Linh Wilson,980-96-4149,linh.wilson443@example.com,1361 Pine Rd,90632,1978-07-08,metro,40900.0,0.09,2.9,1,6.0,27900.0,23.9,0,1
APP02692,Carlos Taylor,967-69-5089,carlos.taylor130@example.com,3331 Maple Ave,91640,1986-04-15,metro,82300.0,0.426,8.8,1,3.8,14600.0,21.2,0,1
APP02693,Mateo Ramirez,994-44-4455,mateo.ramirez456@example.com,588 Hillcrest Way,90808,1968-02-06,metro,75800.0,0.446,15.5,0,8.8,16300.0,33.3,0,1
APP02694,Chloe Lopez,927-42-8371,chloe.lopez933@example.com,960 Maple Ave,91362,1970-07-30,metro,53300.0,0.186,4.9,0,8.7,12000.0,36.6,0,1
APP02695,Carlos Brown,986-67-7100,carlos.brown602@example.com,1305 Pine Rd,90540,1963-05-28,metro,84400.0,0.308,3.4,0,4.6,19400.0,34.2,0,1
APP02696,Kevin Smith,993-90-2953,kevin.smith603@example.com,9968 Cedar Ln,90033,1960-11-20,metro,100200.0,0.298,10.4,2,2.3,18300.0,44.6,0,1
APP02697,Omar Lopez,970-58-1027,omar.lopez163@example.com,4536 Maple Ave,90322,1960-03-10,metro,53900.0,0.364,15.0,1,10.7,30500.0,33.8,1,0
APP02698,Noah Lee,970-57-8811,noah.lee975@example.com,4442 Elm Dr,91733,1985-01-31,metro,45700.0,0.343,4.4,0,0.4,9900.0,37.8,1,0
APP02699,Emma Moore,946-89-8701,emma.moore396@example.com,4637 Maple Ave,91618,1970-08-31,metro,55700.0,0.108,6.9,0,0.2,26900.0,29.8,0,1
APP02700,Aisha Johnson,990-18-5866,aisha.johnson660@example.com,2078 Lakeview Blvd,91630,1954-05-26,metro,58400.0,0.388,22.6,0,,12200.0,53.5,1,0
APP02701,Maria Martinez,904-74-4656,maria.martinez177@example.com,1744 Cedar Ln,91550,1987-12-23,metro,126200.0,0.463,15.9,1,7.0,9900.0,35.0,0,1
APP02702,Alex Taylor,917-43-3529,alex.taylor402@example.com,5717 Elm Dr,91540,1976-06-23,metro,46400.0,0.333,21.1,0,2.5,25700.0,24.3,0,1
APP02703,Hiro Singh,967-19-3436,hiro.singh258@example.com,8973 Maple Ave,91053,1953-07-24,metro,134900.0,0.306,5.0,0,5.9,15700.0,40.8,0,1
APP02704,Chloe Chen,925-52-9391,chloe.chen64@example.com,3774 Hillcrest Way,90899,1965-10-27,metro,90900.0,0.285,8.6,1,5.7,29600.0,51.3,0,1
APP02705,Mateo Chen,953-61-4625,mateo.chen790@example.com,1538 Maple Ave,95981,1967-05-10,rural,41300.0,0.313,7.3,0,7.3,19300.0,63.8,0,1
APP02706,Alex Johnson,912-29-7875,alex.johnson259@example.com,4828 Hillcrest Way,91544,1980-03-24,metro,68700.0,0.18,5.1,0,2.7,18500.0,33.0,0,1
APP02707,Mateo Moore,993-11-1224,mateo.moore712@example.com,3272 Elm Dr,90853,1994-09-20,metro,53700.0,0.059,7.5,0,8.7,21300.0,37.4,0,1
APP02708,Grace Hernandez,927-78-1529,grace.hernandez51@example.com,6852 Hillcrest Way,96195,1964-03-14,rural,44400.0,0.387,3.6,0,1.9,26900.0,82.8,0,0
APP02709,Hiro Lopez,953-58-9244,hiro.lopez866@example.com,7906 Oak St,91059,1986-05-20,metro,135300.0,0.197,2.8,0,10.1,35000.0,32.6,1,1
APP02710,Grace Wilson,975-70-8408,grace.wilson150@example.com,5536 Hillcrest Way,96137,1958-04-17,rural,70700.0,0.395,11.5,0,2.4,11900.0,74.4,1,0
APP02711,Alex Lee,931-77-1288,alex.lee778@example.com,3647 Pine Rd,96169,1987-12-12,rural,54900.0,0.173,10.1,0,14.1,6300.0,78.1,0,1
APP02712,Carlos Wilson,922-34-5468,carlos.wilson532@example.com,5767 Maple Ave,91694,1972-03-02,metro,61500.0,0.47,10.2,0,2.3,27000.0,46.1,1,0
APP02713,Ravi Hernandez,968-56-7484,ravi.hernandez552@example.com,1404 Maple Ave,96132,1996-04-03,rural,61100.0,0.19,9.8,0,4.5,32600.0,81.6,0,1
APP02714,Grace Taylor,984-63-6589,grace.taylor29@example.com,7236 Elm Dr,91659,1972-04-19,metro,35400.0,0.576,34.2,1,3.1,28200.0,21.6,1,0
APP02715,Kevin Moore,952-55-8585,kevin.moore473@example.com,4557 Hillcrest Way,91394,1966-04-18,metro,37500.0,0.587,26.4,0,4.4,15200.0,48.7,1,0
APP02716,Kevin Moore,995-30-1750,kevin.moore817@example.com,5654 Hillcrest Way,90559,1975-02-06,metro,,0.219,3.3,1,6.6,27300.0,45.6,1,1
APP02717,Kevin Johnson,993-26-6193,kevin.johnson403@example.com,2068 Oak St,90954,1980-12-31,metro,73700.0,0.225,17.2,1,6.4,13400.0,35.8,0,1
APP02718,Carlos Davis,994-40-4075,carlos.davis483@example.com,6505 Elm Dr,90624,1962-05-12,metro,45900.0,0.261,19.8,0,4.6,10800.0,27.9,0,1
APP02719,Mateo Lopez,922-25-6614,mateo.lopez992@example.com,173 Hillcrest Way,90183,1973-05-26,metro,34400.0,0.43,13.7,1,,26700.0,30.6,1,0
APP02720,Alex Lee,959-17-9810,alex.lee491@example.com,5617 Maple Ave,91488,1954-06-13,metro,31200.0,0.345,17.2,0,9.5,30000.0,38.6,1,0
APP02721,Grace Wilson,925-63-9112,grace.wilson611@example.com,5985 Cedar Ln,96056,1970-09-08,rural,70500.0,0.516,4.7,2,14.8,10400.0,58.2,1,0
APP02722,James Singh,909-19-6060,james.singh658@example.com,2487 Cedar Ln,91589,1955-08-13,metro,68400.0,0.216,3.0,0,4.1,43400.0,49.3,0,1
APP02723,Grace Chen,944-88-3066,grace.chen480@example.com,336 Oak St,90890,1981-01-07,metro,46900.0,0.333,14.0,0,9.2,34600.0,42.1,0,1
APP02724,James Lee,953-86-5489,james.lee88@example.com,5364 Oak St,91267,1973-09-11,metro,46000.0,0.291,2.8,1,9.3,30500.0,47.8,1,0
APP02725,Maria Martinez,932-97-8693,maria.martinez581@example.com,7670 Elm Dr,91949,1951-09-08,metro,57700.0,0.416,3.6,0,9.7,32400.0,25.3,1,0
APP02726,Priya Moore,981-48-9922,priya.moore829@example.com,3767 Maple Ave,91506,1982-11-18,metro,52700.0,0.46,5.6,1,0.6,16900.0,35.1,1,0
APP02727,Fatima Chen,966-75-4562,fatima.chen706@example.com,6694 Cedar Ln,91930,1990-09-26,metro,32700.0,0.151,3.2,0,7.2,37000.0,34.7,0,1
APP02728,James Patel,948-91-3693,james.patel984@example.com,4178 Hillcrest Way,91632,1983-04-05,metro,82700.0,0.332,7.4,0,7.7,22300.0,24.3,0,1
APP02729,Carlos Taylor,913-54-4853,carlos.taylor472@example.com,6020 Oak St,95966,1969-06-21,rural,42500.0,0.136,15.9,0,7.1,17900.0,78.5,0,1
APP02730,Fatima Kim,901-89-3651,fatima.kim796@example.com,9918 Lakeview Blvd,90039,1953-01-15,metro,64100.0,0.347,7.2,2,5.3,21900.0,45.2,1,0
APP02731,Carlos Garcia,999-39-1619,carlos.garcia468@example.com,4158 Pine Rd,95902,1995-11-08,rural,48200.0,0.387,10.0,0,5.5,23000.0,86.5,1,0
APP02732,Carlos Ramirez,943-54-3036,carlos.ramirez93@example.com,7610 Lakeview Blvd,90655,1975-03-09,metro,63600.0,0.447,6.1,0,3.2,25200.0,35.9,0,1
APP02733,Noah Davis,982-69-8454,noah.davis633@example.com,1969 Lakeview Blvd,91766,1995-01-31,metro,44400.0,0.467,6.5,0,5.7,14100.0,20.6,1,0
APP02734,Sofia Ramirez,932-34-5805,sofia.ramirez969@example.com,8412 Maple Ave,96030,1991-02-25,rural,54500.0,0.366,6.8,1,2.2,27600.0,75.6,1,0
APP02735,Daniel Nguyen,913-42-7033,daniel.nguyen323@example.com,5652 Pine Rd,91364,1974-04-09,metro,98100.0,0.212,3.3,2,13.8,26400.0,29.5,0,1
APP02736,Kevin Patel,919-10-9799,kevin.patel410@example.com,2223 Hillcrest Way,95978,1952-11-06,rural,38500.0,0.303,7.9,0,6.1,19700.0,69.1,1,0
APP02737,Ravi Davis,964-49-7607,ravi.davis224@example.com,9942 Pine Rd,96010,1972-02-13,rural,70200.0,0.318,4.9,0,9.0,5800.0,85.5,1,0
APP02738,Maria Patel,919-21-3628,maria.patel451@example.com,7419 Hillcrest Way,91147,1990-04-20,metro,54600.0,0.194,17.1,0,1.8,24600.0,36.4,0,1
APP02739,Grace Kim,959-99-2333,grace.kim381@example.com,2788 Maple Ave,90537,1950-10-30,metro,86300.0,0.22,15.8,0,11.3,19600.0,38.6,0,1
APP02740,Mateo Davis,991-58-2784,mateo.davis822@example.com,1992 Lakeview Blvd,90929,1986-05-19,metro,29800.0,0.329,2.5,0,2.9,13600.0,24.4,1,0
APP02741,Kevin Chen,974-68-5689,kevin.chen992@example.com,2984 Hillcrest Way,96184,1983-03-27,rural,36400.0,0.371,15.9,0,4.3,41800.0,60.1,0,0
APP02742,Noah Lee,972-35-8416,noah.lee126@example.com,2749 Pine Rd,90125,1986-07-11,metro,67200.0,0.298,4.8,0,8.2,16800.0,25.1,0,1
APP02743,Noah Garcia,926-25-6749,noah.garcia470@example.com,6871 Pine Rd,91946,1999-06-11,metro,68800.0,0.12,6.1,1,,24500.0,22.6,0,1
APP02744,Olivia Nguyen,953-15-1177,olivia.nguyen112@example.com,848 Cedar Ln,91522,1964-08-20,metro,53200.0,0.245,5.3,0,11.3,14800.0,27.1,0,1
APP02745,Sofia Davis,920-65-9229,sofia.davis559@example.com,2086 Hillcrest Way,91846,1966-01-08,metro,59100.0,0.308,15.1,0,3.0,18600.0,42.5,0,1
APP02746,Sofia Hernandez,994-65-7848,sofia.hernandez201@example.com,5505 Lakeview Blvd,95994,1956-02-13,rural,40600.0,0.343,5.4,0,1.8,8000.0,73.2,0,1
APP02747,Carlos Brown,934-92-4104,carlos.brown222@example.com,8585 Maple Ave,90814,1983-04-01,metro,63800.0,0.51,6.9,1,8.0,32600.0,34.9,1,0
APP02748,James Taylor,922-64-2268,james.taylor91@example.com,2027 Hillcrest Way,91019,1973-06-24,metro,89600.0,0.332,13.1,2,2.0,20000.0,32.1,0,1
APP02749,Omar Clark,951-69-7365,omar.clark592@example.com,7489 Cedar Ln,91237,1994-08-16,metro,68800.0,0.02,7.3,1,5.9,17400.0,43.9,0,1
APP02750,Fatima Chen,990-99-1517,fatima.chen335@example.com,130 Pine Rd,91078,1960-06-25,metro,58200.0,0.24,10.6,0,,11500.0,43.2,0,1
APP02751,Maria Martinez,901-13-7424,maria.martinez814@example.com,1688 Oak St,91437,1979-11-01,metro,61300.0,0.444,9.8,0,10.7,21700.0,33.3,0,1
APP02752,Kevin Kim,941-43-7384,kevin.kim362@example.com,5680 Pine Rd,91255,1981-07-21,metro,119400.0,0.418,10.4,0,4.9,18500.0,25.4,0,1
APP02753,Sofia Wilson,968-39-1059,sofia.wilson799@example.com,3234 Hillcrest Way,90556,1970-08-02,metro,74500.0,0.02,16.0,0,,24800.0,39.5,0,1
APP02754,Chloe Johnson,925-15-1968,chloe.johnson283@example.com,9145 Hillcrest Way,91674,1996-03-26,metro,39700.0,0.444,12.2,1,25.7,31100.0,46.3,1,0
APP02755,Grace Garcia,993-65-1072,grace.garcia45@example.com,5771 Pine Rd,95942,1984-11-15,rural,57800.0,0.265,10.2,0,5.0,27900.0,73.3,0,1
APP02756,Olivia Chen,904-64-6945,olivia.chen284@example.com,854 Cedar Ln,91022,1975-01-19,metro,86500.0,0.236,15.8,0,25.6,10700.0,38.5,0,1
APP02757,Daniel Lopez,910-23-7993,daniel.lopez459@example.com,4767 Pine Rd,96019,1972-06-15,rural,47300.0,0.433,22.2,0,2.8,30500.0,78.4,1,0
APP02758,Sofia Hernandez,986-23-8589,sofia.hernandez127@example.com,4381 Lakeview Blvd,90750,1958-09-02,metro,50500.0,0.181,9.0,0,12.8,19800.0,25.7,0,1
APP02759,Olivia Garcia,900-42-8776,olivia.garcia583@example.com,7410 Cedar Ln,90394,1951-02-13,metro,60000.0,0.297,5.4,1,13.8,2000.0,20.5,0,1
APP02760,Olivia Ali,926-61-8234,olivia.ali448@example.com,8523 Elm Dr,90278,1996-02-17,metro,79200.0,0.348,5.8,1,21.3,21600.0,53.9,0,1
APP02761,Fatima Wilson,989-78-7561,fatima.wilson12@example.com,9719 Hillcrest Way,91987,1961-10-14,metro,59000.0,0.463,4.4,0,3.2,34400.0,43.0,0,1
APP02762,Carlos Nguyen,973-41-1132,carlos.nguyen586@example.com,2814 Pine Rd,95935,1952-12-27,rural,68600.0,0.406,5.5,0,2.2,16700.0,83.8,1,0
APP02763,Fatima Kim,932-28-7174,fatima.kim832@example.com,8999 Pine Rd,91024,1950-08-07,metro,28100.0,0.292,12.8,0,5.0,25600.0,17.6,1,0
APP02764,Ravi Nguyen,920-87-6150,ravi.nguyen918@example.com,229 Oak St,90974,1952-02-02,metro,86500.0,0.362,9.8,0,15.5,26600.0,36.9,0,1
APP02765,Emma Hernandez,988-88-3373,emma.hernandez572@example.com,242 Oak St,95984,1993-02-26,rural,109500.0,0.091,6.1,1,0.9,23000.0,74.8,0,1
APP02766,Carlos Davis,991-93-7393,carlos.davis185@example.com,4300 Maple Ave,90216,1955-03-01,metro,50800.0,0.15,13.0,0,1.4,29900.0,28.3,0,1
APP02767,Ravi Smith,919-48-7632,ravi.smith693@example.com,4835 Cedar Ln,96048,1962-01-18,rural,48600.0,0.369,7.1,0,8.9,24800.0,77.4,1,0
APP02768,James Chen,900-37-2621,james.chen773@example.com,3737 Maple Ave,90854,1981-01-02,metro,66800.0,0.307,7.9,0,5.6,29900.0,42.9,0,0
APP02769,Alex Ali,932-97-4729,alex.ali534@example.com,8362 Oak St,91897,1979-07-31,metro,100500.0,0.258,6.7,0,2.4,26800.0,45.8,0,1
APP02770,Kevin Ramirez,924-22-1887,kevin.ramirez648@example.com,6223 Elm Dr,90340,1999-03-19,metro,72000.0,0.446,9.3,0,6.7,26500.0,37.0,0,1
APP02771,Priya Lopez,954-51-1543,priya.lopez148@example.com,2823 Cedar Ln,96124,1957-11-24,rural,37400.0,0.208,3.2,1,10.1,24900.0,75.7,1,0
APP02772,Aisha Clark,941-70-2594,aisha.clark219@example.com,8985 Elm Dr,90750,1973-08-24,metro,48900.0,0.371,3.2,1,15.2,36100.0,45.6,1,0
APP02773,Hiro Smith,957-52-5099,hiro.smith673@example.com,9135 Elm Dr,96154,1965-07-21,rural,62400.0,0.453,9.4,0,6.2,25300.0,79.8,0,1
APP02774,Carlos Nguyen,988-61-4338,carlos.nguyen294@example.com,7036 Elm Dr,91237,1973-02-20,metro,45100.0,0.225,8.3,1,1.9,19600.0,32.8,1,0
APP02775,Hiro Wilson,961-70-8030,hiro.wilson993@example.com,6775 Oak St,91084,1977-12-26,metro,74000.0,0.174,1.9,0,4.9,10200.0,23.1,0,1
APP02776,Daniel Ramirez,975-35-3333,daniel.ramirez911@example.com,4681 Elm Dr,90791,1960-05-10,metro,80500.0,0.125,5.9,1,,26400.0,48.6,0,1
APP02777,James Martinez,939-34-5264,james.martinez699@example.com,8003 Elm Dr,96065,1974-10-29,rural,66500.0,0.304,17.5,0,10.1,14400.0,76.0,1,0
APP02778,Emma Wilson,971-49-2950,emma.wilson232@example.com,7997 Lakeview Blvd,91136,1951-08-13,metro,55200.0,0.143,7.4,1,1.5,6400.0,26.1,0,1
APP02779,Emma Patel,975-83-6422,emma.patel322@example.com,9229 Cedar Ln,90577,1957-11-03,metro,84400.0,0.335,8.7,0,6.6,26900.0,43.4,0,1
APP02780,Noah Kim,903-34-2684,noah.kim747@example.com,8161 Cedar Ln,95906,1951-12-25,rural,65100.0,0.294,3.9,0,5.0,18300.0,78.5,1,0
APP02781,Maria Moore,964-61-3379,maria.moore645@example.com,4429 Elm Dr,90717,1965-12-06,metro,81700.0,0.329,16.2,0,14.7,19800.0,52.8,0,1
APP02782,Carlos Martinez,954-35-1298,carlos.martinez437@example.com,233 Elm Dr,96049,1991-05-23,rural,74400.0,0.6,21.4,1,2.6,5800.0,67.3,1,0
APP02783,Omar Taylor,988-95-2128,omar.taylor491@example.com,301 Lakeview Blvd,91797,1972-01-19,metro,88100.0,0.397,17.6,0,1.4,20500.0,29.6,0,1
APP02784,Grace Lopez,957-23-3975,grace.lopez500@example.com,7965 Cedar Ln,91985,1957-04-22,metro,52200.0,0.104,7.2,1,3.0,15800.0,46.1,0,1
APP02785,Olivia Lopez,990-57-1094,olivia.lopez466@example.com,4245 Cedar Ln,91575,1959-06-13,metro,42900.0,0.404,1.8,1,7.2,14500.0,42.4,1,0
APP02786,Ravi Clark,902-40-8444,ravi.clark773@example.com,6024 Hillcrest Way,91355,1964-02-14,metro,54100.0,0.269,20.7,0,17.0,30200.0,42.1,0,1
APP02787,Alex Lopez,996-89-2368,alex.lopez979@example.com,3816 Hillcrest Way,96109,1964-03-14,rural,52000.0,0.3,12.2,1,5.4,19700.0,70.5,1,0
APP02788,Maria Garcia,923-11-9992,maria.garcia534@example.com,4476 Oak St,91527,1980-03-27,metro,37600.0,0.447,6.5,1,8.5,20600.0,34.2,1,0
APP02789,Omar Smith,945-21-8626,omar.smith862@example.com,2983 Maple Ave,91299,1978-07-20,metro,70200.0,0.59,13.9,0,9.2,28900.0,42.0,1,0
APP02790,Maria Moore,910-22-5012,maria.moore636@example.com,8093 Lakeview Blvd,90850,1967-10-20,metro,87500.0,0.238,10.2,0,11.8,14500.0,41.5,0,1
APP02791,Linh Clark,935-48-4067,linh.clark840@example.com,8543 Elm Dr,95996,1953-10-22,rural,45100.0,0.29,14.5,0,21.1,26400.0,69.1,1,0
APP02792,Olivia Smith,925-36-4126,olivia.smith94@example.com,7073 Hillcrest Way,91683,1979-11-18,metro,48300.0,0.263,5.7,1,1.2,23900.0,46.3,0,0
APP02793,Kevin Wilson,995-82-9160,kevin.wilson433@example.com,9439 Cedar Ln,91070,1951-04-10,metro,46600.0,0.542,4.1,1,1.0,14800.0,46.8,1,0
APP02794,Hiro Garcia,969-86-3148,hiro.garcia124@example.com,182 Hillcrest Way,91078,1955-07-04,metro,63900.0,0.494,7.6,0,8.6,28300.0,31.2,1,0
APP02795,James Clark,965-67-7583,james.clark428@example.com,3122 Pine Rd,90629,1957-03-21,metro,118900.0,0.125,13.3,1,10.3,23100.0,41.0,0,1
APP02796,Linh Garcia,916-97-9222,linh.garcia414@example.com,1725 Maple Ave,91315,1989-02-04,metro,48300.0,0.355,9.0,1,5.5,24400.0,44.1,1,0
APP02797,James Ali,926-33-7437,james.ali968@example.com,3802 Elm Dr,96084,1993-05-07,rural,64900.0,0.424,2.5,2,4.8,31300.0,60.8,1,0
APP02798,Linh Taylor,929-64-2176,linh.taylor582@example.com,4814 Elm Dr,90174,1995-04-25,metro,77000.0,0.363,10.7,0,6.7,24300.0,20.8,0,1
APP02799,Noah Chen,954-28-6405,noah.chen732@example.com,5902 Pine Rd,91901,1950-11-25,metro,50600.0,0.134,7.3,0,7.4,36500.0,16.7,0,0
APP02800,Emma Moore,902-31-3728,emma.moore940@example.com,8062 Oak St,91523,1981-12-10,metro,,0.547,0.2,0,2.7,30900.0,39.4,1,0
APP02801,Omar Kim,961-18-4549,omar.kim400@example.com,4816 Oak St,96086,1953-06-08,rural,42800.0,0.318,9.6,1,7.8,22700.0,76.1,1,0
APP02802,Ravi Patel,916-58-9794,ravi.patel14@example.com,6374 Elm Dr,91394,1985-12-22,metro,53700.0,0.483,10.9,0,9.9,27300.0,24.8,1,0
APP02803,Maria Ali,965-15-7413,maria.ali224@example.com,8882 Hillcrest Way,90519,1953-11-18,metro,62700.0,0.158,10.9,0,4.4,19000.0,41.6,0,1
APP02804,Sofia Taylor,912-30-1945,sofia.taylor876@example.com,4801 Lakeview Blvd,90901,1986-11-17,metro,61300.0,0.401,12.8,0,13.9,35400.0,23.3,1,0
APP02805,Kevin Smith,900-39-3025,kevin.smith28@example.com,100 Cedar Ln,91685,1985-03-27,metro,47500.0,0.485,6.3,1,2.8,32200.0,41.6,1,0
APP02806,Noah Nguyen,900-28-9463,noah.nguyen779@example.com,1490 Pine Rd,91445,1965-03-23,metro,69200.0,0.293,10.1,0,,25800.0,31.5,0,1
APP02807,Linh Nguyen,936-78-9539,linh.nguyen955@example.com,9226 Maple Ave,91178,1962-11-03,metro,66900.0,0.164,10.7,0,3.4,15000.0,48.0,0,1
APP02808,Alex Kim,970-47-1723,alex.kim389@example.com,6281 Oak St,91643,1997-02-02,metro,41200.0,0.306,10.0,0,5.7,22200.0,49.0,1,0
APP02809,Hiro Wilson,970-28-5429,hiro.wilson658@example.com,8112 Pine Rd,90359,1955-02-18,metro,67200.0,0.455,4.3,1,12.3,22400.0,40.3,1,0
APP02810,Hiro Singh,945-76-5386,hiro.singh762@example.com,9508 Hillcrest Way,91053,1988-08-11,metro,49700.0,0.095,1.6,0,12.0,10200.0,41.1,0,1
APP02811,Sofia Smith,906-85-5819,sofia.smith286@example.com,1093 Cedar Ln,95937,1972-10-15,rural,66900.0,0.299,5.8,0,5.0,36300.0,75.4,1,0
APP02812,Omar Lopez,940-61-7260,omar.lopez204@example.com,5849 Pine Rd,90075,1988-05-23,metro,59100.0,0.186,9.3,0,6.6,24600.0,27.5,1,0
APP02813,Carlos Singh,993-17-4232,carlos.singh494@example.com,5330 Hillcrest Way,90939,1967-05-01,metro,58100.0,0.39,7.7,1,4.4,15600.0,41.2,0,1
APP02814,Mateo Johnson,957-23-7768,mateo.johnson888@example.com,3113 Lakeview Blvd,91735,1961-07-24,metro,47400.0,0.358,10.8,0,9.8,22000.0,20.8,1,0
APP02815,Omar Lopez,981-42-9366,omar.lopez63@example.com,5738 Maple Ave,90350,1967-05-29,metro,75200.0,0.335,10.5,1,7.3,18100.0,38.4,0,1
APP02816,Mateo Martinez,954-44-3766,mateo.martinez3@example.com,5812 Elm Dr,91297,1983-06-28,metro,41300.0,0.505,5.4,1,3.0,25300.0,45.5,1,0
APP02817,Daniel Ramirez,925-22-6209,daniel.ramirez524@example.com,5775 Pine Rd,91385,1953-05-03,metro,86000.0,0.216,9.8,0,3.7,28000.0,32.3,0,1
APP02818,Emma Patel,984-62-1821,emma.patel51@example.com,7821 Pine Rd,91268,1956-05-28,metro,131100.0,0.26,19.1,1,8.6,21800.0,27.5,0,1
APP02819,Linh Nguyen,913-85-4458,linh.nguyen173@example.com,3498 Cedar Ln,91020,1959-08-11,metro,44600.0,0.379,13.7,0,7.9,24100.0,35.5,1,0
APP02820,Alex Nguyen,926-80-6468,alex.nguyen535@example.com,2246 Cedar Ln,95981,1952-10-01,rural,104900.0,0.452,12.5,0,7.2,4200.0,67.2,1,0
APP02821,Grace Ramirez,958-58-7234,grace.ramirez268@example.com,6945 Maple Ave,90457,1999-08-01,metro,48800.0,0.248,5.3,1,17.2,15100.0,36.3,0,1
APP02822,James Kim,947-90-7761,james.kim441@example.com,4383 Elm Dr,96123,1960-12-07,rural,79300.0,0.361,7.7,0,8.3,14600.0,69.0,1,0
APP02823,Hiro Taylor,953-97-1259,hiro.taylor88@example.com,9826 Oak St,95924,1993-12-27,rural,97700.0,0.371,9.0,0,7.5,26400.0,85.8,0,1
APP02824,Kevin Lopez,966-84-1872,kevin.lopez567@example.com,5480 Oak St,91728,1981-07-14,metro,71000.0,0.39,15.9,0,1.6,14000.0,31.6,0,1
APP02825,Carlos Singh,992-27-1809,carlos.singh983@example.com,4969 Lakeview Blvd,96046,1976-01-28,rural,64600.0,0.261,7.5,2,8.8,34000.0,79.3,1,0
APP02826,Noah Martinez,956-72-7185,noah.martinez471@example.com,382 Cedar Ln,90916,1999-05-01,metro,45800.0,0.28,3.2,0,7.2,5600.0,34.7,0,1
APP02827,Hiro Ali,980-35-6858,hiro.ali172@example.com,9312 Elm Dr,91730,1994-05-21,metro,33200.0,0.24,22.0,1,7.5,37500.0,33.4,0,0
APP02828,Priya Kim,964-52-7721,priya.kim935@example.com,6715 Elm Dr,91053,1991-02-16,metro,46300.0,0.349,7.9,1,6.3,5900.0,29.5,1,0
APP02829,Emma Lee,978-69-8760,emma.lee824@example.com,7096 Pine Rd,90451,1959-09-12,metro,38100.0,0.121,1.5,2,11.4,29000.0,23.3,0,1
APP02830,Sofia Ramirez,927-12-8738,sofia.ramirez218@example.com,9234 Maple Ave,90531,1952-11-20,metro,46200.0,0.377,14.4,0,1.9,23100.0,29.6,1,0
APP02831,Aisha Singh,906-77-7740,aisha.singh329@example.com,2444 Elm Dr,96068,1968-01-10,rural,52400.0,0.422,11.9,0,7.6,18700.0,63.7,1,0
APP02832,Emma Johnson,912-30-2606,emma.johnson480@example.com,8921 Elm Dr,96109,1963-03-09,rural,70400.0,0.39,19.6,1,6.8,22200.0,78.1,0,0
APP02833,Kevin Chen,942-68-6963,kevin.chen169@example.com,8449 Hillcrest Way,90570,1977-04-29,metro,68600.0,0.246,7.9,1,3.5,11200.0,31.9,0,1
APP02834,Mateo Davis,945-18-8302,mateo.davis589@example.com,7222 Lakeview Blvd,91948,1977-03-10,metro,96600.0,0.301,11.6,0,3.1,26200.0,25.1,0,1
APP02835,Omar Patel,917-84-7757,omar.patel284@example.com,6284 Lakeview Blvd,90721,1977-05-29,metro,94100.0,0.142,6.2,0,4.9,17800.0,36.5,0,1
APP02836,Noah Johnson,957-93-9290,noah.johnson496@example.com,7789 Elm Dr,90252,1988-08-20,metro,121200.0,0.341,5.3,1,8.8,23200.0,21.8,0,1
APP02837,Kevin Singh,913-81-7867,kevin.singh646@example.com,6067 Cedar Ln,91203,1980-08-05,metro,55100.0,0.255,12.1,1,1.7,17600.0,30.0,0,1
APP02838,James Johnson,994-49-4501,james.johnson349@example.com,94 Elm Dr,91163,1978-04-19,metro,64700.0,0.339,2.0,0,4.4,9400.0,38.1,0,0
APP02839,Hiro Brown,987-10-2483,hiro.brown177@example.com,1773 Hillcrest Way,90516,2001-11-21,metro,98000.0,0.225,5.0,0,5.7,23200.0,39.9,0,1
APP02840,Daniel Taylor,962-37-1596,daniel.taylor297@example.com,8657 Elm Dr,90237,1979-08-05,metro,57400.0,0.463,13.1,0,5.0,12700.0,34.0,1,0
APP02841,Chloe Taylor,923-53-1416,chloe.taylor320@example.com,9990 Lakeview Blvd,96124,1988-06-11,rural,35500.0,0.444,12.1,0,5.5,24300.0,50.3,1,0
APP02842,Aisha Chen,947-76-6200,aisha.chen263@example.com,6756 Maple Ave,95909,1996-01-09,rural,91500.0,0.307,6.6,0,7.3,16300.0,72.4,0,1
APP02843,Emma Lopez,965-36-3756,emma.lopez692@example.com,5430 Cedar Ln,96075,1990-12-03,rural,69700.0,0.255,8.3,0,5.3,35700.0,77.0,1,0
APP02844,Aisha Kim,985-43-7164,aisha.kim420@example.com,7675 Hillcrest Way,90043,1983-03-07,metro,42200.0,0.43,3.5,0,4.7,9100.0,37.0,1,0
APP02845,Aisha Ramirez,913-14-8328,aisha.ramirez342@example.com,6363 Pine Rd,96179,1970-06-20,rural,63800.0,0.161,10.3,0,4.4,18100.0,76.1,0,1
APP02846,Sofia Lopez,937-76-1600,sofia.lopez709@example.com,2544 Lakeview Blvd,96167,1985-11-02,rural,48200.0,0.28,8.2,1,5.6,20500.0,66.4,1,0
APP02847,Sofia Moore,918-78-6817,sofia.moore816@example.com,3154 Lakeview Blvd,90756,1959-04-03,metro,82800.0,0.319,14.3,0,11.1,16400.0,28.0,0,1
APP02848,Olivia Ali,956-67-2565,olivia.ali368@example.com,718 Pine Rd,96182,1959-12-28,rural,63000.0,0.041,9.5,0,5.0,6700.0,82.8,0,1
APP02849,Omar Davis,959-83-5341,omar.davis661@example.com,3224 Elm Dr,90038,1996-02-05,metro,82600.0,0.219,2.0,0,6.8,25700.0,41.2,0,1
APP02850,Linh Singh,957-37-7740,linh.singh784@example.com,8656 Maple Ave,96023,1996-02-01,rural,33500.0,0.471,12.1,0,6.1,30700.0,68.8,1,0
APP02851,Fatima Lopez,949-99-4785,fatima.lopez935@example.com,6476 Hillcrest Way,91425,1957-09-08,metro,90300.0,0.457,12.5,0,5.8,19000.0,46.9,0,1
APP02852,Kevin Patel,992-26-8722,kevin.patel517@example.com,3269 Hillcrest Way,90233,1992-03-08,metro,56800.0,0.495,11.4,1,3.6,8500.0,41.0,1,0
APP02853,Fatima Davis,917-47-9015,fatima.davis840@example.com,5856 Hillcrest Way,90250,1964-05-12,metro,74000.0,0.316,7.7,0,6.5,28000.0,36.9,0,1
APP02854,Linh Nguyen,993-88-6054,linh.nguyen584@example.com,738 Pine Rd,95933,1966-10-19,rural,93000.0,0.382,4.0,1,4.2,31400.0,73.3,1,0
APP02855,Chloe Davis,982-49-4207,chloe.davis810@example.com,4388 Oak St,90498,1981-05-18,metro,69000.0,0.379,11.7,2,1.6,25100.0,43.5,0,1
APP02856,Omar Martinez,924-78-8470,omar.martinez945@example.com,6950 Oak St,91447,1977-08-10,metro,47700.0,0.344,7.1,0,,18700.0,38.8,0,1
APP02857,Noah Nguyen,907-13-3033,noah.nguyen314@example.com,7005 Lakeview Blvd,95976,1996-07-07,rural,64500.0,0.128,5.3,1,6.4,20100.0,70.0,0,1
APP02858,Carlos Patel,941-74-7310,carlos.patel255@example.com,6069 Pine Rd,91706,1972-07-27,metro,36000.0,0.267,7.6,0,4.2,27500.0,10.1,1,0
APP02859,Emma Taylor,949-18-1221,emma.taylor491@example.com,6820 Hillcrest Way,95917,1988-06-16,rural,84300.0,0.3,9.5,0,8.9,17500.0,80.0,1,0
APP02860,Linh Lee,923-29-3614,linh.lee531@example.com,7474 Hillcrest Way,91878,1950-05-14,metro,33400.0,0.229,5.0,0,9.8,33100.0,53.0,0,1
APP02861,Noah Chen,986-73-5535,noah.chen493@example.com,2129 Elm Dr,91446,1954-03-19,metro,42200.0,0.355,11.0,2,7.5,22100.0,28.9,1,0
APP02862,Hiro Johnson,978-64-7501,hiro.johnson485@example.com,1980 Oak St,91616,1987-02-06,metro,118800.0,0.372,5.6,0,1.9,19400.0,33.8,0,1
APP02863,Mateo Patel,934-25-1590,mateo.patel746@example.com,18 Cedar Ln,90004,1962-09-19,metro,66500.0,0.58,11.8,0,3.0,11900.0,41.9,1,0
APP02864,Grace Smith,926-50-5267,grace.smith338@example.com,7922 Oak St,91680,1955-02-07,metro,60500.0,0.424,10.7,1,9.1,19200.0,55.1,1,0
APP02865,Hiro Taylor,937-42-7799,hiro.taylor811@example.com,8850 Pine Rd,95998,1991-10-08,rural,45500.0,0.398,7.3,0,0.6,15700.0,69.8,1,0
APP02866,Grace Garcia,907-36-5295,grace.garcia718@example.com,588 Hillcrest Way,90797,1958-08-30,metro,78000.0,0.325,10.2,0,6.7,21900.0,13.8,0,1
APP02867,Maria Clark,924-40-7113,maria.clark324@example.com,731 Elm Dr,96184,1994-08-12,rural,136500.0,0.424,9.3,0,5.9,8600.0,69.1,0,1
APP02868,Olivia Wilson,929-45-3479,olivia.wilson68@example.com,8789 Hillcrest Way,90608,1963-09-14,metro,31500.0,0.431,11.0,0,4.2,21400.0,33.6,0,0
APP02869,James Ramirez,987-49-3020,james.ramirez819@example.com,1199 Lakeview Blvd,91494,1994-05-26,metro,60900.0,0.479,6.1,2,7.6,22800.0,44.7,1,0
APP02870,Fatima Lee,940-71-3334,fatima.lee39@example.com,1031 Lakeview Blvd,91002,1996-06-30,metro,55700.0,0.521,7.5,0,5.5,31700.0,39.3,0,1
APP02871,Carlos Wilson,908-68-9273,carlos.wilson197@example.com,7915 Cedar Ln,90823,1993-10-11,metro,,0.262,9.1,0,7.6,44600.0,33.7,0,1
APP02872,Fatima Brown,938-37-1149,fatima.brown897@example.com,4228 Hillcrest Way,91753,1983-10-17,metro,34600.0,0.417,14.2,2,8.0,10400.0,32.0,0,0
APP02873,Ravi Moore,972-56-2246,ravi.moore355@example.com,6075 Pine Rd,96005,1968-08-22,rural,101200.0,0.306,15.0,1,7.8,24800.0,74.7,0,0
APP02874,Aisha Taylor,952-62-4343,aisha.taylor678@example.com,5132 Lakeview Blvd,96081,1984-01-05,rural,42300.0,0.45,13.8,0,,5900.0,81.0,1,0
APP02875,Fatima Ali,933-37-5184,fatima.ali990@example.com,7659 Hillcrest Way,96027,1984-11-14,rural,65200.0,0.17,2.6,0,10.6,23000.0,79.9,1,0
APP02876,Emma Lee,969-75-3949,emma.lee724@example.com,9347 Hillcrest Way,91574,1999-06-09,metro,74400.0,0.435,7.9,0,3.9,24000.0,34.7,0,1
APP02877,Fatima Davis,998-58-8286,fatima.davis778@example.com,5588 Hillcrest Way,91570,1995-07-31,metro,45200.0,0.369,9.2,2,3.4,32200.0,20.7,1,0
APP02878,Chloe Ali,914-44-8000,chloe.ali299@example.com,5664 Cedar Ln,95928,1971-10-04,rural,82200.0,0.435,11.8,0,1.3,7800.0,79.1,1,0
APP02879,Sofia Johnson,956-39-1340,sofia.johnson277@example.com,3361 Hillcrest Way,96121,1998-01-02,rural,106900.0,0.254,7.3,1,8.3,30300.0,73.2,1,1
APP02880,Fatima Kim,950-56-6441,fatima.kim723@example.com,4790 Elm Dr,90891,1983-12-19,metro,67000.0,0.181,4.8,2,5.2,7500.0,34.0,0,1
APP02881,Olivia Johnson,910-64-6169,olivia.johnson605@example.com,7238 Lakeview Blvd,90788,1975-04-30,metro,24500.0,0.501,12.6,1,12.8,27900.0,27.1,1,0
APP02882,Omar Moore,989-72-6895,omar.moore881@example.com,6980 Elm Dr,90078,1962-10-07,metro,65100.0,0.02,11.1,0,5.1,22500.0,53.0,1,1
APP02883,Emma Moore,928-96-6323,emma.moore272@example.com,9041 Lakeview Blvd,90741,1959-11-18,metro,57800.0,0.198,18.1,2,1.9,26600.0,33.9,0,1
APP02884,Linh Patel,984-36-4955,linh.patel47@example.com,3048 Hillcrest Way,91679,1981-02-06,metro,42300.0,0.574,18.0,0,0.9,22500.0,43.5,1,0
APP02885,Priya Davis,992-34-9317,priya.davis221@example.com,9218 Maple Ave,96016,1966-05-08,rural,,0.362,7.0,2,21.2,13600.0,72.7,0,1
APP02886,Emma Patel,991-92-6910,emma.patel315@example.com,8278 Lakeview Blvd,96141,1965-11-09,rural,46000.0,0.391,6.0,2,8.5,21100.0,68.3,1,0
APP02887,Grace Chen,903-15-9248,grace.chen164@example.com,286 Pine Rd,96080,1998-07-26,rural,35200.0,0.53,20.7,1,4.4,28000.0,79.7,1,0
APP02888,Mateo Moore,992-44-1734,mateo.moore36@example.com,2441 Maple Ave,90079,1969-03-31,metro,69100.0,0.284,11.4,0,1.4,28200.0,31.4,0,1
APP02889,Fatima Clark,924-97-4808,fatima.clark558@example.com,179 Lakeview Blvd,95956,1998-07-03,rural,31900.0,0.399,5.8,0,1.6,21000.0,79.3,1,0
APP02890,Priya Taylor,995-81-9382,priya.taylor895@example.com,1714 Oak St,96047,1988-11-07,rural,38100.0,0.457,9.6,0,1.8,11700.0,63.9,1,0
APP02891,Mateo Chen,907-12-3293,mateo.chen10@example.com,5078 Lakeview Blvd,96181,1969-03-28,rural,67200.0,0.066,6.2,0,3.5,18200.0,56.9,0,1
APP02892,James Johnson,935-56-8732,james.johnson52@example.com,5472 Cedar Ln,91670,1998-12-03,metro,57700.0,0.48,5.5,1,5.6,35300.0,37.6,1,0
APP02893,Olivia Johnson,961-74-7191,olivia.johnson867@example.com,1578 Lakeview Blvd,91424,1961-03-02,metro,53600.0,0.125,18.1,0,7.1,3900.0,27.8,0,1
APP02894,Ravi Wilson,919-77-7936,ravi.wilson743@example.com,3093 Cedar Ln,91648,1996-12-06,metro,43800.0,0.202,7.4,0,6.4,36600.0,34.0,0,0
APP02895,Aisha Clark,921-54-3142,aisha.clark799@example.com,2247 Elm Dr,90250,1987-08-16,metro,60300.0,0.205,13.5,0,6.2,12700.0,48.6,0,1
APP02896,Fatima Kim,993-56-6837,fatima.kim248@example.com,7397 Pine Rd,90980,1956-05-02,metro,44400.0,0.578,6.0,1,2.3,21700.0,36.9,0,0
APP02897,James Nguyen,911-83-9765,james.nguyen456@example.com,5979 Pine Rd,90369,1957-12-01,metro,85800.0,0.486,3.2,1,2.4,16600.0,25.2,1,0
APP02898,Alex Martinez,948-45-2568,alex.martinez577@example.com,1616 Lakeview Blvd,90877,1982-06-16,metro,45500.0,0.21,8.7,0,0.9,28600.0,33.4,0,1
APP02899,Fatima Johnson,953-17-6963,fatima.johnson392@example.com,5372 Maple Ave,90246,1991-09-24,metro,64100.0,0.167,17.7,2,19.3,13400.0,28.4,0,1
APP02900,Sofia Lopez,913-91-3908,sofia.lopez916@example.com,1550 Cedar Ln,91757,2000-11-16,metro,58700.0,0.159,4.9,1,12.3,30400.0,32.5,0,1
APP02901,Ravi Smith,988-86-6921,ravi.smith689@example.com,8083 Maple Ave,90740,1966-06-15,metro,58000.0,0.394,12.3,0,3.9,20100.0,26.4,0,1
APP02902,Kevin Patel,902-85-7157,kevin.patel591@example.com,2358 Cedar Ln,95952,1971-12-23,rural,39700.0,0.375,8.0,0,3.7,2000.0,57.7,1,0
APP02903,Linh Clark,948-91-8091,linh.clark279@example.com,5573 Cedar Ln,90862,2000-10-29,metro,34800.0,0.234,10.1,1,8.6,26700.0,40.0,1,0
APP02904,Emma Clark,912-99-3246,emma.clark424@example.com,2405 Oak St,90312,1990-06-20,metro,59700.0,0.116,6.4,0,4.5,17400.0,47.4,0,1
APP02905,Daniel Moore,957-45-1789,daniel.moore372@example.com,945 Cedar Ln,90798,1986-05-31,metro,77800.0,0.387,13.4,0,15.3,16800.0,31.2,1,1
APP02906,Kevin Ali,925-24-2435,kevin.ali526@example.com,4605 Cedar Ln,91912,1953-02-06,metro,80700.0,0.327,17.4,3,,35800.0,32.0,0,1
APP02907,Chloe Garcia,993-96-1184,chloe.garcia243@example.com,8869 Hillcrest Way,96125,1974-11-18,rural,51900.0,0.163,10.6,0,5.3,22300.0,82.7,0,1
APP02908,Kevin Ramirez,913-70-6937,kevin.ramirez309@example.com,819 Lakeview Blvd,91908,1981-07-25,metro,74500.0,0.501,9.8,1,4.6,32100.0,39.6,1,0
APP02909,Kevin Martinez,975-20-1102,kevin.martinez427@example.com,5041 Oak St,91169,1966-11-09,metro,39000.0,0.373,0.7,0,2.4,29100.0,18.3,1,0
APP02910,Chloe Garcia,949-22-7554,chloe.garcia419@example.com,434 Lakeview Blvd,95927,1955-01-31,rural,27700.0,0.191,9.7,0,4.3,22700.0,88.5,1,0
APP02911,Mateo Garcia,980-97-1668,mateo.garcia764@example.com,1984 Hillcrest Way,96129,1989-09-02,rural,43900.0,0.097,13.7,0,4.7,23700.0,63.5,0,1
APP02912,James Lee,937-87-9269,james.lee900@example.com,8675 Elm Dr,96087,1958-02-06,rural,44200.0,0.291,8.1,1,0.8,16300.0,69.7,1,0
APP02913,Sofia Kim,941-62-6312,sofia.kim815@example.com,3423 Pine Rd,90425,1987-06-24,metro,49900.0,0.349,11.2,1,8.9,27000.0,41.1,1,0
APP02914,Fatima Patel,915-76-3160,fatima.patel103@example.com,591 Oak St,90093,1964-10-05,metro,52000.0,0.356,15.8,0,0.6,16700.0,45.6,1,0
APP02915,Chloe Davis,945-94-7937,chloe.davis617@example.com,377 Maple Ave,90624,1986-06-07,metro,48000.0,0.44,16.6,0,7.3,29300.0,26.1,1,0
APP02916,Maria Kim,940-23-6108,maria.kim984@example.com,2107 Cedar Ln,90878,1995-03-22,metro,99400.0,0.507,4.2,0,5.9,19900.0,35.8,1,0
APP02917,Chloe Ali,992-33-9519,chloe.ali305@example.com,9226 Elm Dr,91413,1979-08-01,metro,90700.0,0.356,29.3,0,10.4,16300.0,45.1,0,1
APP02918,Aisha Singh,998-68-6205,aisha.singh834@example.com,7949 Hillcrest Way,91015,1993-03-12,metro,23100.0,0.345,8.7,1,4.1,21300.0,35.9,1,0
APP02919,Alex Wilson,951-58-7968,alex.wilson595@example.com,3989 Cedar Ln,95962,1960-06-06,rural,76400.0,0.45,14.1,3,,27000.0,71.2,1,0
APP02920,James Singh,932-33-8271,james.singh425@example.com,3316 Hillcrest Way,95964,1972-01-28,rural,33300.0,0.243,12.4,0,2.7,25300.0,65.4,0,1
APP02921,Maria Ramirez,961-52-5090,maria.ramirez928@example.com,7072 Pine Rd,90914,1992-08-15,metro,73400.0,0.58,16.0,0,5.2,16000.0,22.5,1,0
APP02922,Emma Chen,960-63-2806,emma.chen794@example.com,5044 Pine Rd,95927,1996-04-24,rural,89400.0,0.344,9.3,0,3.3,31800.0,74.9,1,0
APP02923,Hiro Johnson,968-97-9495,hiro.johnson816@example.com,8141 Lakeview Blvd,90459,1968-09-23,metro,68600.0,0.354,10.1,0,9.4,16200.0,50.0,0,1
APP02924,James Clark,918-98-5304,james.clark422@example.com,777 Hillcrest Way,91486,1998-09-23,metro,70400.0,0.303,10.7,1,8.6,24700.0,43.8,0,1
APP02925,Linh Smith,925-12-4644,linh.smith399@example.com,1252 Oak St,96169,1982-03-19,rural,30600.0,0.366,4.0,0,6.4,20800.0,71.2,1,0
APP02926,Sofia Johnson,926-65-4937,sofia.johnson641@example.com,2792 Cedar Ln,90772,1967-03-25,metro,93000.0,0.382,7.7,0,7.1,18000.0,37.8,0,1
APP02927,James Garcia,939-31-9478,james.garcia697@example.com,9592 Oak St,91769,1991-12-13,metro,98300.0,0.197,13.9,0,8.6,11600.0,42.8,0,1
APP02928,Grace Martinez,916-12-7651,grace.martinez173@example.com,476 Lakeview Blvd,91720,1999-12-28,metro,77300.0,0.369,7.5,0,8.8,22100.0,26.5,0,1
APP02929,Linh Nguyen,961-56-6830,linh.nguyen29@example.com,9181 Hillcrest Way,96077,1990-11-09,rural,55200.0,0.332,8.0,2,16.4,27700.0,80.0,1,0
APP02930,Carlos Wilson,936-34-5626,carlos.wilson109@example.com,3322 Pine Rd,90733,1971-04-11,metro,57200.0,0.429,13.3,2,7.7,32000.0,36.9,1,0
APP02931,Hiro Kim,977-12-2138,hiro.kim37@example.com,300 Pine Rd,90178,1981-08-28,metro,74700.0,0.444,3.9,0,3.0,21300.0,31.6,0,1
APP02932,Linh Brown,939-27-7604,linh.brown579@example.com,3994 Maple Ave,90977,1986-05-10,metro,46500.0,0.347,6.5,0,4.1,25900.0,43.6,0,0
APP02933,Ravi Nguyen,927-80-2366,ravi.nguyen877@example.com,4180 Oak St,96082,1970-11-24,rural,53000.0,0.222,3.6,0,20.3,46100.0,61.4,1,0
APP02934,Carlos Ali,981-13-3510,carlos.ali701@example.com,1117 Cedar Ln,90004,1960-03-30,metro,51400.0,0.34,9.4,1,4.9,29500.0,33.9,0,1
APP02935,Aisha Nguyen,924-87-8462,aisha.nguyen223@example.com,8856 Maple Ave,91317,1977-11-11,metro,77600.0,0.312,6.1,1,4.6,20100.0,32.9,1,0
APP02936,Alex Johnson,999-34-9853,alex.johnson976@example.com,7051 Lakeview Blvd,96128,2000-05-21,rural,61100.0,0.392,13.2,0,5.4,23700.0,64.4,1,0
APP02937,Linh Wilson,997-62-3252,linh.wilson106@example.com,9911 Oak St,90133,1954-11-27,metro,186600.0,0.446,7.6,0,9.2,24000.0,35.0,0,1
APP02938,Chloe Lopez,985-38-8903,chloe.lopez544@example.com,3499 Lakeview Blvd,90722,1984-09-24,metro,55400.0,0.534,8.2,2,2.5,16500.0,26.8,1,0
APP02939,Ravi Hernandez,975-13-2701,ravi.hernandez969@example.com,9131 Hillcrest Way,91688,1974-05-26,metro,87300.0,0.372,8.4,1,10.9,15400.0,43.3,0,1
APP02940,Mateo Singh,951-72-1882,mateo.singh825@example.com,4641 Lakeview Blvd,91402,1981-06-12,metro,123000.0,0.362,5.1,0,5.8,31300.0,39.8,0,1
APP02941,Carlos Brown,976-51-4434,carlos.brown789@example.com,9273 Cedar Ln,96154,1982-01-22,rural,67400.0,0.206,12.8,1,3.8,19500.0,75.9,1,0
APP02942,Sofia Clark,933-43-1259,sofia.clark750@example.com,3735 Pine Rd,96026,1993-01-24,rural,60500.0,0.202,11.9,3,6.4,5200.0,86.8,1,0
APP02943,James Ali,983-29-9379,james.ali306@example.com,2929 Lakeview Blvd,96118,1968-07-15,rural,54200.0,0.24,2.5,0,13.1,6500.0,76.9,0,1
APP02944,Mateo Lopez,969-13-9169,mateo.lopez402@example.com,4432 Hillcrest Way,91132,1957-02-24,metro,66800.0,0.227,4.9,0,7.6,29500.0,45.9,0,1
APP02945,James Kim,950-13-9063,james.kim864@example.com,5844 Hillcrest Way,90299,1993-04-03,metro,45700.0,0.632,10.1,0,3.5,15100.0,45.2,0,0
APP02946,Priya Moore,969-44-6716,priya.moore989@example.com,4976 Hillcrest Way,90786,1976-03-27,metro,99700.0,0.241,7.9,0,6.0,26500.0,17.4,0,1
APP02947,Priya Davis,926-91-7017,priya.davis889@example.com,6552 Hillcrest Way,91473,1984-07-20,metro,54700.0,0.404,12.3,0,15.3,17000.0,50.4,0,1
APP02948,Fatima Martinez,963-29-4968,fatima.martinez897@example.com,7423 Hillcrest Way,96081,1984-07-09,rural,65700.0,0.466,6.5,0,7.3,24700.0,72.4,0,0
APP02949,Ravi Kim,997-97-4221,ravi.kim185@example.com,6493 Pine Rd,90771,1977-06-16,metro,21800.0,0.432,7.1,1,6.7,16300.0,36.0,0,0
APP02950,Kevin Ramirez,930-40-1557,kevin.ramirez407@example.com,1979 Lakeview Blvd,96147,1977-01-02,rural,77700.0,0.526,7.4,1,5.5,14300.0,78.6,1,0
APP02951,Aisha Ali,975-77-1656,aisha.ali124@example.com,2443 Hillcrest Way,90042,1986-03-24,metro,52900.0,0.325,14.0,1,5.3,27600.0,12.5,1,0
APP02952,Priya Chen,986-58-1331,priya.chen541@example.com,3019 Pine Rd,90325,1970-11-01,metro,48700.0,0.435,10.6,1,5.8,23400.0,41.0,1,0
APP02953,Hiro Lee,986-19-4972,hiro.lee61@example.com,5399 Maple Ave,90255,1952-03-12,metro,49100.0,0.306,8.5,2,5.8,18700.0,23.3,1,0
APP02954,Ravi Davis,958-35-8554,ravi.davis753@example.com,8018 Cedar Ln,90338,1991-12-15,metro,64000.0,0.422,3.0,0,14.8,24000.0,14.9,1,0
APP02955,Noah Johnson,928-82-9388,noah.johnson743@example.com,6213 Hillcrest Way,91347,1957-06-13,metro,47500.0,0.514,11.0,1,0.9,24300.0,26.9,1,0
APP02956,Carlos Taylor,994-70-1650,carlos.taylor299@example.com,7074 Oak St,90259,1990-09-06,metro,70300.0,0.365,8.1,0,10.6,5500.0,39.8,0,1
APP02957,Aisha Hernandez,969-93-7558,aisha.hernandez519@example.com,4352 Cedar Ln,91711,1980-09-16,metro,62800.0,0.349,3.3,0,6.9,23500.0,38.9,1,0
APP02958,Fatima Moore,901-63-3902,fatima.moore666@example.com,6636 Oak St,90768,1991-01-21,metro,60600.0,0.382,4.6,2,6.1,22800.0,39.6,1,0
APP02959,Olivia Johnson,908-92-4324,olivia.johnson972@example.com,1200 Pine Rd,95909,1990-05-20,rural,54500.0,0.414,3.5,0,3.1,24600.0,70.9,0,1
APP02960,Ravi Brown,937-47-4407,ravi.brown677@example.com,6940 Maple Ave,96017,1975-02-24,rural,80500.0,0.429,1.3,1,0.9,17500.0,89.5,1,0
APP02961,Priya Singh,921-48-7185,priya.singh613@example.com,2276 Maple Ave,90319,1971-10-06,metro,49500.0,0.63,8.5,0,4.6,20200.0,31.9,1,0
APP02962,Kevin Smith,905-53-1281,kevin.smith746@example.com,23 Oak St,90110,1952-02-13,metro,33900.0,0.399,5.1,0,7.1,5400.0,43.3,1,0
APP02963,Ravi Clark,972-20-3707,ravi.clark929@example.com,9932 Lakeview Blvd,90281,1996-08-04,metro,70900.0,0.426,7.5,0,21.6,27300.0,39.3,0,1
APP02964,Sofia Patel,950-71-1745,sofia.patel625@example.com,1060 Maple Ave,96185,1967-02-18,rural,82800.0,0.662,5.1,1,5.9,28800.0,84.0,1,0
APP02965,Ravi Chen,944-43-8155,ravi.chen799@example.com,5129 Elm Dr,95968,1956-05-21,rural,68800.0,0.678,8.1,1,1.4,30800.0,82.2,1,0
APP02966,Olivia Nguyen,935-65-2628,olivia.nguyen669@example.com,2155 Lakeview Blvd,96130,1972-03-21,rural,48600.0,0.354,14.4,0,4.2,22200.0,66.8,0,1
APP02967,Aisha Johnson,930-71-1414,aisha.johnson169@example.com,4854 Pine Rd,91794,1953-06-05,metro,50900.0,0.291,12.9,0,6.0,21300.0,41.4,0,1
APP02968,Fatima Chen,920-30-1277,fatima.chen111@example.com,9387 Pine Rd,91107,1970-10-26,metro,66000.0,0.343,3.3,2,11.0,14900.0,28.7,0,1
APP02969,Alex Martinez,976-48-4100,alex.martinez110@example.com,7640 Hillcrest Way,91524,1987-05-31,metro,54400.0,0.392,11.6,0,7.6,28000.0,17.6,1,0
APP02970,Mateo Garcia,954-19-4884,mateo.garcia878@example.com,4972 Cedar Ln,90291,1977-09-27,metro,47400.0,0.483,9.1,0,4.0,13600.0,46.4,1,0
APP02971,Fatima Smith,928-59-7089,fatima.smith829@example.com,25 Maple Ave,90482,1988-01-25,metro,45400.0,0.207,4.3,1,5.5,20400.0,30.6,0,1
APP02972,Omar Clark,979-10-6197,omar.clark857@example.com,3271 Lakeview Blvd,90955,1977-12-01,metro,77000.0,0.292,9.0,1,4.6,17900.0,44.9,1,0
APP02973,Grace Lopez,914-68-3436,grace.lopez468@example.com,6743 Elm Dr,90583,1965-01-15,metro,105900.0,0.196,8.1,0,5.0,27600.0,47.4,0,1
APP02974,Hiro Singh,934-63-1552,hiro.singh120@example.com,8258 Hillcrest Way,91957,2001-08-09,metro,120900.0,0.448,15.7,0,7.1,38100.0,33.4,0,1
APP02975,Chloe Ramirez,981-45-7495,chloe.ramirez157@example.com,6383 Hillcrest Way,96157,1963-11-11,rural,83100.0,0.462,3.8,0,6.9,33400.0,82.0,0,0
APP02976,Noah Lopez,976-96-8495,noah.lopez609@example.com,3044 Oak St,96093,1955-02-14,rural,29100.0,0.364,11.0,1,2.5,23400.0,69.2,0,0
APP02977,Omar Taylor,905-94-3357,omar.taylor803@example.com,5143 Elm Dr,90519,1953-05-22,metro,53700.0,0.187,11.3,0,,23100.0,27.5,0,1
APP02978,Aisha Johnson,969-66-6426,aisha.johnson677@example.com,771 Maple Ave,96176,1961-02-13,rural,96200.0,0.2,9.4,1,2.4,17800.0,74.8,0,1
APP02979,Daniel Lee,947-81-8347,daniel.lee770@example.com,6549 Cedar Ln,90557,1973-05-01,metro,68900.0,0.37,4.7,1,6.0,23400.0,40.1,1,0
APP02980,Omar Smith,943-81-8888,omar.smith75@example.com,1740 Cedar Ln,91737,1980-02-22,metro,100100.0,0.363,11.1,0,,15500.0,54.1,0,1
APP02981,Emma Ali,996-23-6298,emma.ali83@example.com,5904 Pine Rd,91132,1967-04-01,metro,48900.0,0.342,4.6,0,10.0,30100.0,39.7,0,0
APP02982,Noah Chen,917-29-7352,noah.chen925@example.com,17 Elm Dr,91526,1997-10-23,metro,68400.0,0.473,12.7,0,2.5,17800.0,30.5,0,0
APP02983,Olivia Ramirez,924-79-1490,olivia.ramirez852@example.com,7546 Oak St,90172,1964-06-24,metro,61000.0,0.377,10.2,0,3.7,27100.0,39.0,1,1
APP02984,Ravi Smith,907-37-1329,ravi.smith416@example.com,6318 Maple Ave,90439,1992-05-16,metro,86800.0,0.464,6.6,0,2.5,15000.0,29.0,0,0
APP02985,Maria Nguyen,915-83-9347,maria.nguyen476@example.com,6017 Elm Dr,91874,1970-09-21,metro,37900.0,0.333,7.1,1,2.4,15600.0,42.7,1,0
APP02986,Alex Wilson,943-94-1778,alex.wilson628@example.com,8750 Cedar Ln,91371,1971-01-01,metro,53500.0,0.261,8.4,0,3.1,23300.0,33.9,0,1
APP02987,Linh Garcia,993-46-7554,linh.garcia937@example.com,5193 Maple Ave,90987,1971-05-09,metro,51900.0,0.321,8.1,0,5.1,33500.0,34.4,1,0
APP02988,Olivia Johnson,983-29-8603,olivia.johnson564@example.com,8711 Pine Rd,91122,1971-10-27,metro,46500.0,0.192,13.5,0,6.2,18500.0,51.4,0,1
APP02989,Carlos Nguyen,953-48-7749,carlos.nguyen202@example.com,7582 Pine Rd,90795,1988-12-19,metro,97700.0,0.514,5.6,1,12.2,22700.0,24.9,1,0
APP02990,Omar Ramirez,918-30-1320,omar.ramirez487@example.com,7397 Pine Rd,91840,1966-12-08,metro,34300.0,0.294,6.2,0,4.2,22300.0,27.0,1,0
APP02991,Ravi Wilson,947-14-9079,ravi.wilson182@example.com,6912 Pine Rd,91240,1962-12-13,metro,50800.0,0.39,14.3,0,11.1,21000.0,26.3,0,1
APP02992,James Kim,998-55-7973,james.kim683@example.com,2058 Lakeview Blvd,90745,1978-09-22,metro,73900.0,0.404,7.0,0,6.4,24000.0,55.2,0,1
APP02993,Omar Lee,911-54-4759,omar.lee115@example.com,3366 Hillcrest Way,90389,1964-06-11,metro,43800.0,0.307,16.0,0,6.4,31300.0,33.7,1,0
APP02994,Sofia Wilson,921-82-9514,sofia.wilson345@example.com,2840 Hillcrest Way,95909,1983-03-08,rural,68500.0,0.283,6.0,2,2.0,21900.0,82.1,0,1
APP02995,Mateo Singh,964-41-7152,mateo.singh44@example.com,9063 Elm Dr,91507,1989-01-13,metro,104200.0,0.438,6.6,0,6.1,23300.0,38.6,1,0
APP02996,Chloe Ramirez,958-81-1536,chloe.ramirez932@example.com,1501 Pine Rd,90099,1978-11-21,metro,37200.0,0.506,5.4,0,8.2,10000.0,35.5,0,1
APP02997,Maria Lee,927-22-9607,maria.lee972@example.com,9712 Oak St,90089,1967-12-06,metro,62300.0,0.351,9.7,0,7.2,35500.0,31.5,0,1
APP02998,Omar Kim,911-70-1326,omar.kim536@example.com,769 Maple Ave,90633,1962-01-23,metro,55500.0,0.212,5.3,0,7.0,30400.0,25.4,0,1
APP02999,Kevin Wilson,916-20-1306,kevin.wilson643@example.com,3870 Maple Ave,91068,1997-11-17,metro,62500.0,0.324,20.5,1,8.7,32300.0,50.5,0,1
APP03000,Emma Davis,944-69-6268,emma.davis358@example.com,598 Cedar Ln,91081,1965-08-16,metro,109200.0,0.38,24.9,0,2.2,15000.0,26.7,0,1
APP03001,Sofia Taylor,967-54-1827,sofia.taylor494@example.com,2736 Lakeview Blvd,96150,1951-08-14,rural,,0.38,6.0,2,2.4,24000.0,72.8,1,0
APP03002,Olivia Nguyen,941-95-1919,olivia.nguyen84@example.com,2045 Cedar Ln,90853,1973-06-22,metro,89000.0,0.518,15.5,0,,13300.0,30.8,0,1
APP03003,Hiro Smith,928-31-2753,hiro.smith96@example.com,9666 Pine Rd,91383,1962-04-28,metro,60100.0,0.436,8.5,0,2.7,24300.0,42.6,1,0
APP03004,Daniel Ramirez,931-12-2365,daniel.ramirez91@example.com,7184 Oak St,90857,1987-06-26,metro,40200.0,0.074,13.9,1,2.4,26800.0,34.2,0,1
APP03005,Olivia Patel,993-57-1547,olivia.patel194@example.com,2876 Lakeview Blvd,90143,1951-01-18,metro,50300.0,0.375,4.3,1,3.7,18500.0,35.6,0,0
APP03006,Kevin Singh,929-34-8170,kevin.singh364@example.com,909 Elm Dr,90040,1986-08-26,metro,112400.0,0.437,9.7,1,0.0,7700.0,36.6,0,1
APP03007,Maria Lee,969-99-1251,maria.lee382@example.com,3675 Hillcrest Way,96025,1976-03-08,rural,31100.0,0.453,5.5,0,5.1,14800.0,67.1,1,0
APP03008,Alex Smith,937-39-3117,alex.smith555@example.com,7801 Oak St,90096,1992-08-03,metro,86000.0,0.555,25.9,2,6.8,11100.0,24.9,1,0
APP03009,Sofia Patel,937-35-4788,sofia.patel948@example.com,2304 Maple Ave,96173,1963-01-09,rural,104300.0,0.332,10.0,0,5.8,20300.0,87.0,0,1
APP03010,Maria Singh,996-46-9830,maria.singh471@example.com,5311 Lakeview Blvd,96156,1963-05-06,rural,43800.0,0.249,9.2,0,2.8,27700.0,79.8,1,0
APP03011,Noah Hernandez,950-83-9137,noah.hernandez806@example.com,5039 Cedar Ln,91323,1950-04-05,metro,36000.0,0.416,12.2,2,9.1,9000.0,28.5,1,0
APP03012,Priya Martinez,976-47-1029,priya.martinez416@example.com,4165 Maple Ave,96182,1997-09-28,rural,94500.0,0.401,3.0,2,3.0,20000.0,69.0,1,0
APP03013,Noah Garcia,920-56-6487,noah.garcia177@example.com,4871 Pine Rd,90492,1965-09-13,metro,132100.0,0.224,4.9,0,4.0,26400.0,44.1,1,1
APP03014,Emma Clark,916-18-8784,emma.clark589@example.com,3229 Oak St,91369,1993-05-13,metro,60700.0,0.418,22.0,0,,17500.0,46.4,1,0
APP03015,Sofia Hernandez,901-63-6889,sofia.hernandez561@example.com,6639 Pine Rd,90874,1960-02-04,metro,25700.0,0.19,5.3,1,6.3,16400.0,35.2,1,0
APP03016,Priya Ali,970-90-8081,priya.ali837@example.com,7100 Cedar Ln,90200,1951-10-03,metro,45800.0,0.456,6.1,1,9.9,26900.0,21.5,0,0
APP03017,Hiro Martinez,921-85-2211,hiro.martinez264@example.com,9149 Hillcrest Way,91342,1968-11-06,metro,117100.0,0.27,16.4,1,14.1,26600.0,34.6,0,1
APP03018,Olivia Martinez,942-19-1934,olivia.martinez951@example.com,5846 Pine Rd,96017,1953-08-20,rural,39300.0,0.409,3.6,0,4.0,27200.0,84.4,0,0
APP03019,Omar Ramirez,950-46-4436,omar.ramirez806@example.com,7408 Elm Dr,96089,1998-11-25,rural,34400.0,0.234,10.9,1,10.2,19800.0,74.7,0,1
APP03020,Linh Wilson,974-30-6853,linh.wilson540@example.com,8886 Hillcrest Way,91263,2000-04-09,metro,30300.0,0.199,17.8,2,11.9,18200.0,31.6,1,0
APP03021,James Clark,967-22-4994,james.clark329@example.com,4735 Lakeview Blvd,91367,1970-04-25,metro,58800.0,0.25,9.6,1,6.1,13600.0,38.4,0,1
APP03022,Mateo Singh,953-55-7415,mateo.singh646@example.com,7661 Maple Ave,90723,1965-01-19,metro,102800.0,0.47,17.4,1,11.5,27100.0,34.3,0,1
APP03023,Emma Martinez,964-98-1530,emma.martinez138@example.com,227 Elm Dr,90824,1985-05-30,metro,72000.0,0.222,11.1,0,6.7,20200.0,29.1,0,1
APP03024,Noah Davis,955-52-1446,noah.davis871@example.com,6171 Lakeview Blvd,96162,1989-06-16,rural,51400.0,0.378,11.2,0,3.3,20900.0,70.0,1,0
APP03025,Linh Lee,907-29-3602,linh.lee719@example.com,1796 Pine Rd,96073,1971-05-18,rural,74200.0,0.345,7.4,0,,19900.0,75.4,1,0
APP03026,Aisha Johnson,905-37-9240,aisha.johnson579@example.com,8159 Elm Dr,91683,1964-02-29,metro,50600.0,0.57,7.4,0,9.4,23200.0,31.6,1,0
APP03027,Grace Brown,941-14-8974,grace.brown264@example.com,6427 Hillcrest Way,90271,1969-11-30,metro,107000.0,0.214,10.4,0,2.9,24600.0,35.2,0,1
APP03028,Ravi Taylor,986-65-8288,ravi.taylor560@example.com,9623 Maple Ave,96167,1994-03-17,rural,42000.0,0.39,6.0,1,1.5,27400.0,65.8,1,0
APP03029,Noah Ramirez,998-48-8910,noah.ramirez295@example.com,9071 Lakeview Blvd,90443,1962-06-11,metro,82300.0,0.417,9.4,1,18.1,14200.0,25.3,1,0
APP03030,Linh Taylor,918-47-9097,linh.taylor289@example.com,2546 Pine Rd,90113,1994-09-22,metro,34100.0,0.507,18.5,0,4.4,15900.0,38.1,0,0
APP03031,Mateo Ali,947-58-5046,mateo.ali230@example.com,7149 Lakeview Blvd,90353,1966-06-20,metro,95600.0,0.277,8.9,0,7.0,15100.0,38.9,1,0
APP03032,Priya Brown,948-14-1960,priya.brown280@example.com,3954 Lakeview Blvd,91072,1964-06-06,metro,47800.0,0.569,12.2,0,8.9,23700.0,20.8,0,1
APP03033,Emma Moore,992-44-5654,emma.moore133@example.com,2678 Hillcrest Way,90860,1958-06-28,metro,80000.0,0.278,17.7,0,4.1,23000.0,46.9,0,1
APP03034,Daniel Wilson,903-15-1667,daniel.wilson465@example.com,5281 Hillcrest Way,90788,1957-11-04,metro,59200.0,0.233,9.3,0,3.5,37000.0,28.4,0,1
APP03035,Hiro Ali,956-22-1509,hiro.ali77@example.com,9712 Oak St,90042,1978-02-03,metro,73800.0,0.496,9.4,1,2.9,32300.0,31.2,1,0
APP03036,Aisha Davis,911-17-9054,aisha.davis510@example.com,6808 Pine Rd,96080,1989-01-10,rural,,0.329,5.7,0,10.7,12500.0,77.1,0,1
APP03037,Noah Ali,910-51-6668,noah.ali772@example.com,719 Cedar Ln,91233,1991-12-11,metro,69400.0,0.21,4.3,0,5.3,14500.0,38.2,1,1
APP03038,Grace Garcia,993-20-4392,grace.garcia334@example.com,9735 Pine Rd,91623,1988-10-16,metro,72100.0,0.336,8.9,0,3.7,30200.0,33.7,0,0
APP03039,Carlos Singh,928-58-2401,carlos.singh580@example.com,6115 Elm Dr,91551,1980-09-30,metro,122000.0,0.366,5.0,0,8.9,11700.0,30.3,0,1
APP03040,Hiro Ali,902-93-5851,hiro.ali402@example.com,8307 Pine Rd,95923,1999-04-19,rural,45900.0,0.142,11.1,0,2.9,23900.0,60.5,0,1
APP03041,Mateo Ali,912-47-1885,mateo.ali971@example.com,9449 Pine Rd,90881,1958-03-14,metro,120800.0,0.497,15.6,0,2.4,24100.0,30.7,0,1
APP03042,James Wilson,997-58-4683,james.wilson668@example.com,4739 Lakeview Blvd,96062,1957-09-28,rural,65900.0,0.346,4.6,2,8.4,26100.0,84.2,1,0
APP03043,Omar Clark,989-32-9015,omar.clark407@example.com,3559 Elm Dr,91387,1967-12-16,metro,62800.0,0.369,9.1,1,9.5,21900.0,37.6,0,1
APP03044,Fatima Lee,906-16-6738,fatima.lee868@example.com,8331 Maple Ave,90502,1971-07-02,metro,51400.0,0.23,5.4,1,6.6,19800.0,43.8,0,1
APP03045,Omar Martinez,985-63-5276,omar.martinez766@example.com,5734 Oak St,90772,1998-07-25,metro,45200.0,0.325,5.3,1,9.5,27800.0,20.8,0,0
APP03046,Noah Lee,915-57-4883,noah.lee863@example.com,4399 Elm Dr,90807,1951-10-29,metro,98100.0,0.556,5.6,1,4.4,15200.0,26.8,1,0
APP03047,Alex Lopez,933-86-4651,alex.lopez200@example.com,4271 Pine Rd,90445,1965-01-02,metro,86800.0,0.411,1.8,0,5.2,33600.0,56.3,1,0
APP03048,Fatima Davis,966-29-6845,fatima.davis564@example.com,3085 Hillcrest Way,96196,1979-07-13,rural,40000.0,0.418,5.5,0,7.3,21000.0,67.7,0,0
APP03049,Hiro Kim,924-21-4986,hiro.kim619@example.com,7566 Maple Ave,90012,1975-11-14,metro,37900.0,0.539,8.2,0,11.4,29400.0,28.1,1,0
APP03050,Carlos Singh,927-95-7036,carlos.singh846@example.com,3166 Hillcrest Way,91532,1996-10-03,metro,51700.0,0.341,6.2,1,5.7,5700.0,29.7,1,0
APP03051,Sofia Moore,960-42-4530,sofia.moore166@example.com,9796 Oak St,96179,1978-09-22,rural,,0.434,7.3,0,7.4,16500.0,80.0,1,0
APP03052,Mateo Taylor,973-28-5466,mateo.taylor39@example.com,7519 Oak St,90996,1981-03-23,metro,47900.0,0.424,5.4,1,7.0,24100.0,23.1,1,0
APP03053,Omar Garcia,903-39-8661,omar.garcia1@example.com,5300 Oak St,91528,1960-07-15,metro,52500.0,0.233,9.0,0,3.2,29200.0,14.5,0,1
APP03054,Emma Singh,911-49-6799,emma.singh985@example.com,7904 Elm Dr,90916,1998-06-06,metro,45100.0,0.279,2.9,2,2.0,28700.0,22.6,1,0
APP03055,Linh Clark,969-58-5660,linh.clark312@example.com,6402 Oak St,95921,1972-08-15,rural,50600.0,0.3,8.6,0,4.6,14100.0,70.1,0,1
APP03056,Noah Patel,908-23-2751,noah.patel960@example.com,3307 Maple Ave,96172,1985-01-25,rural,42400.0,0.528,4.3,0,4.7,28900.0,75.4,1,0
APP03057,Sofia Ramirez,977-84-8840,sofia.ramirez86@example.com,9548 Lakeview Blvd,90955,1965-10-19,metro,27500.0,0.499,7.0,0,4.3,3400.0,19.5,1,0
APP03058,Aisha Kim,952-14-7037,aisha.kim245@example.com,8937 Hillcrest Way,91871,1968-04-03,metro,61800.0,0.429,12.6,0,6.4,20200.0,26.1,1,0
APP03059,Kevin Brown,929-11-3197,kevin.brown902@example.com,9046 Maple Ave,96098,1958-04-18,rural,58900.0,0.22,4.6,0,,18100.0,83.7,1,0
APP03060,Maria Smith,951-22-2679,maria.smith972@example.com,7817 Elm Dr,90066,1988-10-19,metro,56000.0,0.205,11.1,1,18.9,26300.0,34.6,0,1
APP03061,Priya Davis,987-37-4700,priya.davis645@example.com,5906 Hillcrest Way,91446,1985-07-12,metro,58400.0,0.325,14.5,0,4.8,27500.0,38.5,0,1
APP03062,James Lopez,931-28-7672,james.lopez778@example.com,5444 Pine Rd,91448,1957-03-20,metro,69700.0,0.289,6.5,0,0.9,32800.0,47.0,0,1
APP03063,Grace Garcia,904-31-4096,grace.garcia270@example.com,2525 Cedar Ln,90996,1966-05-09,metro,53200.0,0.32,7.8,0,5.7,17000.0,48.0,0,1
APP03064,Sofia Ramirez,934-86-1282,sofia.ramirez928@example.com,3808 Cedar Ln,96139,1996-10-03,rural,62600.0,0.378,8.7,0,2.8,24800.0,100.0,1,0
APP03065,Omar Lee,924-20-8775,omar.lee201@example.com,8060 Lakeview Blvd,91069,1981-10-15,metro,105700.0,0.595,26.8,0,6.1,12400.0,36.3,0,1
APP03066,James Garcia,918-91-6421,james.garcia641@example.com,7555 Hillcrest Way,90011,1984-03-10,metro,58000.0,0.321,6.0,0,6.0,28100.0,38.6,0,1
APP03067,Omar Lopez,936-82-9262,omar.lopez93@example.com,5847 Elm Dr,96083,1993-05-24,rural,61900.0,0.448,8.0,0,6.2,12800.0,65.9,1,0
APP03068,Priya Nguyen,982-24-3406,priya.nguyen668@example.com,4992 Pine Rd,90697,1996-06-03,metro,93200.0,0.371,23.8,0,8.5,28700.0,27.1,1,0
APP03069,Chloe Kim,910-59-3864,chloe.kim445@example.com,8010 Elm Dr,96174,1990-01-25,rural,38900.0,0.191,14.2,1,7.2,25200.0,74.5,0,0
APP03070,Aisha Johnson,959-92-8322,aisha.johnson605@example.com,8371 Pine Rd,96009,1993-01-25,rural,,0.176,19.6,0,5.8,27900.0,70.3,1,0
APP03071,Daniel Brown,990-33-3351,daniel.brown830@example.com,2554 Hillcrest Way,91474,1967-11-23,metro,31100.0,0.442,7.5,1,1.5,43200.0,38.1,1,0
APP03072,Alex Singh,949-41-4149,alex.singh807@example.com,4063 Oak St,91692,1985-11-27,metro,221600.0,0.27,15.6,0,9.9,31900.0,26.7,0,1
APP03073,Ravi Smith,986-92-4977,ravi.smith720@example.com,6412 Hillcrest Way,96036,1998-06-11,rural,54400.0,0.31,13.3,2,10.1,29900.0,73.1,1,0
APP03074,Daniel Johnson,910-88-2673,daniel.johnson741@example.com,5783 Oak St,90065,1992-05-22,metro,71600.0,0.274,3.0,0,5.5,19500.0,21.3,1,0
APP03075,Alex Smith,975-69-8280,alex.smith349@example.com,5616 Oak St,91747,1983-02-22,metro,131900.0,0.34,23.4,1,8.7,26100.0,56.5,0,1
APP03076,Alex Wilson,914-95-7147,alex.wilson278@example.com,1678 Cedar Ln,96091,1989-10-20,rural,76900.0,0.614,2.5,0,2.3,20400.0,50.6,1,0
APP03077,Emma Kim,979-52-5494,emma.kim864@example.com,3223 Cedar Ln,90434,1991-03-01,metro,58000.0,0.409,7.5,0,2.7,13900.0,43.5,1,0
APP03078,James Garcia,995-19-7906,james.garcia589@example.com,2076 Lakeview Blvd,91108,1990-06-16,metro,40800.0,0.229,6.2,0,10.8,23200.0,31.9,1,0
APP03079,Fatima Brown,946-64-4698,fatima.brown214@example.com,5917 Pine Rd,95939,1962-10-13,rural,72400.0,0.507,18.2,0,19.4,31000.0,59.8,0,0
APP03080,Sofia Ali,965-91-3248,sofia.ali846@example.com,2704 Pine Rd,96145,1999-10-13,rural,44600.0,0.408,10.0,0,1.2,16000.0,70.3,1,0
APP03081,Aisha Garcia,997-44-9853,aisha.garcia373@example.com,2976 Oak St,95967,1953-04-25,rural,80100.0,0.293,5.7,0,7.6,17000.0,60.1,0,1
APP03082,Linh Johnson,900-44-6417,linh.johnson276@example.com,6372 Oak St,90498,1972-04-06,metro,40000.0,0.391,6.8,2,1.4,26000.0,32.4,1,0
APP03083,Mateo Nguyen,907-63-7950,mateo.nguyen514@example.com,2782 Hillcrest Way,91714,1968-10-09,metro,23600.0,0.433,9.3,0,5.0,4400.0,28.1,1,0
APP03084,Emma Davis,979-85-9320,emma.davis578@example.com,3163 Elm Dr,91201,1990-10-23,metro,119000.0,0.184,9.3,0,10.6,2000.0,22.7,0,1
APP03085,Grace Nguyen,938-58-2360,grace.nguyen851@example.com,6475 Elm Dr,96023,1976-03-13,rural,27100.0,0.187,4.2,0,4.2,30300.0,73.0,0,0
APP03086,Alex Singh,930-83-7726,alex.singh809@example.com,5342 Oak St,90769,1993-12-13,metro,92700.0,0.521,7.6,0,11.3,29400.0,18.2,0,0
APP03087,Carlos Singh,959-48-6180,carlos.singh911@example.com,8401 Cedar Ln,90402,1956-02-15,metro,54000.0,0.279,3.6,0,10.9,34400.0,35.2,0,0
APP03088,Aisha Ali,978-88-1965,aisha.ali672@example.com,367 Hillcrest Way,91413,1976-11-04,metro,57400.0,0.431,6.9,1,24.0,11400.0,34.0,1,0
APP03089,Hiro Lopez,903-18-1150,hiro.lopez85@example.com,1433 Oak St,96032,1971-07-14,rural,53200.0,0.224,7.0,0,12.3,21000.0,74.7,0,1
APP03090,Daniel Garcia,983-58-2713,daniel.garcia262@example.com,3073 Hillcrest Way,91219,1976-03-05,metro,73700.0,0.499,15.7,1,7.1,15000.0,32.1,1,0
APP03091,Priya Davis,943-43-6819,priya.davis754@example.com,5614 Hillcrest Way,91887,1962-06-17,metro,49100.0,0.431,11.1,0,4.1,36000.0,52.8,0,1
APP03092,Grace Kim,900-14-5891,grace.kim856@example.com,4403 Pine Rd,91777,1960-07-03,metro,62400.0,0.259,14.1,1,1.9,43600.0,27.5,0,1
APP03093,Aisha Ramirez,914-46-8979,aisha.ramirez761@example.com,5679 Elm Dr,91684,1986-11-25,metro,75700.0,0.372,6.5,0,17.1,34400.0,39.0,0,1
APP03094,Maria Martinez,918-45-7643,maria.martinez363@example.com,4285 Hillcrest Way,90666,1990-12-18,metro,72300.0,0.391,13.1,1,3.7,22500.0,33.9,0,0
APP03095,Kevin Clark,908-95-7001,kevin.clark987@example.com,7717 Oak St,90332,1959-08-16,metro,55600.0,0.459,7.9,0,13.1,17000.0,43.0,1,0
APP03096,Emma Brown,983-97-3377,emma.brown225@example.com,6489 Pine Rd,90552,1978-02-07,metro,38000.0,0.171,15.6,0,5.8,2000.0,35.6,0,1
APP03097,Omar Ali,978-11-7034,omar.ali951@example.com,6164 Hillcrest Way,90499,1999-06-03,metro,43400.0,0.053,5.9,2,0.7,14500.0,40.7,0,1
APP03098,Kevin Ali,906-35-4357,kevin.ali701@example.com,7225 Elm Dr,91974,1976-04-28,metro,44000.0,0.25,11.4,0,20.0,24600.0,41.6,0,1
APP03099,Linh Lee,914-75-3852,linh.lee469@example.com,9637 Oak St,96103,1990-07-21,rural,84700.0,0.368,3.7,0,11.8,19400.0,83.4,1,0
APP03100,Sofia Wilson,925-40-6053,sofia.wilson322@example.com,2326 Maple Ave,90980,1966-04-18,metro,57700.0,0.4,7.4,0,13.7,13200.0,37.2,1,0
APP03101,Sofia Smith,905-62-5898,sofia.smith251@example.com,1230 Lakeview Blvd,96077,1961-01-11,rural,78000.0,0.322,8.8,0,2.6,15300.0,54.5,0,1
APP03102,Kevin Davis,966-11-8572,kevin.davis224@example.com,5608 Cedar Ln,90195,1995-10-16,metro,109700.0,0.3,28.9,0,12.7,16000.0,38.4,0,1
APP03103,Emma Kim,955-55-4884,emma.kim415@example.com,5733 Oak St,96035,1961-09-15,rural,59300.0,0.298,8.5,0,6.3,23200.0,79.2,0,1
APP03104,Omar Smith,912-96-3200,omar.smith316@example.com,8478 Lakeview Blvd,91836,1986-05-01,metro,72000.0,0.371,1.2,0,24.2,17700.0,33.9,0,1
APP03105,Chloe Patel,935-92-8544,chloe.patel197@example.com,7519 Cedar Ln,90621,1995-02-01,metro,31300.0,0.203,20.6,0,5.1,27500.0,29.7,0,1
APP03106,Daniel Singh,997-18-5461,daniel.singh793@example.com,4281 Maple Ave,95965,2001-10-20,rural,88500.0,0.363,26.8,0,5.4,30200.0,83.9,0,1
APP03107,Olivia Ramirez,967-22-8963,olivia.ramirez372@example.com,5630 Lakeview Blvd,96161,1967-02-11,rural,112000.0,0.389,20.2,0,9.7,8200.0,77.9,0,1
APP03108,Ravi Taylor,961-70-1962,ravi.taylor620@example.com,7929 Pine Rd,96035,1998-03-12,rural,46700.0,0.324,8.3,0,2.8,23500.0,65.0,1,0
APP03109,Hiro Hernandez,995-89-6590,hiro.hernandez63@example.com,6471 Hillcrest Way,91742,1980-01-21,metro,46500.0,0.391,10.1,0,15.5,12800.0,43.7,0,1
APP03110,Omar Clark,952-44-4719,omar.clark25@example.com,6822 Elm Dr,90191,1960-04-01,metro,60100.0,0.31,2.5,2,2.6,6900.0,37.2,1,0
APP03111,Emma Brown,951-40-5579,emma.brown466@example.com,2285 Maple Ave,90561,1971-02-20,metro,37100.0,0.481,2.3,0,2.8,23900.0,25.9,0,0
APP03112,Noah Lee,957-49-6077,noah.lee7@example.com,1806 Cedar Ln,91168,1998-11-07,metro,65500.0,0.326,7.8,0,,38000.0,30.8,0,1
APP03113,Emma Patel,941-93-1811,emma.patel879@example.com,164 Oak St,91615,1954-08-28,metro,69900.0,0.411,4.7,0,6.4,3200.0,27.8,0,1
APP03114,Emma Singh,911-68-6165,emma.singh782@example.com,720 Maple Ave,90109,1957-06-23,metro,69400.0,0.413,8.0,1,9.6,33000.0,42.7,0,1
APP03115,Carlos Wilson,940-87-8973,carlos.wilson651@example.com,8202 Hillcrest Way,91217,1993-11-17,metro,62700.0,0.325,9.5,1,10.9,29900.0,25.3,0,1
APP03116,Maria Lee,944-10-2131,maria.lee300@example.com,9056 Maple Ave,91315,1973-12-16,metro,43900.0,0.252,9.2,1,9.8,12600.0,27.0,1,0
APP03117,Sofia Lee,963-85-6201,sofia.lee71@example.com,1732 Maple Ave,91175,1950-04-16,metro,45800.0,0.122,25.4,0,2.6,15500.0,18.6,0,1
APP03118,Daniel Patel,964-40-8201,daniel.patel839@example.com,7656 Hillcrest Way,91388,1969-04-03,metro,54600.0,0.406,8.5,0,4.0,13400.0,21.3,0,0
APP03119,Ravi Kim,987-40-3669,ravi.kim271@example.com,3057 Lakeview Blvd,91632,1987-05-10,metro,47400.0,0.362,9.4,0,2.1,26100.0,28.2,1,0
APP03120,Olivia Taylor,911-91-5444,olivia.taylor237@example.com,1179 Maple Ave,91779,1960-01-04,metro,35400.0,0.192,5.7,1,9.3,26600.0,59.3,1,0
APP03121,Noah Ali,956-21-3671,noah.ali51@example.com,3132 Elm Dr,95989,1988-09-24,rural,59100.0,0.252,9.1,0,3.8,21700.0,68.8,0,1
APP03122,Hiro Ramirez,933-16-2728,hiro.ramirez92@example.com,7657 Hillcrest Way,90938,1962-03-09,metro,133200.0,0.501,8.8,1,2.8,16000.0,49.5,0,1
APP03123,Carlos Lee,971-38-2161,carlos.lee22@example.com,527 Pine Rd,90990,1991-11-06,metro,54000.0,0.587,6.0,0,9.5,23100.0,16.8,1,0
APP03124,Fatima Patel,982-63-5691,fatima.patel163@example.com,8138 Lakeview Blvd,91234,1971-07-19,metro,64700.0,0.17,10.7,0,20.1,22100.0,28.1,0,1
APP03125,Priya Chen,939-45-4704,priya.chen72@example.com,5961 Oak St,90889,1990-08-15,metro,61600.0,0.252,9.2,0,4.1,13100.0,32.1,0,1
APP03126,Kevin Wilson,946-82-5508,kevin.wilson45@example.com,9349 Hillcrest Way,91846,1960-05-30,metro,116600.0,0.179,8.7,0,4.3,27200.0,34.1,0,1
APP03127,Aisha Kim,924-59-7842,aisha.kim165@example.com,1741 Pine Rd,91553,1953-08-20,metro,27300.0,0.075,7.4,1,7.5,15700.0,15.3,1,0
APP03128,Sofia Ali,940-96-3142,sofia.ali531@example.com,5720 Maple Ave,91249,2001-12-17,metro,56900.0,0.249,6.5,0,4.2,2000.0,55.7,0,1
APP03129,Fatima Chen,945-65-2726,fatima.chen300@example.com,6793 Oak St,91681,1985-02-09,metro,97900.0,0.322,16.3,1,7.3,25500.0,35.6,0,1
APP03130,James Chen,987-45-1146,james.chen686@example.com,2634 Elm Dr,90329,1991-07-24,metro,,0.318,12.5,0,5.9,17300.0,26.8,1,0
APP03131,Mateo Patel,930-46-5185,mateo.patel86@example.com,7895 Elm Dr,91973,1975-04-17,metro,116300.0,0.321,14.4,0,,23200.0,19.7,0,1
APP03132,Fatima Lee,915-61-8786,fatima.lee267@example.com,5962 Cedar Ln,96190,1970-07-19,rural,58800.0,0.437,4.4,0,6.6,25400.0,83.3,1,0
APP03133,Alex Ramirez,926-66-6887,alex.ramirez260@example.com,5789 Lakeview Blvd,90540,1987-08-26,metro,61900.0,0.31,19.7,1,8.4,30400.0,30.6,0,1
APP03134,Maria Kim,997-27-5259,maria.kim438@example.com,3243 Hillcrest Way,96037,1956-12-22,rural,90400.0,0.469,1.7,2,6.6,25200.0,67.7,1,0
APP03135,Ravi Hernandez,982-84-8626,ravi.hernandez127@example.com,4208 Elm Dr,96163,1973-09-10,rural,38700.0,0.353,7.3,0,6.4,23200.0,74.9,0,0
APP03136,Chloe Ali,961-89-9052,chloe.ali837@example.com,7782 Lakeview Blvd,90412,1981-05-06,metro,46800.0,0.291,6.8,0,5.8,18600.0,28.4,0,1
APP03137,Olivia Ramirez,917-37-8323,olivia.ramirez887@example.com,4134 Elm Dr,95991,1977-07-25,rural,72300.0,0.282,7.8,0,10.5,24700.0,75.4,0,1
APP03138,Maria Kim,937-49-5015,maria.kim821@example.com,8103 Lakeview Blvd,91105,1971-01-11,metro,38100.0,0.253,12.8,1,2.2,22100.0,32.1,0,1
APP03139,Alex Singh,984-93-2138,alex.singh143@example.com,4545 Elm Dr,90087,1978-03-10,metro,59300.0,0.534,9.8,0,6.0,18500.0,43.4,0,1
APP03140,Alex Taylor,912-79-4732,alex.taylor439@example.com,3976 Cedar Ln,90152,1958-01-12,metro,56500.0,0.229,14.3,0,8.9,18800.0,47.9,0,0
APP03141,Fatima Ramirez,997-89-1167,fatima.ramirez595@example.com,8366 Lakeview Blvd,90167,1991-07-05,metro,70900.0,0.409,4.9,0,9.7,16200.0,48.5,0,1
APP03142,Noah Lopez,963-79-8935,noah.lopez619@example.com,8897 Cedar Ln,90117,1995-06-03,metro,,0.429,7.7,3,2.6,10800.0,26.7,1,0
APP03143,Emma Kim,905-38-8202,emma.kim419@example.com,3292 Cedar Ln,95982,1982-12-18,rural,44900.0,0.298,19.9,1,3.5,24500.0,91.3,0,1
APP03144,Priya Martinez,943-39-3580,priya.martinez260@example.com,8671 Hillcrest Way,91353,1996-02-21,metro,64000.0,0.291,6.0,1,3.4,32000.0,39.8,0,1
APP03145,Emma Smith,967-26-8374,emma.smith152@example.com,6989 Oak St,90160,1982-03-21,metro,93500.0,0.238,8.1,0,10.8,16000.0,46.3,0,1
APP03146,Mateo Taylor,918-65-8539,mateo.taylor548@example.com,7210 Lakeview Blvd,91563,1989-03-14,metro,90400.0,0.198,12.0,2,5.4,33100.0,35.8,0,1
APP03147,Ravi Kim,955-17-6229,ravi.kim681@example.com,4945 Cedar Ln,96121,1991-04-08,rural,116900.0,0.393,10.3,0,4.4,21200.0,69.9,0,1
APP03148,Emma Johnson,975-52-2085,emma.johnson248@example.com,9445 Elm Dr,91084,1975-01-29,metro,45700.0,0.24,12.7,1,,15100.0,23.5,0,1
APP03149,James Clark,981-21-7747,james.clark630@example.com,4475 Cedar Ln,91562,1977-01-06,metro,79200.0,0.096,11.7,1,,29600.0,17.9,0,1
APP03150,Hiro Chen,901-89-5862,hiro.chen843@example.com,3297 Lakeview Blvd,95966,1983-10-20,rural,37800.0,0.346,10.4,1,4.4,29200.0,91.8,1,0
APP03151,Noah Kim,963-85-2884,noah.kim985@example.com,148 Pine Rd,90842,1956-12-25,metro,62100.0,0.527,12.9,1,4.5,10800.0,31.0,1,0
APP03152,Alex Taylor,941-46-7999,alex.taylor980@example.com,2149 Oak St,91553,1962-03-12,metro,,0.401,8.8,0,2.2,13400.0,32.0,0,1
APP03153,Noah Martinez,921-66-7509,noah.martinez632@example.com,1846 Pine Rd,91260,1982-05-23,metro,56100.0,0.251,4.2,0,10.3,16300.0,36.7,0,1
APP03154,Daniel Patel,957-85-6387,daniel.patel186@example.com,3679 Pine Rd,91287,1951-04-21,metro,49100.0,0.385,10.6,0,1.8,19500.0,22.7,0,0
APP03155,Sofia Ramirez,956-75-2574,sofia.ramirez246@example.com,8320 Pine Rd,91277,1972-01-04,metro,82000.0,0.49,19.6,0,7.1,41300.0,38.6,0,1
APP03156,Mateo Hernandez,985-60-1766,mateo.hernandez722@example.com,5820 Maple Ave,90159,1978-01-24,metro,121300.0,0.394,13.4,1,16.3,26300.0,39.8,0,1
APP03157,Ravi Clark,974-46-7311,ravi.clark786@example.com,8296 Oak St,95959,1996-05-30,rural,47400.0,0.533,10.3,1,6.0,21000.0,83.1,1,0
APP03158,Olivia Patel,925-89-4785,olivia.patel887@example.com,7237 Pine Rd,96028,1976-06-12,rural,66700.0,0.209,9.4,1,12.3,17400.0,42.9,0,1
APP03159,Ravi Nguyen,945-76-9919,ravi.nguyen477@example.com,9272 Elm Dr,90845,1990-04-14,metro,74700.0,0.334,7.8,1,1.6,33200.0,50.0,1,0
APP03160,Linh Singh,967-36-8104,linh.singh249@example.com,7952 Oak St,90472,1969-11-08,metro,63400.0,0.243,9.2,0,9.1,24700.0,36.5,0,1
APP03161,Sofia Brown,912-69-7504,sofia.brown992@example.com,6804 Cedar Ln,91933,1971-01-26,metro,37500.0,0.205,3.8,0,,38700.0,39.0,1,0
APP03162,Linh Moore,993-14-2957,linh.moore445@example.com,1821 Cedar Ln,90158,1964-01-20,metro,63900.0,0.256,11.9,0,6.6,17000.0,36.6,0,1
APP03163,Mateo Taylor,994-11-5208,mateo.taylor679@example.com,6219 Pine Rd,91699,1952-01-27,metro,89400.0,0.24,6.3,0,6.4,21200.0,38.4,0,1
APP03164,Omar Singh,919-53-9024,omar.singh410@example.com,9301 Lakeview Blvd,90258,1951-05-23,metro,150400.0,0.372,12.3,0,5.0,24600.0,32.2,0,1
APP03165,Omar Wilson,965-80-7488,omar.wilson690@example.com,8674 Pine Rd,90043,1975-12-09,metro,77600.0,0.307,3.4,0,2.1,24700.0,30.4,0,1
APP03166,Omar Lee,996-86-5035,omar.lee391@example.com,9981 Hillcrest Way,96120,1995-09-20,rural,59900.0,0.508,12.2,0,10.5,28300.0,76.3,1,0
APP03167,Maria Kim,902-26-7178,maria.kim89@example.com,4813 Pine Rd,91401,1971-05-01,metro,42700.0,0.365,9.0,0,3.4,22100.0,37.6,0,0
APP03168,Chloe Singh,975-70-8606,chloe.singh184@example.com,1761 Elm Dr,91852,2000-10-01,metro,83400.0,0.223,4.3,2,19.0,10800.0,37.9,0,1
APP03169,Mateo Johnson,956-51-3165,mateo.johnson206@example.com,9749 Hillcrest Way,90524,1982-09-09,metro,108800.0,0.511,11.2,3,3.8,20500.0,42.3,0,1
APP03170,Fatima Moore,955-65-7175,fatima.moore559@example.com,4055 Pine Rd,96082,1973-05-10,rural,128700.0,0.245,9.8,2,5.6,30700.0,70.0,0,1
APP03171,Mateo Smith,923-19-7426,mateo.smith645@example.com,6690 Oak St,91882,1978-05-09,metro,36700.0,0.27,5.9,0,7.1,22800.0,46.0,0,1
APP03172,Emma Taylor,965-59-6927,emma.taylor752@example.com,8177 Lakeview Blvd,91780,1982-06-17,metro,70900.0,0.463,15.9,1,4.0,32800.0,17.4,1,0
APP03173,Noah Lee,948-60-5773,noah.lee995@example.com,7523 Maple Ave,91001,1991-07-20,metro,37400.0,0.22,19.3,0,3.8,28900.0,26.2,0,1
APP03174,Olivia Clark,963-99-2819,olivia.clark122@example.com,3482 Oak St,95962,1982-01-02,rural,43700.0,0.286,2.7,1,5.0,14200.0,80.5,1,0
APP03175,Maria Moore,954-33-9267,maria.moore643@example.com,5038 Hillcrest Way,96092,1954-02-12,rural,,0.364,7.5,0,3.3,24900.0,97.5,1,0
APP03176,Maria Davis,942-84-7105,maria.davis445@example.com,379 Lakeview Blvd,90179,1951-10-18,metro,59200.0,0.181,1.1,0,8.1,25000.0,36.2,0,1
APP03177,Maria Singh,942-32-7366,maria.singh120@example.com,9077 Hillcrest Way,90208,1996-01-09,metro,36900.0,0.499,14.7,0,3.8,18900.0,27.1,0,0
APP03178,Chloe Chen,965-98-7883,chloe.chen300@example.com,2467 Maple Ave,91458,1994-10-09,metro,55700.0,0.442,13.5,2,13.7,19000.0,36.7,0,1
APP03179,Linh Smith,985-67-8361,linh.smith688@example.com,6127 Hillcrest Way,90917,1984-11-23,metro,58200.0,0.492,5.5,1,6.6,30700.0,42.7,0,0
APP03180,Daniel Kim,997-63-7858,daniel.kim232@example.com,4236 Pine Rd,91512,1958-10-22,metro,109800.0,0.447,5.9,0,3.4,22900.0,61.5,1,0
APP03181,Alex Singh,999-43-9216,alex.singh405@example.com,7177 Oak St,96033,1981-05-04,rural,32500.0,0.331,5.5,0,1.3,15300.0,84.8,1,0
APP03182,James Kim,958-15-8153,james.kim486@example.com,7805 Pine Rd,91187,1950-06-06,metro,43700.0,0.424,6.0,0,9.9,19000.0,56.3,1,0
APP03183,Chloe Lopez,915-31-7096,chloe.lopez774@example.com,3196 Lakeview Blvd,91541,1991-02-11,metro,51600.0,0.189,11.1,0,2.2,24300.0,35.6,0,1
APP03184,Kevin Ramirez,926-44-8099,kevin.ramirez726@example.com,2014 Pine Rd,90585,1997-10-26,metro,32700.0,0.4,3.7,2,3.9,18400.0,29.4,1,0
APP03185,James Hernandez,914-38-2026,james.hernandez201@example.com,4090 Pine Rd,91146,1981-01-16,metro,49300.0,0.557,8.7,0,8.2,16500.0,45.4,1,0
APP03186,Kevin Patel,919-73-4382,kevin.patel174@example.com,2608 Hillcrest Way,96174,1965-09-06,rural,106500.0,0.445,6.0,0,4.4,13700.0,80.9,0,0
APP03187,Ravi Moore,932-61-9201,ravi.moore291@example.com,7228 Cedar Ln,90361,2001-09-12,metro,121500.0,0.443,12.0,0,4.4,25700.0,47.1,0,1
APP03188,Linh Singh,996-13-5981,linh.singh507@example.com,4905 Lakeview Blvd,91630,1976-05-02,metro,88700.0,0.432,22.8,0,7.3,9700.0,23.8,1,0
APP03189,Daniel Martinez,911-83-3277,daniel.martinez60@example.com,4405 Hillcrest Way,95934,1974-02-02,rural,68700.0,0.353,7.9,0,15.4,23200.0,68.6,0,1
APP03190,Omar Taylor,999-50-5075,omar.taylor17@example.com,7909 Cedar Ln,90358,1997-01-10,metro,100800.0,0.331,15.8,0,13.0,24100.0,38.1,0,1
APP03191,Linh Lopez,979-98-3385,linh.lopez76@example.com,8153 Oak St,90865,1986-01-17,metro,66800.0,0.16,11.9,1,8.4,12500.0,34.8,0,1
APP03192,Kevin Taylor,969-78-2730,kevin.taylor570@example.com,710 Oak St,91499,1971-11-24,metro,58800.0,0.358,3.3,0,5.7,19400.0,44.5,1,0
APP03193,Daniel Hernandez,980-92-4960,daniel.hernandez978@example.com,8038 Elm Dr,96068,1959-08-03,rural,35900.0,0.449,4.5,1,6.4,15000.0,71.5,1,0
APP03194,Noah Brown,995-71-3316,noah.brown527@example.com,8957 Maple Ave,96102,1958-02-27,rural,114500.0,0.393,9.2,0,15.2,31600.0,76.6,0,1
APP03195,Fatima Singh,977-47-5245,fatima.singh517@example.com,8996 Oak St,95959,1995-04-21,rural,71800.0,0.399,8.2,0,5.7,8100.0,49.4,1,0
APP03196,Grace Nguyen,978-13-3544,grace.nguyen282@example.com,5230 Cedar Ln,90291,1957-09-18,metro,96100.0,0.298,0.6,0,26.6,20500.0,38.5,0,1
APP03197,Carlos Patel,971-14-3601,carlos.patel991@example.com,4622 Maple Ave,90041,1990-08-20,metro,63300.0,0.359,12.2,0,13.1,22200.0,43.4,1,0
APP03198,Kevin Kim,915-17-2764,kevin.kim427@example.com,3937 Hillcrest Way,90705,1950-05-15,metro,33000.0,0.215,3.0,1,8.9,29500.0,43.8,1,0
APP03199,Maria Patel,956-85-7786,maria.patel94@example.com,7044 Hillcrest Way,90819,1979-09-15,metro,56000.0,0.423,10.1,0,2.6,26500.0,39.9,0,1
APP03200,Chloe Kim,986-23-8356,chloe.kim579@example.com,8393 Cedar Ln,90783,1961-07-18,metro,130600.0,0.343,19.9,0,,15700.0,31.7,0,1
APP03201,Grace Clark,922-28-1777,grace.clark830@example.com,9900 Hillcrest Way,90315,1982-02-07,metro,87500.0,0.205,4.6,0,9.0,26000.0,45.8,0,1
APP03202,Chloe Moore,931-30-8822,chloe.moore307@example.com,5962 Oak St,90684,1971-09-24,metro,68800.0,0.665,14.3,0,4.5,33200.0,35.0,1,0
APP03203,Omar Moore,936-14-1475,omar.moore309@example.com,8573 Oak St,91929,1956-03-04,metro,44100.0,0.513,18.5,0,12.2,20600.0,35.1,1,0
APP03204,Priya Ramirez,915-85-9173,priya.ramirez898@example.com,4467 Oak St,96058,1968-04-01,rural,78000.0,0.296,22.0,0,3.6,27600.0,68.4,0,1
APP03205,Maria Hernandez,908-79-9471,maria.hernandez204@example.com,6570 Elm Dr,90184,1989-01-09,metro,75800.0,0.272,18.7,1,6.2,12800.0,35.1,1,1
APP03206,Alex Davis,953-50-3117,alex.davis628@example.com,9107 Maple Ave,91579,1959-11-05,metro,124500.0,0.245,8.4,0,6.7,24000.0,34.5,0,1
APP03207,Daniel Martinez,993-21-4177,daniel.martinez358@example.com,9165 Lakeview Blvd,91226,1975-10-10,metro,60500.0,0.171,10.3,1,0.9,2000.0,39.1,0,1
APP03208,Chloe Kim,907-19-4609,chloe.kim902@example.com,8523 Lakeview Blvd,90611,1991-08-25,metro,129100.0,0.184,10.5,0,12.4,9700.0,32.7,0,1
APP03209,Alex Davis,959-23-3739,alex.davis759@example.com,7048 Oak St,96018,1973-08-16,rural,51600.0,0.405,14.7,1,3.1,28000.0,88.1,1,0
APP03210,Kevin Lee,983-48-1914,kevin.lee576@example.com,7870 Lakeview Blvd,90251,1967-03-06,metro,128800.0,0.32,6.0,2,1.5,25700.0,33.0,0,1
APP03211,Olivia Clark,982-81-4488,olivia.clark569@example.com,8600 Cedar Ln,95967,1994-09-25,rural,21500.0,0.224,10.4,1,2.3,14300.0,69.9,1,0
APP03212,Ravi Davis,973-77-4786,ravi.davis268@example.com,1824 Pine Rd,95917,1991-06-27,rural,184900.0,0.41,13.4,0,5.9,28300.0,84.3,0,1
APP03213,Alex Patel,901-84-9548,alex.patel133@example.com,8500 Elm Dr,90228,1977-09-18,metro,51400.0,0.332,12.2,0,11.0,17400.0,46.1,0,1
APP03214,Maria Garcia,973-57-4199,maria.garcia371@example.com,7476 Elm Dr,90393,1964-04-25,metro,119600.0,0.306,4.6,2,7.4,15900.0,49.3,1,0
APP03215,Omar Smith,988-63-8113,omar.smith588@example.com,38 Elm Dr,96004,1956-07-26,rural,64500.0,0.02,13.4,1,,29000.0,66.7,0,1
APP03216,Alex Patel,950-31-1292,alex.patel304@example.com,5022 Cedar Ln,96056,1986-11-14,rural,49600.0,0.556,4.9,0,5.4,14000.0,69.5,0,0
APP03217,Emma Kim,964-86-8788,emma.kim972@example.com,5874 Maple Ave,96087,1995-05-01,rural,62900.0,0.377,10.7,0,2.2,9500.0,76.0,1,0
APP03218,Mateo Garcia,956-21-5455,mateo.garcia501@example.com,8385 Elm Dr,95952,1960-11-30,rural,49700.0,0.484,2.8,0,16.5,7900.0,66.9,1,0
APP03219,Ravi Patel,964-62-9418,ravi.patel403@example.com,2199 Cedar Ln,90081,1960-04-20,metro,55300.0,0.481,13.4,0,5.3,31700.0,52.8,1,0
APP03220,Chloe Chen,913-85-2255,chloe.chen643@example.com,7256 Cedar Ln,90703,1963-06-29,metro,52200.0,0.24,3.5,0,6.9,27900.0,30.0,1,0
APP03221,Fatima Garcia,923-62-8313,fatima.garcia50@example.com,7103 Oak St,96120,1974-01-28,rural,50600.0,0.357,23.1,0,7.7,14000.0,78.7,1,0
APP03222,Grace Moore,993-74-2343,grace.moore17@example.com,9856 Oak St,90751,1981-09-30,metro,53300.0,0.263,13.0,1,3.4,13200.0,35.7,0,1
APP03223,Alex Lopez,928-41-3350,alex.lopez497@example.com,8209 Maple Ave,91621,1953-11-13,metro,56400.0,0.419,10.8,0,8.6,20000.0,34.0,0,1
APP03224,Olivia Garcia,941-60-1346,olivia.garcia981@example.com,4185 Cedar Ln,91022,1965-09-09,metro,29600.0,0.083,29.6,2,2.5,7400.0,34.9,0,1
APP03225,Chloe Brown,996-69-5799,chloe.brown880@example.com,7999 Oak St,90258,1995-08-05,metro,,0.331,8.0,0,8.2,34900.0,37.3,0,1
APP03226,Alex Lopez,961-86-5704,alex.lopez366@example.com,6556 Hillcrest Way,96146,1985-07-15,rural,98900.0,0.403,8.5,1,3.6,16300.0,72.7,1,0
APP03227,Alex Patel,952-72-8366,alex.patel780@example.com,9563 Pine Rd,91044,1956-03-13,metro,29500.0,0.524,9.5,1,3.9,34600.0,19.7,0,0
APP03228,Kevin Davis,978-37-5854,kevin.davis591@example.com,717 Pine Rd,95939,1992-06-29,rural,79400.0,0.12,7.8,0,4.4,15200.0,79.7,0,1
APP03229,Linh Nguyen,961-98-4569,linh.nguyen318@example.com,6727 Lakeview Blvd,91817,1968-09-13,metro,70400.0,0.663,4.1,0,2.6,18900.0,29.6,1,0
APP03230,Priya Taylor,989-97-8677,priya.taylor625@example.com,1852 Maple Ave,90966,1968-06-21,metro,73800.0,0.213,1.6,1,8.1,16700.0,38.5,1,0
APP03231,Chloe Taylor,963-73-8551,chloe.taylor480@example.com,281 Oak St,91205,1955-07-22,metro,50400.0,0.416,6.9,0,4.3,21400.0,37.4,1,0
APP03232,Daniel Davis,915-76-1829,daniel.davis828@example.com,9915 Elm Dr,96178,1951-06-17,rural,90900.0,0.546,9.8,0,11.5,22300.0,77.0,1,0
APP03233,Aisha Nguyen,954-66-9393,aisha.nguyen442@example.com,7064 Oak St,91003,1996-03-01,metro,54000.0,0.233,4.9,0,5.3,9900.0,20.4,1,1
APP03234,Kevin Martinez,972-71-4905,kevin.martinez114@example.com,7243 Cedar Ln,91020,1967-05-22,metro,66900.0,0.408,6.1,1,18.7,31200.0,32.6,0,0
APP03235,Aisha Hernandez,961-20-3831,aisha.hernandez142@example.com,2017 Hillcrest Way,90896,1984-12-31,metro,125000.0,0.484,15.1,0,,8000.0,35.7,0,1
APP03236,Sofia Clark,996-78-9808,sofia.clark410@example.com,1100 Cedar Ln,91952,1999-01-14,metro,42100.0,0.449,13.7,0,9.6,16600.0,26.6,1,0
APP03237,Chloe Clark,943-77-3468,chloe.clark142@example.com,3047 Pine Rd,95905,1999-08-19,rural,91400.0,0.272,15.0,1,2.1,19700.0,77.8,1,0
APP03238,Sofia Davis,926-56-7391,sofia.davis318@example.com,8469 Elm Dr,91068,1978-02-19,metro,51100.0,0.155,2.4,0,0.2,18900.0,30.1,0,1
APP03239,Hiro Singh,902-54-2887,hiro.singh806@example.com,4614 Hillcrest Way,91576,1996-02-22,metro,39000.0,0.2,9.2,1,5.0,29000.0,35.2,0,1
APP03240,Kevin Clark,943-65-2814,kevin.clark455@example.com,615 Elm Dr,96073,1960-11-06,rural,70200.0,0.319,12.8,1,7.9,14500.0,79.9,0,1
APP03241,Grace Taylor,958-16-8441,grace.taylor155@example.com,7807 Oak St,95904,1997-10-25,rural,74400.0,0.369,13.3,0,0.7,18100.0,56.7,1,0
APP03242,Kevin Clark,921-37-7455,kevin.clark998@example.com,5529 Lakeview Blvd,95925,1997-09-18,rural,45800.0,0.41,14.4,0,15.8,30600.0,50.4,1,0
APP03243,Kevin Brown,989-92-5046,kevin.brown784@example.com,5708 Cedar Ln,91155,1997-04-20,metro,55600.0,0.271,20.2,1,6.5,16300.0,51.4,0,1
APP03244,Kevin Kim,964-70-1570,kevin.kim438@example.com,9049 Elm Dr,91082,1955-11-19,metro,53000.0,0.329,10.2,0,3.6,28800.0,24.5,1,0
APP03245,James Lee,948-13-5948,james.lee596@example.com,4652 Hillcrest Way,95945,1962-07-02,rural,36600.0,0.149,3.8,0,9.5,31400.0,80.0,1,0
APP03246,Priya Moore,991-64-4372,priya.moore685@example.com,3848 Hillcrest Way,91860,1988-10-03,metro,,0.318,8.0,0,5.1,24200.0,27.3,0,1
APP03247,Kevin Nguyen,944-38-2933,kevin.nguyen952@example.com,1488 Oak St,91364,1984-11-26,metro,128800.0,0.38,2.9,1,1.9,11800.0,49.8,0,1
APP03248,Alex Ali,993-77-9143,alex.ali558@example.com,1414 Oak St,91889,1962-10-16,metro,78500.0,0.356,7.1,0,1.2,22200.0,36.2,1,0
APP03249,Mateo Patel,966-36-6750,mateo.patel693@example.com,5879 Pine Rd,96008,1989-12-04,rural,45100.0,0.343,5.5,0,1.4,22000.0,62.3,1,0
APP03250,Mateo Patel,911-41-6656,mateo.patel425@example.com,2734 Maple Ave,90133,1951-12-29,metro,44100.0,0.255,10.4,0,22.2,9700.0,31.8,0,1
APP03251,Grace Hernandez,945-24-3237,grace.hernandez784@example.com,5637 Hillcrest Way,90910,1964-07-30,metro,134500.0,0.331,5.6,0,17.0,36700.0,54.3,0,1
APP03252,Linh Brown,914-59-3196,linh.brown277@example.com,7850 Oak St,90656,1986-12-27,metro,55300.0,0.286,8.6,0,5.4,39600.0,29.9,1,0
APP03253,Kevin Ramirez,911-26-1636,kevin.ramirez802@example.com,5929 Cedar Ln,90601,1977-04-05,metro,40600.0,0.374,6.8,1,6.8,27200.0,32.1,1,0
APP03254,Noah Lopez,991-73-5602,noah.lopez799@example.com,1960 Cedar Ln,91716,1961-03-31,metro,54500.0,0.229,17.8,1,1.6,21700.0,29.4,0,1
APP03255,Carlos Taylor,985-14-5684,carlos.taylor664@example.com,7026 Pine Rd,96195,1991-12-29,rural,69000.0,0.113,8.7,0,1.1,8000.0,83.0,0,1
APP03256,Grace Singh,913-16-9248,grace.singh99@example.com,1572 Oak St,91225,1966-09-21,metro,64200.0,0.511,4.9,0,4.7,26600.0,23.6,1,0
APP03257,Hiro Nguyen,905-80-2289,hiro.nguyen358@example.com,2362 Maple Ave,91557,1982-11-23,metro,61900.0,0.086,5.7,0,7.9,28200.0,32.0,0,1
APP03258,Alex Johnson,964-43-5621,alex.johnson11@example.com,6525 Oak St,90888,1975-06-21,metro,85600.0,0.285,23.5,0,4.6,27600.0,35.9,0,1
APP03259,Linh Lee,914-16-4387,linh.lee408@example.com,5618 Lakeview Blvd,90866,1958-10-19,metro,76300.0,0.235,15.2,0,,17500.0,26.6,0,1
APP03260,Olivia Singh,988-72-6257,olivia.singh760@example.com,3388 Cedar Ln,90081,1990-10-12,metro,39800.0,0.346,8.0,1,5.7,23300.0,26.8,0,1
APP03261,Priya Nguyen,993-38-8323,priya.nguyen671@example.com,5827 Hillcrest Way,90986,1978-08-20,metro,71500.0,0.428,16.7,0,11.2,18600.0,32.4,0,0
APP03262,Kevin Lopez,927-50-6840,kevin.lopez468@example.com,1662 Oak St,91254,1994-01-06,metro,52400.0,0.392,7.6,1,7.7,22000.0,43.3,1,0
APP03263,Aisha Chen,938-63-7783,aisha.chen699@example.com,2893 Elm Dr,96149,1955-06-03,rural,50100.0,0.314,9.4,1,4.2,21900.0,78.4,1,0
APP03264,Kevin Moore,915-71-9593,kevin.moore560@example.com,6785 Elm Dr,91523,1995-09-20,metro,54200.0,0.505,15.1,2,4.4,36700.0,23.1,0,0
APP03265,Grace Brown,992-58-2335,grace.brown402@example.com,2082 Pine Rd,90168,1960-01-31,metro,28700.0,0.642,5.1,0,15.3,18700.0,26.9,1,0
APP03266,Priya Chen,929-88-7132,priya.chen889@example.com,641 Elm Dr,91313,1952-04-10,metro,99700.0,0.224,3.3,4,2.2,32400.0,30.2,1,0
APP03267,Chloe Taylor,959-48-8444,chloe.taylor696@example.com,5612 Pine Rd,96090,1978-09-14,rural,32100.0,0.337,13.7,0,2.4,34900.0,70.1,1,0
APP03268,Hiro Ali,924-73-6517,hiro.ali804@example.com,7541 Oak St,90538,1976-12-03,metro,97000.0,0.427,11.7,0,2.7,14200.0,20.0,0,1
APP03269,Fatima Patel,944-75-4967,fatima.patel191@example.com,1859 Lakeview Blvd,91486,1991-10-09,metro,30600.0,0.241,11.7,1,8.6,2000.0,41.9,0,1
APP03270,Fatima Davis,983-44-8964,fatima.davis858@example.com,6637 Lakeview Blvd,90373,1990-06-20,metro,109200.0,0.405,12.4,1,12.0,27400.0,43.5,1,0
APP03271,Omar Chen,937-34-3822,omar.chen565@example.com,6700 Lakeview Blvd,90912,1950-09-06,metro,108000.0,0.291,7.9,1,6.0,14400.0,32.6,0,1
APP03272,Grace Taylor,961-12-4323,grace.taylor829@example.com,1345 Lakeview Blvd,90997,1952-09-18,metro,56700.0,0.462,11.9,0,16.4,13300.0,28.5,0,1
APP03273,Alex Nguyen,932-67-3687,alex.nguyen643@example.com,8010 Hillcrest Way,95919,1962-07-09,rural,44800.0,0.406,7.0,0,,16600.0,83.6,1,0
APP03274,Hiro Ramirez,921-18-2901,hiro.ramirez712@example.com,124 Maple Ave,90449,1973-06-15,metro,44700.0,0.379,4.9,1,13.2,17000.0,42.2,1,0
APP03275,Grace Moore,925-69-3591,grace.moore887@example.com,2783 Pine Rd,90159,1962-01-30,metro,89900.0,0.426,8.6,2,2.1,31000.0,47.5,1,0
APP03276,Chloe Johnson,970-80-9575,chloe.johnson883@example.com,9035 Elm Dr,91173,1981-04-28,metro,66800.0,0.189,28.6,1,0.7,4800.0,30.4,0,1
APP03277,Fatima Johnson,953-41-1339,fatima.johnson195@example.com,776 Hillcrest Way,95963,1995-09-15,rural,73800.0,0.272,4.4,0,2.2,2600.0,84.6,0,1
APP03278,Olivia Wilson,930-80-4622,olivia.wilson633@example.com,120 Maple Ave,95929,1958-07-01,rural,36100.0,0.497,4.7,1,11.6,21900.0,76.0,1,0
APP03279,Mateo Lee,900-88-5727,mateo.lee747@example.com,764 Hillcrest Way,91120,1997-11-01,metro,46900.0,0.388,13.9,0,2.9,26800.0,48.1,1,0
APP03280,Chloe Chen,950-65-4572,chloe.chen148@example.com,6076 Cedar Ln,91900,1971-12-07,metro,44100.0,0.348,18.3,0,4.6,25000.0,38.4,0,1
APP03281,Maria Taylor,956-81-4045,maria.taylor164@example.com,5574 Oak St,90570,1997-11-04,metro,48500.0,0.362,3.5,0,5.2,45700.0,29.2,1,0
APP03282,Omar Nguyen,960-37-5607,omar.nguyen338@example.com,733 Maple Ave,91083,1963-07-06,metro,47200.0,0.255,15.3,3,11.8,4100.0,17.1,0,1
APP03283,James Singh,995-22-5104,james.singh455@example.com,9026 Pine Rd,90040,1990-03-25,metro,92600.0,0.171,9.3,1,5.9,15700.0,35.7,0,1
APP03284,Priya Clark,971-51-7761,priya.clark790@example.com,4299 Maple Ave,91386,1980-12-21,metro,58400.0,0.276,9.9,0,11.4,20700.0,23.7,0,1
APP03285,Omar Davis,922-32-9748,omar.davis179@example.com,9353 Elm Dr,91078,1988-09-09,metro,50000.0,0.449,10.0,0,3.1,35600.0,47.3,1,0
APP03286,Ravi Garcia,948-50-6596,ravi.garcia692@example.com,2053 Oak St,95923,1963-05-10,rural,136400.0,0.491,3.5,0,0.7,23300.0,85.4,0,1
APP03287,Aisha Smith,986-75-5023,aisha.smith422@example.com,3211 Oak St,91707,1991-04-30,metro,66400.0,0.39,8.1,0,7.3,11000.0,27.6,0,1
APP03288,Maria Davis,920-95-9583,maria.davis646@example.com,7981 Hillcrest Way,90661,2000-06-25,metro,111400.0,0.329,19.9,0,2.3,14200.0,39.9,0,1
APP03289,Linh Lopez,923-69-7526,linh.lopez934@example.com,6247 Hillcrest Way,91254,1955-07-24,metro,104900.0,0.233,6.6,0,14.3,3200.0,26.7,0,1
APP03290,Sofia Nguyen,923-77-6363,sofia.nguyen947@example.com,9057 Oak St,90009,1986-01-12,metro,85500.0,0.192,13.9,0,3.4,7100.0,42.2,0,1
APP03291,Alex Taylor,980-46-6584,alex.taylor354@example.com,5032 Elm Dr,91349,1972-08-03,metro,111000.0,0.284,1.5,0,3.3,16700.0,20.7,0,1
APP03292,Daniel Clark,973-94-9553,daniel.clark840@example.com,3437 Maple Ave,96123,1981-03-24,rural,68500.0,0.468,4.5,0,4.9,24300.0,71.2,1,0
APP03293,Sofia Johnson,915-67-5889,sofia.johnson755@example.com,3606 Elm Dr,96001,1970-04-08,rural,65600.0,0.478,10.2,1,3.3,33700.0,66.7,1,0
APP03294,Hiro Brown,914-47-2529,hiro.brown788@example.com,2620 Oak St,90550,1992-01-07,metro,50100.0,0.527,10.4,0,13.2,15400.0,21.9,0,1
APP03295,Omar Wilson,907-65-6437,omar.wilson309@example.com,4380 Maple Ave,90946,1988-02-19,metro,65500.0,0.185,2.5,0,0.4,22400.0,25.2,0,1
APP03296,Olivia Brown,942-41-1291,olivia.brown623@example.com,9179 Oak St,91588,1955-11-29,metro,42800.0,0.339,2.8,1,5.3,37700.0,50.4,1,0
APP03297,Chloe Clark,939-65-9551,chloe.clark801@example.com,48 Hillcrest Way,90609,1991-05-16,metro,69300.0,0.532,16.2,0,4.0,16200.0,28.8,0,1
APP03298,James Singh,996-58-5736,james.singh987@example.com,5981 Maple Ave,95960,1981-01-27,rural,53100.0,0.274,8.2,1,8.2,30500.0,72.1,1,0
APP03299,Chloe Wilson,962-78-1074,chloe.wilson643@example.com,909 Cedar Ln,95932,1998-07-17,rural,55500.0,0.459,2.2,0,5.9,29300.0,87.6,1,0
APP03300,Sofia Wilson,979-54-8868,sofia.wilson631@example.com,7600 Elm Dr,91795,1990-04-29,metro,59700.0,0.187,5.3,0,1.6,26800.0,22.0,0,1
APP03301,Omar Singh,942-85-3084,omar.singh675@example.com,6455 Pine Rd,90662,1956-11-01,metro,64200.0,0.16,11.7,0,2.3,7800.0,37.3,0,1
APP03302,Grace Clark,929-59-7647,grace.clark255@example.com,4543 Oak St,90538,1953-12-23,metro,37100.0,0.313,5.3,0,1.8,28400.0,42.1,1,0
APP03303,Olivia Chen,973-31-8735,olivia.chen250@example.com,6966 Elm Dr,90221,1950-04-30,metro,129700.0,0.324,18.5,0,0.6,25400.0,30.3,0,1
APP03304,Mateo Singh,992-31-6258,mateo.singh988@example.com,6383 Pine Rd,90505,1965-01-11,metro,46200.0,0.332,7.7,1,11.6,9500.0,33.4,1,0
APP03305,Fatima Ramirez,916-73-3872,fatima.ramirez156@example.com,939 Elm Dr,90564,1975-12-18,metro,37400.0,0.241,7.1,1,3.1,8900.0,34.3,0,1
APP03306,Alex Davis,923-33-3441,alex.davis612@example.com,3079 Lakeview Blvd,90203,1957-02-07,metro,107200.0,0.272,3.5,2,6.3,35100.0,32.1,0,1
APP03307,Ravi Brown,910-64-8474,ravi.brown574@example.com,7353 Maple Ave,90122,1988-04-08,metro,81400.0,0.483,4.2,1,4.0,17800.0,30.6,0,0
APP03308,Kevin Kim,978-27-7545,kevin.kim957@example.com,3925 Pine Rd,91664,1960-05-07,metro,97800.0,0.315,3.8,0,12.5,25000.0,54.1,0,1
APP03309,Emma Taylor,951-93-5525,emma.taylor408@example.com,8668 Maple Ave,91776,1987-04-19,metro,137200.0,0.13,7.8,0,3.7,13700.0,41.1,0,1
APP03310,James Clark,905-50-1616,james.clark409@example.com,7490 Lakeview Blvd,91029,1995-11-25,metro,31000.0,0.425,12.3,0,3.5,26800.0,38.8,1,0
APP03311,Chloe Ali,928-16-1775,chloe.ali210@example.com,4714 Pine Rd,90799,1966-12-26,metro,36600.0,0.343,1.4,0,1.7,14200.0,29.3,1,0
APP03312,Emma Smith,903-93-8417,emma.smith731@example.com,1557 Elm Dr,91253,1996-11-05,metro,132300.0,0.403,16.8,0,1.5,18900.0,44.9,0,1
APP03313,Emma Davis,983-13-6946,emma.davis460@example.com,194 Hillcrest Way,91507,1961-04-08,metro,39300.0,0.203,10.4,2,1.5,33600.0,35.0,1,0
APP03314,Priya Smith,969-32-3769,priya.smith114@example.com,2326 Hillcrest Way,90477,1983-02-15,metro,114500.0,0.154,12.1,0,5.0,17600.0,30.4,0,1
APP03315,James Kim,923-15-3835,james.kim204@example.com,9382 Maple Ave,91358,1965-04-28,metro,74900.0,0.158,7.8,0,7.1,14600.0,54.0,0,1
APP03316,Ravi Johnson,951-25-7869,ravi.johnson488@example.com,3917 Hillcrest Way,96125,1976-05-13,rural,57500.0,0.301,4.1,0,,30600.0,63.4,1,0
APP03317,Maria Lee,974-25-9668,maria.lee922@example.com,7687 Pine Rd,91976,1951-09-03,metro,88800.0,0.47,9.8,0,7.6,36000.0,36.7,0,1
APP03318,Fatima Singh,987-22-5914,fatima.singh540@example.com,7420 Pine Rd,96170,2000-06-17,rural,127400.0,0.387,9.4,0,16.0,27700.0,69.3,0,1
APP03319,Priya Kim,985-38-1875,priya.kim181@example.com,1936 Cedar Ln,96147,1999-03-23,rural,38900.0,0.424,13.0,1,3.3,6500.0,68.1,1,0
APP03320,Hiro Patel,956-27-1063,hiro.patel154@example.com,8320 Hillcrest Way,96069,1964-05-26,rural,93800.0,0.454,9.6,0,15.6,28500.0,81.1,1,0
APP03321,Priya Hernandez,923-25-2237,priya.hernandez316@example.com,4122 Lakeview Blvd,91495,1975-08-05,metro,46600.0,0.471,12.5,1,4.1,15900.0,43.3,1,0
APP03322,Kevin Singh,925-23-4374,kevin.singh356@example.com,5014 Hillcrest Way,96186,1995-11-13,rural,53700.0,0.298,6.1,3,2.4,3100.0,73.4,0,0
APP03323,Omar Ali,984-63-2244,omar.ali627@example.com,3927 Lakeview Blvd,91672,1966-11-18,metro,,0.111,18.2,1,6.2,30700.0,51.4,0,1
APP03324,Grace Lee,948-26-1510,grace.lee681@example.com,2022 Hillcrest Way,96066,1960-02-07,rural,38000.0,0.46,10.8,0,10.6,36200.0,75.7,1,0
APP03325,Kevin Patel,906-42-7887,kevin.patel592@example.com,942 Cedar Ln,90196,1965-03-29,metro,53400.0,0.309,5.1,0,0.7,17600.0,40.9,0,0
APP03326,Linh Wilson,948-34-3869,linh.wilson265@example.com,357 Maple Ave,91572,1996-07-30,metro,43300.0,0.328,11.2,2,1.4,20700.0,43.6,0,0
APP03327,Maria Davis,913-56-9668,maria.davis104@example.com,6460 Elm Dr,91852,1960-01-01,metro,69800.0,0.328,7.9,0,15.5,31300.0,43.8,0,1
APP03328,Priya Davis,945-97-4530,priya.davis477@example.com,8980 Lakeview Blvd,96033,1969-06-15,rural,120900.0,0.291,22.5,2,2.4,17800.0,84.4,0,1
APP03329,Omar Johnson,908-79-7670,omar.johnson366@example.com,2900 Lakeview Blvd,96123,1999-06-06,rural,49200.0,0.469,12.5,0,4.1,13900.0,66.9,1,0
APP03330,Fatima Smith,978-79-5969,fatima.smith788@example.com,7965 Pine Rd,90741,1968-07-20,metro,43200.0,0.215,4.7,0,10.3,30800.0,37.8,0,1
APP03331,Maria Moore,952-84-5920,maria.moore252@example.com,1573 Hillcrest Way,95960,1991-01-23,rural,28000.0,0.369,16.4,1,5.9,16200.0,75.5,1,0
APP03332,Sofia Patel,905-59-8058,sofia.patel460@example.com,6439 Pine Rd,90966,1995-04-28,metro,105600.0,0.286,13.3,1,3.9,26200.0,32.6,0,1
APP03333,Carlos Singh,979-21-6934,carlos.singh172@example.com,9637 Pine Rd,91518,1957-08-12,metro,70500.0,0.458,8.2,0,4.8,32200.0,27.2,1,0
APP03334,Maria Taylor,919-95-1523,maria.taylor133@example.com,2350 Pine Rd,91115,1955-11-02,metro,46700.0,0.418,16.5,0,5.3,28900.0,38.6,1,0
APP03335,Fatima Wilson,935-89-7761,fatima.wilson930@example.com,4305 Maple Ave,91093,1970-05-16,metro,62100.0,0.074,13.0,0,19.1,17300.0,33.3,0,1
APP03336,Sofia Taylor,970-51-7101,sofia.taylor820@example.com,2404 Elm Dr,90758,1972-05-12,metro,42600.0,0.282,15.3,1,9.7,31800.0,38.6,0,1
APP03337,Sofia Martinez,993-59-4382,sofia.martinez9@example.com,2522 Oak St,91534,1950-05-17,metro,45800.0,0.163,15.0,2,3.6,10100.0,43.1,0,1
APP03338,Hiro Brown,987-23-6043,hiro.brown860@example.com,2616 Lakeview Blvd,91995,1982-12-06,metro,67600.0,0.34,9.6,0,8.7,23400.0,24.6,0,1
APP03339,Linh Ramirez,915-79-7646,linh.ramirez265@example.com,4080 Cedar Ln,96015,1997-03-30,rural,61400.0,0.316,12.0,0,2.7,25000.0,67.5,1,0
APP03340,Omar Taylor,916-16-4399,omar.taylor588@example.com,1196 Hillcrest Way,91009,1986-07-14,metro,37100.0,0.4,15.0,0,3.6,21900.0,33.8,1,0
APP03341,James Martinez,915-49-1367,james.martinez794@example.com,627 Lakeview Blvd,90404,1993-07-25,metro,91500.0,0.459,20.3,0,8.8,15400.0,34.9,0,1
APP03342,Carlos Clark,993-89-1536,carlos.clark222@example.com,1170 Elm Dr,90130,2000-10-01,metro,69500.0,0.209,15.2,1,10.6,19900.0,26.2,0,1
APP03343,Ravi Wilson,978-90-5107,ravi.wilson561@example.com,1352 Cedar Ln,90472,1964-11-18,metro,125900.0,0.462,20.0,0,3.3,19900.0,36.0,0,1
APP03344,Kevin Kim,953-47-5721,kevin.kim822@example.com,5461 Maple Ave,96053,1959-02-25,rural,48300.0,0.401,10.4,1,6.2,18700.0,69.2,1,0
APP03345,Noah Taylor,968-63-9052,noah.taylor666@example.com,7608 Cedar Ln,90501,1971-07-28,metro,94500.0,0.343,1.5,1,4.7,30000.0,31.4,0,1
APP03346,Hiro Lopez,972-56-6842,hiro.lopez238@example.com,7884 Lakeview Blvd,90906,1958-01-30,metro,87200.0,0.306,16.7,1,1.3,21000.0,8.6,0,1
APP03347,Emma Smith,921-92-7918,emma.smith250@example.com,3460 Hillcrest Way,91516,1994-11-28,metro,70700.0,0.333,9.6,0,9.6,9700.0,34.5,0,1
APP03348,Daniel Martinez,900-24-9104,daniel.martinez234@example.com,6658 Oak St,91980,1977-06-14,metro,105900.0,0.327,14.7,1,22.1,15500.0,39.8,0,1
APP03349,Kevin Taylor,905-32-3932,kevin.taylor327@example.com,2013 Oak St,91755,1951-12-06,metro,33900.0,0.429,6.9,2,4.3,24600.0,44.7,1,0
APP03350,Chloe Martinez,991-65-6445,chloe.martinez961@example.com,7005 Elm Dr,91561,1992-08-24,metro,78000.0,0.184,12.4,0,3.2,23500.0,49.0,0,1
APP03351,Maria Hernandez,908-20-3560,maria.hernandez67@example.com,5044 Lakeview Blvd,91630,1972-11-12,metro,40000.0,0.525,21.5,0,13.4,16100.0,16.1,1,0
APP03352,James Garcia,934-20-1422,james.garcia490@example.com,6800 Oak St,90705,1961-04-26,metro,52000.0,0.382,11.2,0,,21900.0,36.5,1,0
APP03353,Chloe Hernandez,988-21-4732,chloe.hernandez694@example.com,2216 Hillcrest Way,90193,1978-10-12,metro,118000.0,0.468,2.4,0,1.0,25100.0,36.5,0,1
APP03354,Alex Ramirez,910-51-7002,alex.ramirez5@example.com,5754 Elm Dr,90455,1965-05-02,metro,38400.0,0.407,11.9,0,9.2,24700.0,54.2,0,0
APP03355,Olivia Taylor,955-36-4821,olivia.taylor628@example.com,2215 Elm Dr,90074,1998-12-25,metro,41900.0,0.414,7.9,0,1.6,26400.0,23.1,0,1
APP03356,Hiro Hernandez,963-22-4546,hiro.hernandez207@example.com,3566 Pine Rd,91102,1973-04-23,metro,69600.0,0.446,18.4,1,6.6,23400.0,34.7,0,0
APP03357,Mateo Martinez,989-82-5300,mateo.martinez547@example.com,7483 Elm Dr,95938,1978-04-03,rural,69300.0,0.311,9.3,2,7.7,32700.0,58.4,1,0
APP03358,Noah Martinez,946-76-1865,noah.martinez628@example.com,5203 Lakeview Blvd,90886,1958-09-01,metro,49700.0,0.391,24.0,0,3.8,29300.0,26.5,1,0
APP03359,Fatima Martinez,987-23-6914,fatima.martinez372@example.com,2993 Pine Rd,91322,1957-02-21,metro,34400.0,0.339,5.6,0,12.4,28100.0,38.2,1,0
APP03360,Aisha Nguyen,944-59-5738,aisha.nguyen629@example.com,9635 Elm Dr,95982,1974-07-24,rural,34500.0,0.254,13.7,0,2.9,26400.0,80.9,1,0
APP03361,Sofia Ali,999-59-2156,sofia.ali393@example.com,7667 Cedar Ln,96012,1964-04-25,rural,70100.0,0.457,8.2,0,2.9,23900.0,76.2,1,0
APP03362,Grace Clark,914-40-9041,grace.clark337@example.com,2159 Hillcrest Way,96150,1957-05-19,rural,84000.0,0.266,13.1,0,,18500.0,66.8,1,0
APP03363,Hiro Nguyen,945-80-3507,hiro.nguyen939@example.com,1209 Cedar Ln,91641,1992-05-30,metro,92400.0,0.445,8.1,2,6.9,9500.0,40.3,1,1
APP03364,Grace Clark,931-65-1274,grace.clark800@example.com,9225 Lakeview Blvd,90118,1999-01-27,metro,73600.0,0.094,3.8,1,11.5,16400.0,30.0,0,1
APP03365,Emma Kim,968-90-5852,emma.kim549@example.com,4602 Lakeview Blvd,96091,1996-09-15,rural,67500.0,0.511,15.0,0,2.7,12600.0,80.4,1,0
APP03366,Chloe Lee,915-93-2240,chloe.lee184@example.com,2552 Elm Dr,91971,1986-11-18,metro,37300.0,0.289,2.6,0,0.9,17900.0,35.8,0,1
APP03367,Ravi Moore,928-63-5079,ravi.moore46@example.com,4485 Hillcrest Way,90331,1992-08-27,metro,45400.0,0.407,12.9,1,19.8,27000.0,29.0,0,1
APP03368,Linh Lee,904-35-1032,linh.lee851@example.com,7587 Elm Dr,95914,1999-10-23,rural,55900.0,0.288,14.0,0,9.3,25900.0,77.6,0,1
APP03369,Chloe Davis,956-29-5262,chloe.davis967@example.com,5396 Hillcrest Way,96154,2001-05-25,rural,58200.0,0.238,5.5,0,5.8,23700.0,85.9,0,1
APP03370,Alex Johnson,984-35-3926,alex.johnson708@example.com,7512 Pine Rd,91190,1968-03-23,metro,45200.0,0.415,8.3,0,2.4,7800.0,46.5,0,1
APP03371,Chloe Ramirez,954-76-3273,chloe.ramirez439@example.com,4615 Lakeview Blvd,96008,1959-05-01,rural,44400.0,0.542,2.8,0,2.4,16700.0,64.9,1,0
APP03372,Grace Singh,922-44-2016,grace.singh380@example.com,5942 Maple Ave,91931,1990-10-06,metro,55100.0,0.289,8.1,0,1.3,23100.0,41.2,1,0
APP03373,Mateo Ramirez,907-89-9610,mateo.ramirez833@example.com,4483 Hillcrest Way,90219,1969-02-10,metro,36800.0,0.577,17.1,0,1.7,19200.0,31.7,1,0
APP03374,Kevin Ali,963-33-1758,kevin.ali656@example.com,4513 Lakeview Blvd,96062,1986-12-19,rural,50000.0,0.24,7.9,0,,37800.0,65.0,1,0
APP03375,Alex Ali,927-49-2695,alex.ali701@example.com,1977 Cedar Ln,90642,1995-06-12,metro,69600.0,0.354,11.2,0,2.0,42000.0,33.9,0,1
APP03376,Noah Ali,964-21-4498,noah.ali941@example.com,6003 Hillcrest Way,91756,1950-04-04,metro,106900.0,0.209,7.9,0,2.1,24600.0,25.1,0,1
APP03377,Hiro Taylor,965-81-5840,hiro.taylor889@example.com,7009 Pine Rd,90706,1955-04-24,metro,91000.0,0.46,10.6,1,4.4,24500.0,44.4,0,1
APP03378,Omar Moore,969-20-9663,omar.moore831@example.com,5453 Oak St,90712,1963-05-02,metro,54200.0,0.318,9.2,1,0.5,32400.0,28.5,0,1
APP03379,Fatima Patel,933-13-9024,fatima.patel412@example.com,6276 Oak St,96036,1992-05-10,rural,117800.0,0.418,7.3,0,9.6,20300.0,71.0,1,0
APP03380,Ravi Kim,993-30-3054,ravi.kim262@example.com,7434 Hillcrest Way,90853,1955-04-15,metro,39300.0,0.252,3.6,1,14.1,18400.0,36.9,0,1
APP03381,Noah Smith,908-45-6754,noah.smith418@example.com,4162 Hillcrest Way,91001,1968-12-07,metro,45900.0,0.276,5.2,2,4.8,16800.0,35.1,0,0
APP03382,Priya Moore,951-56-5867,priya.moore61@example.com,5286 Elm Dr,91526,1964-02-02,metro,54600.0,0.243,7.0,1,10.8,21800.0,36.2,0,1
APP03383,Priya Garcia,954-95-3556,priya.garcia524@example.com,3413 Cedar Ln,90460,1950-01-25,metro,115200.0,0.505,19.8,0,3.4,2000.0,36.6,0,1
APP03384,Omar Martinez,944-76-3504,omar.martinez818@example.com,3878 Hillcrest Way,95908,1983-01-08,rural,46100.0,0.324,4.3,0,9.9,28200.0,91.9,1,0
APP03385,Fatima Wilson,940-20-1320,fatima.wilson948@example.com,903 Lakeview Blvd,90511,1997-02-11,metro,51400.0,0.354,12.5,0,2.3,12900.0,46.3,1,1
APP03386,Linh Garcia,930-28-5092,linh.garcia405@example.com,9555 Hillcrest Way,91361,1996-01-25,metro,31000.0,0.302,8.8,1,11.4,8500.0,29.3,0,0
APP03387,Hiro Garcia,925-18-5699,hiro.garcia631@example.com,740 Maple Ave,91303,1994-11-10,metro,36200.0,0.293,12.8,0,1.4,8000.0,35.3,0,1
APP03388,Ravi Martinez,978-40-5987,ravi.martinez438@example.com,9979 Elm Dr,91664,1957-04-30,metro,,0.177,17.6,1,2.4,28900.0,24.1,0,1
APP03389,Carlos Davis,936-41-7221,carlos.davis241@example.com,8424 Elm Dr,96175,1991-05-22,rural,92400.0,0.269,14.9,0,3.2,33000.0,77.5,0,1
APP03390,James Lee,946-48-7605,james.lee411@example.com,2765 Elm Dr,90288,1974-03-21,metro,47500.0,0.529,10.5,0,6.6,21800.0,41.7,1,0
APP03391,Aisha Singh,986-51-3311,aisha.singh694@example.com,5241 Hillcrest Way,91385,1965-03-28,metro,38000.0,0.305,11.0,0,7.8,26200.0,36.1,1,0
APP03392,Mateo Lopez,947-51-7838,mateo.lopez446@example.com,6493 Hillcrest Way,91380,1953-10-24,metro,83700.0,0.41,6.2,0,9.0,23800.0,21.5,0,1
APP03393,Hiro Johnson,931-29-3203,hiro.johnson383@example.com,9552 Cedar Ln,91337,1993-03-12,metro,34600.0,0.475,6.1,0,11.1,23200.0,24.4,1,0
APP03394,Linh Patel,951-88-7424,linh.patel433@example.com,6460 Pine Rd,90130,1966-10-23,metro,53300.0,0.366,9.9,0,7.9,22600.0,56.6,0,1
APP03395,Priya Kim,949-90-6135,priya.kim759@example.com,9350 Maple Ave,90014,1970-04-01,metro,72200.0,0.285,24.3,1,4.8,23600.0,33.5,1,0
APP03396,Olivia Johnson,936-21-4977,olivia.johnson395@example.com,6437 Elm Dr,91040,1997-02-28,metro,60900.0,0.19,3.7,1,2.0,35100.0,37.9,0,1
APP03397,Emma Taylor,926-72-9754,emma.taylor422@example.com,6229 Elm Dr,96164,1985-01-13,rural,36900.0,0.37,11.9,0,1.7,28600.0,64.1,1,0
APP03398,Chloe Garcia,909-92-3013,chloe.garcia488@example.com,7660 Elm Dr,96156,1971-11-06,rural,72000.0,0.195,3.3,1,4.1,26400.0,67.4,1,0
APP03399,Kevin Moore,937-28-8475,kevin.moore971@example.com,9931 Pine Rd,91979,1960-03-29,metro,61800.0,0.382,10.7,0,5.3,2000.0,30.2,0,1
APP03400,Omar Singh,977-53-7678,omar.singh460@example.com,8238 Oak St,90281,1950-02-12,metro,61300.0,0.619,3.3,1,4.7,17500.0,28.2,1,0
APP03401,Priya Davis,949-90-6047,priya.davis330@example.com,9545 Pine Rd,90999,1959-05-09,metro,112500.0,0.383,10.9,0,4.6,23300.0,40.7,0,1
APP03402,Carlos Garcia,964-98-7423,carlos.garcia355@example.com,9354 Lakeview Blvd,96068,1955-04-07,rural,83000.0,0.422,17.7,2,9.9,29800.0,69.9,0,0
APP03403,Carlos Brown,970-57-7812,carlos.brown674@example.com,7655 Maple Ave,91703,1961-06-27,metro,103200.0,0.21,13.9,0,14.5,16400.0,43.9,0,1
APP03404,Hiro Taylor,934-56-2223,hiro.taylor398@example.com,668 Maple Ave,95980,1997-02-01,rural,25100.0,0.169,7.5,0,3.3,18600.0,67.6,1,0
APP03405,Emma Garcia,925-91-5269,emma.garcia989@example.com,5835 Cedar Ln,90828,1980-01-01,metro,69600.0,0.262,19.1,0,6.6,9200.0,34.8,0,1
APP03406,Chloe Moore,951-13-9820,chloe.moore959@example.com,8527 Oak St,95928,1952-10-22,rural,110900.0,0.485,24.3,1,7.5,24500.0,77.1,1,0
APP03407,Chloe Clark,942-42-8928,chloe.clark996@example.com,1426 Cedar Ln,91767,1995-01-08,metro,90600.0,0.383,8.0,0,9.1,45200.0,33.2,1,1
APP03408,Omar Martinez,988-28-4411,omar.martinez536@example.com,5196 Elm Dr,91015,1984-07-24,metro,86900.0,0.338,21.0,2,2.1,31600.0,38.1,0,1
APP03409,Grace Moore,918-99-1845,grace.moore814@example.com,1847 Lakeview Blvd,91618,1989-09-28,metro,69300.0,0.303,8.4,1,2.5,18200.0,35.8,1,0
APP03410,Linh Martinez,911-39-6688,linh.martinez189@example.com,5689 Lakeview Blvd,91800,1965-07-24,metro,48100.0,0.388,5.8,0,4.6,13000.0,27.7,0,1
APP03411,Alex Lee,954-20-1396,alex.lee914@example.com,9036 Cedar Ln,91034,1967-09-25,metro,76800.0,0.237,3.3,0,2.5,19400.0,44.6,0,1
APP03412,Linh Moore,955-40-2346,linh.moore285@example.com,8051 Elm Dr,90558,1967-01-20,metro,102400.0,0.342,19.0,1,0.6,8000.0,32.2,0,1
APP03413,Olivia Garcia,971-59-6840,olivia.garcia421@example.com,5648 Lakeview Blvd,91125,1963-10-25,metro,80000.0,0.547,7.1,2,5.2,28500.0,43.4,0,1
APP03414,Kevin Chen,979-86-9878,kevin.chen611@example.com,1311 Hillcrest Way,91333,1958-04-15,metro,62100.0,0.494,1.7,0,1.9,27700.0,43.9,1,0
APP03415,Grace Smith,906-53-6626,grace.smith850@example.com,5826 Elm Dr,91768,1989-01-29,metro,57100.0,0.249,7.9,0,4.0,22000.0,33.2,0,0
APP03416,Fatima Garcia,950-42-7691,fatima.garcia899@example.com,279 Oak St,90897,1994-05-04,metro,32000.0,0.396,3.5,0,8.4,12600.0,33.8,1,0
APP03417,Fatima Lopez,949-87-1272,fatima.lopez317@example.com,7886 Pine Rd,95952,1992-10-18,rural,72300.0,0.575,5.1,1,6.2,7700.0,79.8,0,0
APP03418,Alex Nguyen,956-51-2780,alex.nguyen77@example.com,8116 Elm Dr,96094,1982-04-22,rural,25400.0,0.376,11.6,0,8.6,19000.0,64.9,0,0
APP03419,Priya Moore,990-10-4086,priya.moore499@example.com,6441 Elm Dr,90595,1999-12-15,metro,74700.0,0.448,11.1,2,10.6,32900.0,43.2,0,1
APP03420,Aisha Nguyen,913-51-8550,aisha.nguyen947@example.com,4384 Lakeview Blvd,91208,1996-11-22,metro,53400.0,0.338,8.6,1,6.8,24600.0,23.3,0,1
APP03421,Kevin Lopez,948-33-6959,kevin.lopez595@example.com,3206 Oak St,90030,1951-02-11,metro,105500.0,0.419,15.2,1,10.3,19400.0,45.8,1,0
APP03422,Olivia Moore,990-63-9350,olivia.moore272@example.com,8924 Pine Rd,91177,1967-10-27,metro,58600.0,0.331,2.6,1,4.0,10700.0,31.5,0,1
APP03423,Noah Martinez,902-23-9949,noah.martinez385@example.com,3190 Elm Dr,90487,1962-05-11,metro,78000.0,0.237,4.6,1,3.8,11200.0,50.2,0,1
APP03424,Fatima Singh,930-53-9202,fatima.singh628@example.com,5382 Elm Dr,90751,1977-11-14,metro,47200.0,0.277,16.2,0,1.5,7400.0,27.8,0,1
APP03425,Olivia Smith,907-27-5127,olivia.smith802@example.com,287 Oak St,90071,1956-10-21,metro,36900.0,0.117,10.5,0,11.3,21700.0,35.5,0,0
APP03426,Ravi Ramirez,936-78-2393,ravi.ramirez437@example.com,3483 Cedar Ln,96119,1962-11-28,rural,43200.0,0.568,8.0,0,22.0,24100.0,68.3,0,0
APP03427,Omar Johnson,973-87-6220,omar.johnson714@example.com,5819 Hillcrest Way,95967,1951-12-08,rural,81000.0,0.408,4.4,0,4.7,18000.0,75.5,1,0
APP03428,Hiro Nguyen,906-66-3372,hiro.nguyen578@example.com,5279 Lakeview Blvd,90121,1994-12-17,metro,76700.0,0.157,12.4,0,3.7,12900.0,43.0,0,1
APP03429,Olivia Taylor,997-86-5538,olivia.taylor176@example.com,2850 Lakeview Blvd,91306,1951-07-01,metro,61500.0,0.432,5.7,1,1.9,25300.0,28.5,1,0
APP03430,Noah Clark,997-70-7341,noah.clark524@example.com,1524 Lakeview Blvd,91896,1965-03-17,metro,61800.0,0.277,26.8,1,6.8,11200.0,44.2,0,1
APP03431,Olivia Martinez,905-43-9639,olivia.martinez818@example.com,6708 Hillcrest Way,91024,1960-08-09,metro,57500.0,0.382,5.2,1,10.2,18800.0,35.7,0,1
APP03432,Linh Wilson,905-98-4533,linh.wilson647@example.com,1156 Oak St,90813,1954-08-04,metro,71700.0,0.186,4.8,0,4.7,21900.0,37.2,1,0
APP03433,Alex Hernandez,909-38-2625,alex.hernandez973@example.com,6958 Oak St,91907,1972-08-27,metro,42000.0,0.484,5.1,1,3.3,15100.0,33.3,1,0
APP03434,Hiro Garcia,934-65-2882,hiro.garcia881@example.com,1860 Lakeview Blvd,91977,1987-07-15,metro,44100.0,0.23,3.1,0,10.7,22500.0,29.1,0,1
APP03435,Olivia Wilson,933-18-2120,olivia.wilson744@example.com,6195 Hillcrest Way,96192,1999-03-25,rural,56700.0,0.102,5.6,0,1.5,13300.0,82.3,0,1
APP03436,Maria Lopez,916-15-2342,maria.lopez623@example.com,5496 Lakeview Blvd,91506,1969-10-14,metro,37100.0,0.502,7.8,0,7.5,16300.0,24.3,1,0
APP03437,Grace Chen,936-77-1999,grace.chen947@example.com,2325 Oak St,90784,1980-02-28,metro,,0.152,9.5,2,5.6,21600.0,24.2,0,1
APP03438,Sofia Johnson,904-37-1407,sofia.johnson575@example.com,9430 Pine Rd,96158,1952-01-10,rural,56200.0,0.427,12.2,1,9.0,21200.0,68.1,1,0
APP03439,Noah Hernandez,916-60-9359,noah.hernandez304@example.com,9396 Maple Ave,96106,1983-12-11,rural,47700.0,0.237,3.9,0,8.3,19200.0,54.9,0,1
APP03440,Ravi Moore,958-44-9269,ravi.moore474@example.com,7306 Hillcrest Way,96181,1975-01-06,rural,23400.0,0.398,4.2,0,3.4,9500.0,83.7,1,0
APP03441,Ravi Moore,976-17-7665,ravi.moore67@example.com,9205 Cedar Ln,95943,1985-10-09,rural,70500.0,0.44,4.6,0,11.6,3200.0,68.6,1,0
APP03442,Omar Hernandez,998-82-7939,omar.hernandez132@example.com,1273 Elm Dr,91262,1985-12-14,metro,47800.0,0.33,1.2,1,13.9,14800.0,32.0,1,0
APP03443,Linh Lee,903-57-4713,linh.lee182@example.com,726 Cedar Ln,96030,1981-10-29,rural,81000.0,0.495,6.7,1,2.3,17100.0,88.9,1,0
APP03444,Omar Kim,979-47-6223,omar.kim426@example.com,8022 Pine Rd,90671,1967-04-24,metro,81400.0,0.303,12.4,0,,13700.0,25.4,0,1
APP03445,Maria Lopez,941-44-2291,maria.lopez735@example.com,6345 Hillcrest Way,90638,1989-05-03,metro,77200.0,0.365,8.8,1,17.8,14300.0,14.7,0,1
APP03446,Alex Lopez,978-16-8116,alex.lopez64@example.com,9530 Cedar Ln,96008,2000-09-17,rural,74400.0,0.447,8.3,0,2.0,20900.0,67.9,0,1
APP03447,Emma Davis,932-74-7498,emma.davis179@example.com,8008 Maple Ave,96049,1968-08-10,rural,55300.0,0.222,9.0,1,6.4,20500.0,65.3,1,0
APP03448,Carlos Moore,939-98-9549,carlos.moore825@example.com,7882 Lakeview Blvd,96009,1997-07-26,rural,33400.0,0.281,3.0,0,9.3,22800.0,84.9,1,0
APP03449,Emma Clark,998-15-2379,emma.clark734@example.com,9453 Elm Dr,91283,1964-09-01,metro,37900.0,0.354,1.8,0,15.4,26400.0,30.9,1,0
APP03450,Aisha Chen,996-13-1739,aisha.chen913@example.com,7995 Cedar Ln,96078,1985-08-14,rural,66800.0,0.233,4.6,0,4.9,34400.0,82.9,0,1
APP03451,Kevin Kim,973-61-2865,kevin.kim274@example.com,2262 Hillcrest Way,91599,1984-10-27,metro,78400.0,0.251,14.0,0,10.6,4400.0,41.9,0,1
APP03452,Fatima Davis,955-63-1924,fatima.davis426@example.com,5770 Maple Ave,90708,1956-03-10,metro,32600.0,0.155,8.8,0,1.2,10700.0,42.3,1,0
APP03453,Chloe Hernandez,961-50-5628,chloe.hernandez765@example.com,7693 Maple Ave,90505,1970-12-09,metro,,0.337,5.3,0,2.3,4700.0,38.4,0,1
APP03454,Priya Nguyen,993-44-5852,priya.nguyen849@example.com,9928 Pine Rd,90395,1961-04-06,metro,35600.0,0.326,12.8,1,3.5,12500.0,56.0,1,0
APP03455,Olivia Lopez,970-60-8189,olivia.lopez45@example.com,1037 Cedar Ln,91714,1998-09-19,metro,86100.0,0.332,12.9,1,3.4,22200.0,42.8,0,1
APP03456,Priya Garcia,986-64-4078,priya.garcia738@example.com,6996 Pine Rd,90059,1999-03-02,metro,75700.0,0.102,7.3,0,6.1,24700.0,46.0,0,1
APP03457,Maria Davis,957-61-2353,maria.davis653@example.com,3602 Maple Ave,95973,1980-02-12,rural,33600.0,0.425,7.5,1,5.0,16800.0,95.8,0,0
APP03458,Sofia Lopez,964-41-8954,sofia.lopez172@example.com,1236 Maple Ave,91890,1987-07-03,metro,76400.0,0.386,5.1,0,2.1,33600.0,33.1,1,1
APP03459,Carlos Garcia,915-95-1096,carlos.garcia986@example.com,6776 Elm Dr,90270,1975-02-02,metro,120600.0,0.339,6.4,1,5.6,18000.0,38.2,0,1
APP03460,Ravi Garcia,961-53-6866,ravi.garcia714@example.com,7526 Lakeview Blvd,91494,1951-08-09,metro,69500.0,0.487,5.4,0,11.5,17600.0,40.0,0,1
APP03461,Omar Clark,925-91-5305,omar.clark78@example.com,5780 Elm Dr,91719,1990-03-31,metro,54800.0,0.129,13.4,1,4.9,7300.0,33.1,1,0
APP03462,Alex Ali,926-72-1684,alex.ali790@example.com,8084 Cedar Ln,90629,1971-09-22,metro,25800.0,0.62,9.4,2,7.0,41300.0,35.4,1,0
APP03463,Hiro Brown,958-43-8327,hiro.brown633@example.com,6028 Hillcrest Way,90353,2000-04-02,metro,49000.0,0.339,7.3,2,2.0,25800.0,37.4,0,0
APP03464,Noah Garcia,997-59-9028,noah.garcia344@example.com,2573 Oak St,91348,1976-04-10,metro,122900.0,0.417,3.2,0,3.2,26400.0,33.0,0,1
APP03465,Grace Davis,936-39-9199,grace.davis120@example.com,2323 Elm Dr,90042,1964-02-22,metro,58100.0,0.288,17.8,0,18.4,15400.0,36.8,0,1
APP03466,Noah Taylor,953-32-2229,noah.taylor779@example.com,5755 Lakeview Blvd,91370,1975-08-09,metro,58000.0,0.097,4.7,0,4.9,11100.0,34.6,0,1
APP03467,Noah Ramirez,916-38-6641,noah.ramirez590@example.com,674 Pine Rd,96192,1969-12-24,rural,54600.0,0.405,5.0,0,5.7,14200.0,74.9,1,0
APP03468,Kevin Nguyen,997-52-5683,kevin.nguyen642@example.com,8410 Maple Ave,91330,1955-05-08,metro,59100.0,0.424,6.3,0,3.0,11800.0,36.3,0,0
APP03469,James Martinez,965-55-8070,james.martinez840@example.com,7628 Cedar Ln,91399,1959-04-11,metro,78800.0,0.404,7.9,1,7.8,33600.0,45.3,1,0
APP03470,Sofia Kim,994-37-8465,sofia.kim962@example.com,8372 Hillcrest Way,96149,1991-01-13,rural,66900.0,0.02,10.4,0,4.3,23500.0,68.9,0,1
APP03471,Priya Lee,946-48-7177,priya.lee109@example.com,1309 Maple Ave,91630,1976-01-28,metro,53300.0,0.361,7.5,0,6.1,19900.0,15.2,1,0
APP03472,Priya Ali,998-19-3732,priya.ali192@example.com,5372 Hillcrest Way,90540,1981-04-22,metro,48400.0,0.324,9.9,0,11.3,10600.0,25.0,0,1
APP03473,Linh Garcia,996-59-7170,linh.garcia998@example.com,9450 Lakeview Blvd,96060,1975-09-09,rural,49200.0,0.127,14.9,0,3.0,8300.0,91.6,1,0
APP03474,Maria Hernandez,979-26-8849,maria.hernandez707@example.com,450 Oak St,90677,1954-07-21,metro,31000.0,0.258,13.1,0,9.2,23700.0,34.1,1,0
APP03475,Omar Ali,921-71-2562,omar.ali873@example.com,9389 Elm Dr,96125,1966-12-01,rural,69000.0,0.463,1.2,1,10.3,27200.0,70.1,1,0
APP03476,Olivia Singh,998-96-9805,olivia.singh374@example.com,1445 Lakeview Blvd,90252,1966-03-07,metro,54600.0,0.138,16.9,1,3.3,28400.0,39.0,0,1
APP03477,Maria Hernandez,900-78-6591,maria.hernandez468@example.com,5286 Hillcrest Way,95904,1973-02-10,rural,90900.0,0.173,15.9,0,10.6,37700.0,72.6,0,1
APP03478,Omar Ali,986-74-1103,omar.ali510@example.com,4074 Cedar Ln,91489,1994-01-27,metro,70500.0,0.577,6.5,0,10.2,22200.0,32.8,1,0
APP03479,Olivia Ali,957-89-9294,olivia.ali63@example.com,1350 Cedar Ln,91207,2000-12-24,metro,57000.0,0.407,9.9,1,13.4,21600.0,37.0,1,0
APP03480,Linh Smith,952-95-8238,linh.smith671@example.com,7803 Elm Dr,96177,1967-01-24,rural,50500.0,0.468,13.8,0,2.5,41300.0,67.2,1,0
APP03481,Aisha Lopez,990-66-7460,aisha.lopez216@example.com,3744 Oak St,91869,1973-09-24,metro,86300.0,0.21,5.3,0,3.6,20900.0,29.6,0,1
APP03482,Sofia Garcia,939-28-1262,sofia.garcia23@example.com,543 Pine Rd,91305,1967-05-10,metro,43300.0,0.273,9.5,1,9.4,22900.0,27.8,0,1
APP03483,Olivia Brown,926-60-6864,olivia.brown852@example.com,3372 Pine Rd,91067,1954-01-12,metro,93100.0,0.245,15.0,1,6.8,24200.0,50.3,0,1
APP03484,Mateo Clark,938-36-1786,mateo.clark863@example.com,1740 Lakeview Blvd,90864,1970-12-30,metro,26700.0,0.275,2.8,0,8.0,10400.0,36.9,1,0
APP03485,Grace Moore,954-26-5180,grace.moore14@example.com,1347 Elm Dr,90267,1976-04-11,metro,36200.0,0.316,17.3,0,7.4,27500.0,34.7,1,0
APP03486,Hiro Taylor,951-97-3176,hiro.taylor411@example.com,1984 Oak St,91460,1993-01-25,metro,28200.0,0.404,3.1,0,7.7,28900.0,44.7,0,0
APP03487,James Ramirez,952-14-2724,james.ramirez824@example.com,124 Lakeview Blvd,91234,1954-04-26,metro,,0.305,18.7,1,4.7,19500.0,24.9,0,1
APP03488,Fatima Clark,929-25-4512,fatima.clark677@example.com,3049 Elm Dr,95967,1988-07-20,rural,59700.0,0.278,0.9,0,2.5,9500.0,49.1,1,0
APP03489,Linh Martinez,993-87-8487,linh.martinez342@example.com,6749 Maple Ave,91969,1965-03-19,metro,50400.0,0.229,11.2,0,5.5,12200.0,37.9,0,1
APP03490,Sofia Davis,905-36-5498,sofia.davis203@example.com,8525 Cedar Ln,96026,1962-07-23,rural,56200.0,0.348,11.5,0,5.7,35300.0,85.8,1,0
APP03491,Aisha Garcia,969-24-4941,aisha.garcia124@example.com,3071 Maple Ave,95927,1959-06-03,rural,44400.0,0.174,17.9,1,16.1,26300.0,70.7,1,0
APP03492,Sofia Patel,995-47-8416,sofia.patel932@example.com,8327 Cedar Ln,96186,2001-11-23,rural,111100.0,0.276,7.5,1,6.6,18900.0,64.0,0,1
APP03493,Chloe Patel,959-71-4312,chloe.patel137@example.com,8610 Elm Dr,91674,1952-03-27,metro,104100.0,0.239,3.2,0,10.3,25600.0,44.4,0,1
APP03494,Carlos Moore,910-87-8852,carlos.moore537@example.com,8618 Cedar Ln,96020,1959-12-06,rural,38600.0,0.184,1.6,0,3.8,28600.0,78.1,1,0
APP03495,Priya Wilson,975-11-2023,priya.wilson806@example.com,7228 Lakeview Blvd,91444,1960-03-22,metro,43200.0,0.596,25.1,0,6.9,18100.0,32.7,1,0
APP03496,Linh Smith,986-50-9827,linh.smith931@example.com,6837 Lakeview Blvd,91017,1999-11-21,metro,107900.0,0.296,8.9,1,5.8,23500.0,35.7,0,1
APP03497,Sofia Patel,947-94-4258,sofia.patel388@example.com,9006 Elm Dr,91859,1994-12-01,metro,85700.0,0.253,2.7,2,11.1,25700.0,33.3,0,1
APP03498,Ravi Ramirez,992-14-7602,ravi.ramirez9@example.com,4662 Pine Rd,91753,1964-10-22,metro,57300.0,0.195,8.0,0,4.7,23700.0,53.6,0,1
APP03499,Olivia Davis,931-82-3304,olivia.davis606@example.com,9648 Oak St,91426,1955-05-25,metro,58100.0,0.437,9.8,0,1.9,20800.0,33.5,0,1
APP03500,Chloe Davis,981-60-2668,chloe.davis808@example.com,5918 Oak St,91354,1978-01-18,metro,86700.0,0.247,15.5,1,2.5,8700.0,23.6,0,1
APP03501,Linh Wilson,945-54-3449,linh.wilson581@example.com,7034 Elm Dr,91014,1977-08-05,metro,44300.0,0.56,3.2,1,,26000.0,45.3,1,0
APP03502,Mateo Garcia,977-35-4464,mateo.garcia262@example.com,3126 Hillcrest Way,91099,1968-11-07,metro,25000.0,0.479,11.0,0,2.0,12100.0,30.4,1,0
APP03503,Aisha Lee,935-62-8279,aisha.lee207@example.com,1728 Elm Dr,91246,1990-09-12,metro,104800.0,0.243,4.9,0,13.4,43300.0,36.1,0,1
APP03504,Priya Smith,967-96-8928,priya.smith485@example.com,4691 Elm Dr,91591,2000-12-26,metro,95000.0,0.404,17.7,0,16.0,18000.0,39.7,0,1
APP03505,Linh Patel,911-41-9193,linh.patel516@example.com,7318 Cedar Ln,90567,1990-01-22,metro,23900.0,0.331,11.7,1,11.1,15400.0,28.6,1,0
APP03506,Aisha Ramirez,989-76-4162,aisha.ramirez404@example.com,2183 Cedar Ln,91343,1950-04-14,metro,32300.0,0.175,10.2,0,6.2,15900.0,36.6,0,1
APP03507,Aisha Lee,987-13-7461,aisha.lee633@example.com,8089 Pine Rd,90481,1989-10-23,metro,,0.318,4.6,1,9.1,25100.0,52.6,0,1
APP03508,Chloe Taylor,927-40-6045,chloe.taylor994@example.com,3066 Hillcrest Way,90402,1990-07-27,metro,63100.0,0.436,4.0,0,9.4,12600.0,35.7,1,0
APP03509,Carlos Davis,978-33-8201,carlos.davis838@example.com,3869 Maple Ave,91879,1999-11-07,metro,63300.0,0.342,6.0,0,7.0,29700.0,44.3,1,0
APP03510,Omar Lee,954-39-9314,omar.lee710@example.com,4253 Elm Dr,95922,1980-08-05,rural,34700.0,0.348,8.0,0,,12400.0,83.1,0,0
APP03511,Omar Brown,985-56-6044,omar.brown909@example.com,4578 Pine Rd,91442,1971-02-11,metro,,0.442,5.8,0,2.3,22200.0,37.8,1,0
APP03512,Fatima Hernandez,936-31-3354,fatima.hernandez442@example.com,3689 Elm Dr,95945,1951-11-03,rural,44000.0,0.308,10.4,2,5.3,23300.0,66.5,1,0
APP03513,Omar Ramirez,977-69-4815,omar.ramirez317@example.com,9526 Pine Rd,90398,1982-06-11,metro,46100.0,0.376,11.3,0,1.6,16100.0,36.5,0,0
APP03514,Sofia Patel,905-12-4865,sofia.patel387@example.com,8942 Lakeview Blvd,90150,1983-04-05,metro,32100.0,0.279,4.6,0,5.1,16400.0,43.8,1,0
APP03515,Maria Ramirez,914-36-2072,maria.ramirez383@example.com,6716 Pine Rd,90358,1974-10-23,metro,34200.0,0.32,19.4,0,24.2,7200.0,54.0,0,1
APP03516,Mateo Garcia,961-53-4908,mateo.garcia331@example.com,2337 Oak St,91289,1998-03-06,metro,34000.0,0.721,15.2,0,4.2,24600.0,44.8,1,0
APP03517,Ravi Lopez,971-64-6410,ravi.lopez183@example.com,3699 Elm Dr,90624,1965-05-25,metro,32500.0,0.278,3.7,1,8.2,17800.0,33.5,1,0
APP03518,Noah Lee,935-14-5808,noah.lee53@example.com,1469 Cedar Ln,90651,1963-03-13,metro,67400.0,0.476,16.1,1,9.3,30000.0,18.9,1,0
APP03519,Alex Brown,968-85-3633,alex.brown96@example.com,3532 Hillcrest Way,91314,1965-09-29,metro,65100.0,0.109,10.8,1,2.7,14400.0,33.3,0,1
APP03520,Hiro Singh,926-67-9852,hiro.singh114@example.com,9128 Oak St,95919,1951-12-26,rural,83500.0,0.332,6.6,1,8.9,8300.0,68.1,0,1
APP03521,Linh Patel,985-37-3185,linh.patel337@example.com,2950 Oak St,90018,1957-09-22,metro,57400.0,0.277,15.1,0,10.3,8800.0,29.8,0,1
APP03522,Hiro Martinez,956-11-7316,hiro.martinez376@example.com,8033 Elm Dr,90487,1979-08-22,metro,73700.0,0.243,12.2,0,12.0,37300.0,24.0,0,1
APP03523,Grace Davis,994-28-8529,grace.davis677@example.com,9079 Maple Ave,90660,1994-10-20,metro,57400.0,0.162,17.8,0,,6100.0,38.7,0,1
APP03524,Linh Chen,971-51-4679,linh.chen654@example.com,8307 Maple Ave,91665,1982-02-15,metro,122500.0,0.234,3.6,0,10.2,17600.0,25.8,0,1
APP03525,Maria Martinez,986-11-9309,maria.martinez692@example.com,6988 Hillcrest Way,96086,1995-08-08,rural,32100.0,0.358,5.3,1,9.9,11400.0,66.5,1,0
APP03526,Noah Smith,946-97-8550,noah.smith714@example.com,6741 Maple Ave,91492,1977-07-12,metro,47500.0,0.08,4.3,0,2.2,30600.0,39.7,0,1
APP03527,Daniel Smith,941-76-7614,daniel.smith8@example.com,454 Maple Ave,91707,1961-05-12,metro,81700.0,0.344,7.7,1,6.8,8200.0,20.4,1,0
APP03528,Priya Ali,970-15-1160,priya.ali70@example.com,4847 Elm Dr,91249,1974-06-24,metro,110500.0,0.514,1.1,0,14.0,30300.0,40.7,0,1
APP03529,Omar Garcia,905-73-2031,omar.garcia229@example.com,5182 Hillcrest Way,95933,1987-10-22,rural,78700.0,0.579,6.5,0,1.4,35400.0,79.4,1,0
APP03530,Sofia Ramirez,900-67-9710,sofia.ramirez312@example.com,8870 Pine Rd,91028,1981-05-02,metro,62400.0,0.426,13.7,1,2.5,41600.0,43.1,0,1
APP03531,Sofia Garcia,924-39-8837,sofia.garcia290@example.com,8685 Cedar Ln,96142,1969-12-09,rural,30100.0,0.264,19.7,0,4.8,23800.0,73.6,1,0
APP03532,Fatima Patel,907-46-3890,fatima.patel301@example.com,4565 Lakeview Blvd,90474,1989-10-27,metro,44800.0,0.511,24.6,2,3.1,3700.0,38.6,1,0
APP03533,Linh Patel,935-58-7380,linh.patel19@example.com,4974 Oak St,91076,1984-01-02,metro,98600.0,0.384,6.4,0,3.9,23200.0,31.0,0,1
APP03534,Chloe Wilson,962-41-1297,chloe.wilson533@example.com,9570 Cedar Ln,90319,1966-10-09,metro,89900.0,0.543,3.4,2,6.5,27400.0,39.9,0,0
APP03535,Sofia Davis,924-84-9891,sofia.davis310@example.com,2756 Elm Dr,90759,1979-02-14,metro,105300.0,0.335,4.5,0,5.9,21700.0,40.7,0,1
APP03536,Daniel Singh,909-53-5780,daniel.singh740@example.com,6075 Lakeview Blvd,91821,1992-07-04,metro,86800.0,0.325,2.0,1,6.6,23200.0,47.3,0,0
APP03537,Olivia Johnson,966-45-4369,olivia.johnson698@example.com,124 Oak St,90646,1953-08-11,metro,48800.0,0.282,6.6,0,2.0,36100.0,37.0,0,1
APP03538,Aisha Johnson,910-54-8031,aisha.johnson818@example.com,1404 Maple Ave,96112,1958-05-29,rural,92200.0,0.409,5.2,0,2.7,14800.0,64.3,1,0
APP03539,Emma Kim,976-31-3971,emma.kim511@example.com,4840 Oak St,96189,1980-02-22,rural,72600.0,0.43,9.0,0,3.6,21300.0,80.0,1,0
APP03540,Sofia Ali,937-78-4584,sofia.ali107@example.com,9136 Pine Rd,91196,1955-01-14,metro,58800.0,0.242,8.4,0,5.7,24700.0,28.9,0,1
APP03541,Carlos Wilson,940-44-6420,carlos.wilson407@example.com,3441 Hillcrest Way,95949,1978-02-16,rural,51700.0,0.353,8.0,0,6.4,23200.0,74.1,0,1
APP03542,Linh Hernandez,915-69-1026,linh.hernandez378@example.com,3954 Oak St,96142,1957-11-04,rural,51800.0,0.572,7.9,0,3.8,36600.0,65.0,1,0
APP03543,Daniel Wilson,987-92-9300,daniel.wilson121@example.com,1957 Lakeview Blvd,96129,1983-05-15,rural,55500.0,0.336,9.2,1,3.7,31200.0,68.9,1,0
APP03544,Sofia Lopez,931-54-8383,sofia.lopez981@example.com,5224 Oak St,96033,1956-08-16,rural,33100.0,0.299,2.7,0,1.8,22200.0,68.1,0,0
APP03545,Emma Nguyen,918-17-6413,emma.nguyen697@example.com,4985 Maple Ave,90970,1966-06-09,metro,94200.0,0.336,4.5,1,11.9,25400.0,36.9,1,0
APP03546,Fatima Johnson,989-14-9884,fatima.johnson971@example.com,6346 Pine Rd,91856,1950-01-12,metro,125200.0,0.313,5.2,0,10.1,20800.0,40.5,0,1
APP03547,Emma Singh,917-34-2229,emma.singh436@example.com,9948 Hillcrest Way,96133,1999-09-18,rural,80200.0,0.23,12.4,1,14.2,16900.0,68.4,0,1
APP03548,Maria Clark,977-43-2129,maria.clark544@example.com,3354 Lakeview Blvd,90416,1951-11-14,metro,90200.0,0.351,5.4,0,3.1,21800.0,48.9,1,0
APP03549,James Nguyen,991-61-4588,james.nguyen615@example.com,3094 Pine Rd,95912,1966-11-03,rural,34200.0,0.331,12.1,0,,31800.0,91.3,1,0
APP03550,Emma Nguyen,985-64-3493,emma.nguyen620@example.com,7703 Elm Dr,91566,1973-07-23,metro,66200.0,0.482,4.0,0,,35600.0,40.5,0,1
APP03551,Ravi Lee,951-33-2356,ravi.lee717@example.com,3820 Pine Rd,90831,1986-05-24,metro,94900.0,0.123,5.2,0,11.4,20300.0,54.2,0,1
APP03552,Aisha Hernandez,966-36-6396,aisha.hernandez885@example.com,7223 Cedar Ln,96128,1969-02-06,rural,131500.0,0.425,16.5,0,7.1,18500.0,77.8,0,1
APP03553,Chloe Martinez,939-91-1626,chloe.martinez355@example.com,8048 Cedar Ln,96097,1984-06-10,rural,51000.0,0.23,2.4,0,10.8,20000.0,81.1,1,0
APP03554,Carlos Brown,990-87-5224,carlos.brown142@example.com,3855 Maple Ave,90975,1985-12-21,metro,64300.0,0.171,11.8,1,15.9,28200.0,37.2,0,1
APP03555,Kevin Hernandez,901-51-9595,kevin.hernandez431@example.com,7758 Lakeview Blvd,90674,1991-05-11,metro,61600.0,0.381,11.9,0,24.7,30900.0,42.6,0,1
APP03556,Noah Smith,936-86-9065,noah.smith196@example.com,227 Oak St,90715,1951-06-22,metro,79500.0,0.347,10.7,0,3.1,23700.0,51.5,0,1
APP03557,Chloe Martinez,960-79-8615,chloe.martinez343@example.com,9513 Lakeview Blvd,90894,1995-10-18,metro,76800.0,0.084,7.9,1,12.9,22100.0,23.5,0,1
APP03558,Omar Brown,966-53-1871,omar.brown267@example.com,2963 Cedar Ln,90296,1955-05-22,metro,42900.0,0.298,7.2,2,6.6,22500.0,40.3,1,0
APP03559,Linh Nguyen,938-30-2132,linh.nguyen824@example.com,2994 Elm Dr,96139,1968-10-18,rural,48700.0,0.425,9.2,0,9.1,31500.0,64.6,1,0
APP03560,Mateo Hernandez,950-99-9648,mateo.hernandez441@example.com,5980 Lakeview Blvd,91017,1962-12-26,metro,48800.0,0.297,3.6,0,0.8,32200.0,28.2,1,0
APP03561,Olivia Patel,942-28-2925,olivia.patel492@example.com,3329 Oak St,95918,1996-08-14,rural,32900.0,0.173,9.1,0,1.6,26700.0,71.9,1,0
APP03562,Omar Lopez,922-91-6112,omar.lopez647@example.com,5449 Hillcrest Way,91723,1968-03-18,metro,38100.0,0.35,14.5,0,6.2,10100.0,28.3,1,0
APP03563,Priya Davis,952-92-2854,priya.davis663@example.com,9104 Pine Rd,91581,1971-05-08,metro,47200.0,0.365,21.4,1,2.8,16100.0,35.8,1,0
APP03564,Kevin Nguyen,984-73-6887,kevin.nguyen443@example.com,1180 Lakeview Blvd,90144,1993-08-01,metro,50900.0,0.436,19.1,0,3.4,15100.0,38.1,1,0
APP03565,Daniel Lopez,917-14-4597,daniel.lopez28@example.com,7326 Oak St,90593,1984-07-08,metro,49300.0,0.198,10.3,0,21.8,8300.0,41.6,0,1
APP03566,Alex Taylor,925-12-5114,alex.taylor714@example.com,3527 Pine Rd,91369,1985-10-05,metro,62700.0,0.305,7.3,0,3.5,19400.0,46.0,0,1
APP03567,Hiro Johnson,955-91-2309,hiro.johnson35@example.com,123 Oak St,96017,1950-08-23,rural,33400.0,0.465,6.1,1,5.6,2000.0,71.8,1,0
APP03568,Kevin Johnson,916-10-3337,kevin.johnson734@example.com,163 Pine Rd,90550,1990-04-12,metro,32900.0,0.176,8.5,0,3.1,24300.0,28.4,1,0
APP03569,Aisha Garcia,915-22-1318,aisha.garcia356@example.com,1314 Maple Ave,91268,1991-12-21,metro,127100.0,0.355,16.0,0,4.6,10200.0,28.4,0,1
APP03570,Mateo Clark,935-34-1858,mateo.clark576@example.com,1801 Oak St,90920,1961-06-13,metro,53300.0,0.191,7.6,1,1.6,25700.0,32.8,0,1
APP03571,Noah Ali,969-55-2733,noah.ali676@example.com,4239 Cedar Ln,90746,1996-10-31,metro,53300.0,0.401,3.4,1,8.2,23500.0,16.6,1,0
APP03572,Chloe Ramirez,955-61-5135,chloe.ramirez353@example.com,3052 Lakeview Blvd,90555,1990-11-06,metro,104300.0,0.376,13.0,1,9.0,31100.0,35.3,0,1
APP03573,James Clark,959-75-1446,james.clark672@example.com,1722 Hillcrest Way,96131,1988-10-05,rural,65700.0,0.437,2.2,1,4.2,12200.0,68.4,1,0
APP03574,Grace Patel,932-60-3298,grace.patel432@example.com,5226 Cedar Ln,91022,1966-11-08,metro,,0.422,5.7,0,6.1,25200.0,50.2,0,1
APP03575,Alex Moore,981-14-4064,alex.moore916@example.com,6094 Lakeview Blvd,90381,2001-06-06,metro,43900.0,0.475,10.4,1,10.3,27700.0,26.8,1,0
APP03576,Ravi Ramirez,978-58-1419,ravi.ramirez767@example.com,3922 Lakeview Blvd,91209,1986-08-08,metro,76900.0,0.142,12.5,1,12.5,15400.0,36.0,1,1
APP03577,Maria Hernandez,944-55-6059,maria.hernandez285@example.com,5887 Hillcrest Way,91744,1964-10-15,metro,56100.0,0.424,1.9,0,6.8,22500.0,46.8,0,0
APP03578,Sofia Moore,915-72-7766,sofia.moore850@example.com,7981 Cedar Ln,90009,1959-05-04,metro,68700.0,0.439,12.1,0,2.5,19500.0,40.3,0,1
APP03579,Mateo Patel,963-52-5905,mateo.patel483@example.com,2736 Lakeview Blvd,90389,1967-10-18,metro,61200.0,0.264,8.3,1,6.8,15300.0,54.1,0,1
APP03580,James Brown,955-15-3707,james.brown524@example.com,79 Pine Rd,95990,1961-02-20,rural,42500.0,0.23,13.3,1,5.5,28000.0,76.5,0,0
APP03581,Alex Smith,950-42-5844,alex.smith544@example.com,4729 Oak St,90335,1987-11-30,metro,130400.0,0.336,18.7,0,4.2,27400.0,30.4,0,1
APP03582,Carlos Davis,901-36-5816,carlos.davis368@example.com,8025 Hillcrest Way,90216,1977-07-03,metro,53600.0,0.127,9.0,0,6.1,36700.0,31.5,0,1
APP03583,Hiro Nguyen,904-83-6699,hiro.nguyen41@example.com,1120 Oak St,91616,1975-12-18,metro,101600.0,0.381,6.5,2,4.4,18900.0,17.1,1,0
APP03584,Hiro Singh,938-19-2040,hiro.singh490@example.com,326 Lakeview Blvd,90265,1998-12-17,metro,32900.0,0.377,25.1,0,4.6,22500.0,24.1,0,1
APP03585,Mateo Moore,983-17-7341,mateo.moore884@example.com,7313 Hillcrest Way,91823,1986-10-29,metro,61000.0,0.172,5.0,0,5.4,23600.0,46.8,0,1
APP03586,Mateo Johnson,943-41-8474,mateo.johnson467@example.com,1797 Oak St,90263,1977-05-27,metro,76400.0,0.189,7.6,1,7.0,26700.0,39.7,0,1
APP03587,Alex Wilson,975-49-6301,alex.wilson286@example.com,2812 Pine Rd,91584,1995-09-23,metro,97700.0,0.277,1.6,1,5.8,17800.0,24.3,0,1
APP03588,Hiro Garcia,995-20-1166,hiro.garcia505@example.com,6551 Hillcrest Way,91447,1973-07-04,metro,95700.0,0.412,12.1,0,5.3,18100.0,30.9,1,1
APP03589,Hiro Patel,914-23-1780,hiro.patel122@example.com,3085 Hillcrest Way,96044,1968-06-12,rural,78900.0,0.311,10.2,0,3.2,22600.0,67.7,1,0
APP03590,Linh Patel,953-52-1584,linh.patel470@example.com,1428 Oak St,96107,1969-04-11,rural,61300.0,0.369,15.7,3,0.9,33800.0,75.3,0,0
APP03591,Omar Smith,918-51-9537,omar.smith813@example.com,6551 Cedar Ln,95913,1994-02-03,rural,74000.0,0.348,11.7,0,15.7,21800.0,79.1,1,0
APP03592,Aisha Chen,962-12-5536,aisha.chen646@example.com,9249 Cedar Ln,90027,1998-01-30,metro,,0.395,4.0,0,8.4,23000.0,41.3,0,1
APP03593,Priya Ramirez,966-21-4100,priya.ramirez270@example.com,4739 Hillcrest Way,96130,1951-08-31,rural,73800.0,0.404,4.6,1,,30000.0,79.8,1,0
APP03594,Sofia Chen,984-43-8795,sofia.chen607@example.com,4251 Maple Ave,96139,1957-04-17,rural,29700.0,0.285,16.0,0,4.1,17700.0,69.0,1,0
APP03595,Hiro Garcia,996-17-5243,hiro.garcia667@example.com,544 Cedar Ln,91262,1966-12-21,metro,89600.0,0.431,14.0,2,8.6,20600.0,38.6,0,1
APP03596,Daniel Smith,966-34-7220,daniel.smith984@example.com,8383 Oak St,91315,1963-04-15,metro,92800.0,0.166,13.2,0,4.9,21800.0,25.8,0,1
APP03597,Alex Ramirez,965-84-3991,alex.ramirez401@example.com,5138 Maple Ave,90374,1997-03-06,metro,74400.0,0.409,2.8,0,9.8,20100.0,23.7,1,1
APP03598,Daniel Ali,943-86-8418,daniel.ali887@example.com,2581 Maple Ave,90090,1983-12-03,metro,60000.0,0.12,3.9,0,5.4,25400.0,31.2,1,0
APP03599,Kevin Davis,978-94-3879,kevin.davis206@example.com,1720 Hillcrest Way,90076,1954-08-27,metro,84100.0,0.265,12.2,0,3.1,21900.0,22.1,0,1
APP03600,Maria Davis,911-11-7117,maria.davis209@example.com,9604 Elm Dr,91771,1980-10-16,metro,86600.0,0.341,5.6,2,11.2,28800.0,35.3,1,0
APP03601,Ravi Martinez,903-59-5674,ravi.martinez46@example.com,9917 Oak St,90985,1983-01-10,metro,51800.0,0.332,4.1,0,6.3,24300.0,29.5,1,0
APP03602,Priya Garcia,970-12-6334,priya.garcia667@example.com,3345 Pine Rd,95960,1975-08-01,rural,52900.0,0.259,5.3,0,4.0,25300.0,69.1,1,1
APP03603,Sofia Ramirez,968-88-3888,sofia.ramirez204@example.com,3896 Hillcrest Way,96155,1953-02-18,rural,77800.0,0.134,13.4,0,5.6,28000.0,75.2,0,1
APP03604,Maria Wilson,999-88-7819,maria.wilson753@example.com,3030 Maple Ave,96169,1971-05-16,rural,143200.0,0.436,9.9,0,12.6,25500.0,67.6,0,0
APP03605,Emma Chen,995-54-3612,emma.chen272@example.com,1172 Maple Ave,91483,1971-07-15,metro,39200.0,0.543,8.8,2,7.2,23700.0,36.0,1,0
APP03606,James Smith,911-16-5584,james.smith189@example.com,5338 Hillcrest Way,96090,1992-06-11,rural,71500.0,0.211,4.9,2,8.0,11100.0,72.6,1,0
APP03607,Kevin Ali,924-18-8722,kevin.ali365@example.com,6139 Hillcrest Way,91007,1977-09-12,metro,57500.0,0.357,12.7,0,3.8,29600.0,20.7,1,1
APP03608,Carlos Brown,949-27-8076,carlos.brown735@example.com,9119 Maple Ave,96013,1980-10-31,rural,107900.0,0.324,13.6,1,0.8,25000.0,85.8,1,0
APP03609,James Chen,977-62-4972,james.chen877@example.com,5563 Lakeview Blvd,90047,1969-12-18,metro,41500.0,0.37,7.1,0,1.3,36300.0,38.5,1,0
APP03610,Noah Martinez,931-97-2858,noah.martinez812@example.com,1458 Pine Rd,91074,1975-10-19,metro,53800.0,0.145,14.9,1,9.5,20300.0,12.7,0,1
APP03611,Priya Nguyen,966-96-5166,priya.nguyen871@example.com,22 Elm Dr,91099,1954-08-15,metro,54400.0,0.462,13.0,0,2.4,16500.0,23.2,0,1
APP03612,Hiro Clark,990-41-5413,hiro.clark70@example.com,8614 Oak St,90540,2001-06-18,metro,45100.0,0.298,3.3,2,7.8,36000.0,39.3,1,0
APP03613,Hiro Hernandez,912-24-5848,hiro.hernandez27@example.com,7062 Pine Rd,91151,1982-08-26,metro,36000.0,0.418,9.6,1,,16000.0,55.7,1,0
APP03614,James Taylor,934-92-6559,james.taylor865@example.com,4377 Elm Dr,95929,2000-01-01,rural,84300.0,0.323,5.1,1,2.7,13700.0,66.7,1,0
APP03615,Daniel Lee,926-26-3575,daniel.lee483@example.com,6030 Hillcrest Way,91935,1997-10-10,metro,97000.0,0.275,25.0,1,11.1,19500.0,42.8,0,1
APP03616,Emma Davis,916-67-8245,emma.davis25@example.com,3293 Lakeview Blvd,96035,1967-04-21,rural,49100.0,0.32,20.8,0,5.4,18100.0,66.6,1,0
APP03617,Daniel Wilson,900-30-7669,daniel.wilson266@example.com,4952 Elm Dr,91887,1962-10-22,metro,83700.0,0.176,4.6,0,12.0,19800.0,28.8,0,1
APP03618,Priya Clark,991-83-4134,priya.clark425@example.com,8387 Lakeview Blvd,90365,1999-11-29,metro,64500.0,0.373,5.4,0,12.8,21300.0,32.7,1,0
APP03619,Ravi Singh,924-63-1854,ravi.singh808@example.com,590 Lakeview Blvd,90699,1960-11-10,metro,54100.0,0.331,18.7,0,11.0,12200.0,31.7,0,1
APP03620,Alex Martinez,901-45-7300,alex.martinez608@example.com,5155 Lakeview Blvd,96164,1966-01-04,rural,52100.0,0.256,19.6,0,10.6,33300.0,65.8,0,1
APP03621,Olivia Martinez,984-14-3862,olivia.martinez143@example.com,2533 Lakeview Blvd,91499,1957-08-31,metro,81800.0,0.411,6.5,1,5.2,36900.0,45.0,0,1
APP03622,James Brown,906-39-4644,james.brown824@example.com,8617 Cedar Ln,90970,1971-03-21,metro,63900.0,0.698,9.9,2,0.2,23000.0,37.0,1,0
APP03623,Omar Martinez,984-48-8003,omar.martinez112@example.com,2359 Lakeview Blvd,90570,1994-08-08,metro,45500.0,0.527,2.3,0,15.4,25600.0,42.1,1,0
APP03624,Mateo Martinez,953-32-2006,mateo.martinez271@example.com,2481 Oak St,90773,1965-06-02,metro,34600.0,0.271,6.7,0,,26100.0,28.6,0,1
APP03625,Olivia Davis,915-31-1488,olivia.davis22@example.com,6423 Pine Rd,96024,1988-09-08,rural,56000.0,0.146,16.2,0,14.4,21200.0,63.4,1,1
APP03626,Priya Martinez,934-10-3458,priya.martinez506@example.com,2191 Pine Rd,96084,1999-12-04,rural,30600.0,0.234,4.1,0,3.4,15100.0,89.5,0,0
APP03627,Daniel Smith,964-81-7430,daniel.smith53@example.com,7797 Hillcrest Way,90071,1981-03-02,metro,130100.0,0.365,11.9,1,10.1,25800.0,40.7,0,1
APP03628,Emma Smith,967-30-1318,emma.smith726@example.com,4468 Hillcrest Way,96041,1950-09-04,rural,70600.0,0.267,11.4,1,1.3,38000.0,61.7,0,1
APP03629,Mateo Lopez,913-72-6250,mateo.lopez458@example.com,3969 Hillcrest Way,91355,1968-04-26,metro,83800.0,0.436,4.5,0,4.3,35100.0,25.8,0,1
APP03630,Daniel Lopez,969-88-7791,daniel.lopez545@example.com,9403 Oak St,90572,1961-03-17,metro,103700.0,0.235,3.8,0,1.5,40300.0,45.6,1,0
APP03631,Carlos Hernandez,960-60-8723,carlos.hernandez38@example.com,7130 Oak St,91715,1990-07-01,metro,165700.0,0.219,5.5,0,3.6,18600.0,51.5,0,1
APP03632,Emma Clark,949-24-8206,emma.clark557@example.com,6088 Lakeview Blvd,91390,1987-07-05,metro,60300.0,0.424,14.6,0,5.3,42900.0,26.9,1,0
APP03633,Maria Davis,937-84-6153,maria.davis166@example.com,9188 Maple Ave,90668,1969-01-17,metro,43300.0,0.193,6.5,0,1.9,2000.0,39.3,0,1
APP03634,Noah Moore,978-20-5742,noah.moore931@example.com,1385 Cedar Ln,91414,1966-03-22,metro,50200.0,0.394,15.3,0,6.5,13000.0,6.2,0,1
APP03635,Chloe Singh,969-66-4626,chloe.singh492@example.com,6809 Pine Rd,90191,1992-06-17,metro,43100.0,0.23,5.0,1,9.3,14600.0,55.2,0,1
APP03636,Mateo Singh,999-77-5005,mateo.singh391@example.com,7780 Oak St,91499,1953-12-13,metro,52600.0,0.543,14.6,1,4.7,16300.0,36.4,0,0
APP03637,James Nguyen,968-70-4729,james.nguyen787@example.com,3709 Cedar Ln,91671,1975-08-19,metro,52500.0,0.507,8.6,1,8.8,16100.0,32.1,0,1
APP03638,Aisha Kim,992-79-2943,aisha.kim747@example.com,1153 Lakeview Blvd,91631,1961-09-10,metro,65900.0,0.45,9.4,1,6.2,13600.0,45.0,1,0
APP03639,Carlos Wilson,996-12-9593,carlos.wilson179@example.com,504 Lakeview Blvd,91540,1980-09-12,metro,36100.0,0.355,11.5,0,9.6,35100.0,32.2,1,0
APP03640,Omar Brown,924-45-1451,omar.brown996@example.com,3757 Cedar Ln,91762,1995-11-07,metro,117200.0,0.201,17.0,1,1.4,25500.0,22.8,0,1
APP03641,Maria Chen,993-86-9189,maria.chen642@example.com,486 Maple Ave,96049,1985-05-26,rural,62900.0,0.512,2.5,0,5.8,5500.0,75.6,1,0
APP03642,Chloe Brown,995-41-5768,chloe.brown781@example.com,7156 Lakeview Blvd,90026,1982-01-09,metro,108600.0,0.451,14.9,0,2.7,22700.0,43.8,0,1
APP03643,Mateo Davis,945-32-5961,mateo.davis728@example.com,3325 Cedar Ln,96074,1982-03-02,rural,52900.0,0.283,10.1,0,10.2,15800.0,71.8,0,1
APP03644,Omar Patel,976-71-6070,omar.patel960@example.com,6565 Oak St,90278,1982-05-24,metro,39600.0,0.5,2.6,1,2.9,20500.0,37.9,1,0
APP03645,Omar Ali,982-37-6895,omar.ali878@example.com,9706 Elm Dr,90588,1980-11-10,metro,45000.0,0.412,11.9,0,7.5,22300.0,34.7,1,0
APP03646,Aisha Taylor,981-22-2564,aisha.taylor361@example.com,3027 Pine Rd,91748,1977-06-25,metro,46500.0,0.25,3.0,0,14.3,10500.0,40.2,0,1
APP03647,Daniel Johnson,901-71-2820,daniel.johnson766@example.com,4475 Cedar Ln,91799,1964-08-21,metro,78600.0,0.17,16.4,1,3.1,22700.0,45.2,0,1
APP03648,Sofia Clark,938-15-1309,sofia.clark413@example.com,3399 Elm Dr,96056,1980-05-26,rural,,0.124,6.0,0,7.3,30600.0,61.5,0,1
APP03649,Chloe Nguyen,949-23-7373,chloe.nguyen381@example.com,3126 Lakeview Blvd,96159,1993-11-13,rural,59300.0,0.385,27.2,0,,25000.0,80.1,0,1
APP03650,Linh Taylor,998-26-3032,linh.taylor509@example.com,526 Lakeview Blvd,91568,1964-11-23,metro,54200.0,0.161,13.5,1,15.9,17300.0,36.7,0,1
APP03651,James Wilson,975-13-1585,james.wilson348@example.com,731 Elm Dr,96171,1987-11-03,rural,35200.0,0.357,5.7,0,6.6,11400.0,80.1,1,0
APP03652,Chloe Martinez,987-82-2772,chloe.martinez978@example.com,535 Lakeview Blvd,90269,1958-11-27,metro,73300.0,0.204,4.3,1,2.1,29300.0,49.3,0,1
APP03653,Chloe Nguyen,988-64-4029,chloe.nguyen892@example.com,9169 Maple Ave,90999,1974-03-16,metro,85400.0,0.369,16.3,0,5.0,22000.0,46.2,0,1
APP03654,Olivia Hernandez,915-83-3565,olivia.hernandez378@example.com,3899 Maple Ave,90873,1996-12-05,metro,62600.0,0.442,11.1,0,8.2,17500.0,41.6,0,1
APP03655,Maria Patel,928-12-1759,maria.patel362@example.com,2504 Elm Dr,95956,1968-04-10,rural,101300.0,0.388,6.7,0,5.1,9800.0,86.2,1,0
APP03656,Emma Ramirez,958-53-3247,emma.ramirez896@example.com,8568 Pine Rd,90283,1985-08-25,metro,,0.428,2.7,0,7.6,14400.0,33.0,0,0
APP03657,Olivia Davis,955-43-5189,olivia.davis24@example.com,3134 Oak St,91350,1968-06-06,metro,45400.0,0.458,14.7,0,14.4,28200.0,24.2,1,0
APP03658,Ravi Martinez,948-53-4222,ravi.martinez337@example.com,5609 Lakeview Blvd,90065,1970-08-01,metro,72200.0,0.272,6.7,0,1.0,23300.0,40.4,0,1
APP03659,Carlos Clark,943-18-5299,carlos.clark542@example.com,2594 Maple Ave,96137,1984-03-27,rural,48300.0,0.311,7.8,1,8.0,14300.0,72.9,0,1
APP03660,Fatima Garcia,917-79-4844,fatima.garcia397@example.com,4411 Maple Ave,91966,1968-05-16,metro,84500.0,0.04,16.5,0,8.8,16300.0,36.7,0,1
APP03661,Sofia Wilson,900-55-1454,sofia.wilson447@example.com,7471 Oak St,91579,1982-11-19,metro,134200.0,0.371,8.3,0,9.2,24300.0,34.4,0,1
APP03662,Linh Davis,969-18-1376,linh.davis934@example.com,8734 Pine Rd,96195,1950-09-26,rural,34700.0,0.302,14.0,0,15.9,19700.0,71.0,1,0
APP03663,Omar Ramirez,941-43-9099,omar.ramirez743@example.com,2613 Lakeview Blvd,90921,1978-03-04,metro,68100.0,0.211,15.3,0,15.7,21000.0,33.4,0,1
APP03664,Noah Patel,931-13-2653,noah.patel438@example.com,3051 Lakeview Blvd,96050,1979-01-25,rural,42800.0,0.232,3.5,0,13.0,9500.0,74.5,0,0
APP03665,Linh Lee,925-59-3898,linh.lee551@example.com,9639 Pine Rd,91661,1979-12-07,metro,54300.0,0.338,18.5,0,7.5,13500.0,44.6,0,1
APP03666,Fatima Martinez,918-73-5080,fatima.martinez846@example.com,1667 Cedar Ln,91835,1953-01-04,metro,65300.0,0.303,8.7,0,2.0,36300.0,33.2,0,1
APP03667,Noah Martinez,911-56-3232,noah.martinez768@example.com,5817 Maple Ave,91814,1962-10-20,metro,70900.0,0.432,5.3,1,7.4,9200.0,37.6,1,0
APP03668,Fatima Garcia,991-62-3209,fatima.garcia86@example.com,8973 Lakeview Blvd,90368,1954-07-12,metro,72500.0,0.378,17.2,1,9.9,18900.0,43.7,0,1
APP03669,James Chen,944-62-4500,james.chen44@example.com,4923 Lakeview Blvd,96161,1979-07-25,rural,78400.0,0.342,11.1,0,6.9,19700.0,89.7,0,1
APP03670,Grace Taylor,961-20-4184,grace.taylor889@example.com,5965 Pine Rd,91224,1981-04-08,metro,35800.0,0.263,15.6,1,,23400.0,14.7,1,0
APP03671,Kevin Brown,930-15-1713,kevin.brown785@example.com,5592 Elm Dr,96065,1986-02-06,rural,95400.0,0.345,6.1,1,4.2,27400.0,73.9,0,0
APP03672,Linh Ramirez,991-62-6654,linh.ramirez236@example.com,7941 Oak St,90393,1985-05-13,metro,78000.0,0.48,9.6,0,7.5,20400.0,26.2,1,0
APP03673,Priya Singh,975-79-5097,priya.singh388@example.com,1485 Maple Ave,91587,1986-11-01,metro,62800.0,0.369,8.7,1,6.6,32700.0,32.8,1,0
APP03674,Ravi Lee,984-64-5689,ravi.lee256@example.com,5990 Oak St,90138,1960-06-11,metro,72000.0,0.413,2.8,0,7.4,26400.0,49.4,1,0
APP03675,James Lopez,910-83-1303,james.lopez291@example.com,4524 Hillcrest Way,96127,1991-02-20,rural,41400.0,0.467,4.1,1,14.3,19100.0,65.1,1,0
APP03676,Chloe Wilson,927-53-1733,chloe.wilson493@example.com,7766 Lakeview Blvd,90859,1978-01-27,metro,78500.0,0.409,8.2,1,7.2,24700.0,20.2,0,1
APP03677,Priya Ramirez,944-91-4943,priya.ramirez791@example.com,9777 Hillcrest Way,90665,1950-01-03,metro,56400.0,0.434,3.2,3,6.6,7500.0,21.0,1,0
APP03678,Emma Patel,945-72-5180,emma.patel782@example.com,536 Maple Ave,91152,1979-06-24,metro,97300.0,0.409,14.9,0,14.7,38300.0,29.1,0,1
APP03679,Daniel Taylor,934-46-7201,daniel.taylor463@example.com,7482 Hillcrest Way,95969,1971-02-15,rural,69800.0,0.505,16.7,2,8.9,14400.0,76.3,0,1
APP03680,Grace Lopez,992-28-4523,grace.lopez953@example.com,4242 Pine Rd,91679,1996-09-25,metro,61600.0,0.507,6.2,3,1.7,21800.0,35.5,1,0
APP03681,Aisha Nguyen,988-72-4660,aisha.nguyen852@example.com,1885 Lakeview Blvd,95905,1954-09-09,rural,42700.0,0.671,10.9,1,1.9,34200.0,63.2,1,0
APP03682,Alex Ali,965-67-5383,alex.ali331@example.com,7036 Maple Ave,91444,1974-10-18,metro,55800.0,0.361,12.7,0,6.6,12500.0,43.7,1,0
APP03683,Noah Lopez,997-40-2641,noah.lopez7@example.com,1848 Cedar Ln,91181,2000-06-20,metro,58400.0,0.385,8.5,1,20.4,19400.0,27.3,0,1
APP03684,Daniel Garcia,976-94-1984,daniel.garcia132@example.com,2992 Lakeview Blvd,96043,1952-07-03,rural,39300.0,0.14,13.3,1,9.8,15300.0,67.6,0,1
APP03685,Olivia Lee,901-42-1234,olivia.lee382@example.com,3654 Elm Dr,90255,1996-08-06,metro,75900.0,0.376,15.2,0,0.9,31500.0,37.2,0,0
APP03686,Hiro Davis,910-70-4461,hiro.davis180@example.com,4614 Cedar Ln,96011,1968-07-12,rural,61100.0,0.236,9.7,1,3.9,8700.0,81.6,1,0
APP03687,Noah Nguyen,983-32-5764,noah.nguyen371@example.com,4603 Pine Rd,96110,1968-02-06,rural,51000.0,0.522,8.4,0,12.1,13100.0,74.8,0,0
APP03688,Omar Martinez,971-73-1106,omar.martinez207@example.com,5367 Cedar Ln,91745,1955-04-12,metro,61300.0,0.329,12.7,0,4.3,16800.0,35.0,1,0
APP03689,Priya Clark,982-60-9238,priya.clark465@example.com,5494 Cedar Ln,91901,1952-01-22,metro,68700.0,0.23,10.6,0,2.8,23200.0,40.7,0,1
APP03690,Sofia Hernandez,909-95-7753,sofia.hernandez584@example.com,2971 Oak St,96014,1993-05-18,rural,92400.0,0.53,4.4,0,5.5,11300.0,78.1,0,0
APP03691,Mateo Lee,957-11-7259,mateo.lee794@example.com,126 Elm Dr,91436,1965-06-07,metro,69700.0,0.302,7.8,1,2.0,14300.0,34.6,1,0
APP03692,Mateo Hernandez,919-42-1888,mateo.hernandez653@example.com,5104 Oak St,91414,1952-02-15,metro,40300.0,0.296,9.3,2,,22500.0,33.0,1,0
APP03693,Hiro Kim,942-19-2183,hiro.kim86@example.com,3039 Lakeview Blvd,95927,2000-05-16,rural,24500.0,0.481,13.6,1,12.7,20500.0,86.2,0,0
APP03694,Emma Hernandez,938-32-6076,emma.hernandez540@example.com,2991 Elm Dr,91563,1991-11-23,metro,55000.0,0.448,7.2,0,2.3,24200.0,29.8,1,0
APP03695,Aisha Ramirez,957-32-7471,aisha.ramirez432@example.com,1649 Pine Rd,90708,1998-01-26,metro,75300.0,0.324,9.0,0,11.5,23900.0,29.9,1,0
APP03696,Aisha Martinez,932-51-2841,aisha.martinez641@example.com,624 Pine Rd,96156,1965-02-24,rural,39600.0,0.507,9.0,0,5.6,21400.0,68.3,0,0
APP03697,Grace Clark,989-19-2253,grace.clark104@example.com,5081 Hillcrest Way,91179,1957-11-29,metro,101900.0,0.157,11.9,0,2.9,19000.0,29.3,0,1
APP03698,Linh Smith,984-53-3799,linh.smith320@example.com,8001 Pine Rd,91606,1970-05-20,metro,89900.0,0.368,2.8,0,3.7,6700.0,34.1,0,1
APP03699,Maria Taylor,977-81-4594,maria.taylor832@example.com,7088 Hillcrest Way,91551,1997-01-07,metro,87000.0,0.525,5.5,1,,8900.0,27.2,1,0
APP03700,Linh Lopez,944-72-9084,linh.lopez648@example.com,7612 Cedar Ln,90136,1994-11-11,metro,92700.0,0.394,8.7,1,4.2,26100.0,28.2,0,1
APP03701,Chloe Hernandez,979-73-1996,chloe.hernandez878@example.com,3497 Hillcrest Way,90716,1953-02-09,metro,82200.0,0.329,8.5,1,2.2,22200.0,31.3,0,1
APP03702,Fatima Smith,935-27-6713,fatima.smith440@example.com,7934 Elm Dr,91149,1951-10-19,metro,69200.0,0.179,8.0,0,5.3,16400.0,44.3,0,1
APP03703,Aisha Martinez,994-77-1267,aisha.martinez2@example.com,8422 Oak St,90293,1977-03-26,metro,64700.0,0.279,7.2,2,5.8,30500.0,28.8,0,0
APP03704,Hiro Martinez,919-85-1832,hiro.martinez274@example.com,4050 Lakeview Blvd,91615,1985-08-29,metro,34200.0,0.201,6.6,1,1.6,20200.0,41.5,1,0
APP03705,Fatima Kim,980-64-4235,fatima.kim1@example.com,1858 Oak St,90333,1953-06-19,metro,61300.0,0.548,24.7,0,6.0,23300.0,29.0,0,0
APP03706,Alex Davis,970-14-6537,alex.davis324@example.com,7252 Maple Ave,90026,1968-01-17,metro,83800.0,0.41,12.5,0,5.0,24800.0,33.8,0,1
APP03707,Chloe Davis,940-82-4460,chloe.davis360@example.com,5073 Oak St,95969,1985-05-24,rural,63800.0,0.411,8.1,2,,23900.0,68.3,1,0
APP03708,Sofia Smith,939-76-4992,sofia.smith355@example.com,4833 Cedar Ln,91007,1960-12-03,metro,73000.0,0.443,10.0,0,4.4,17900.0,46.2,0,1
APP03709,Chloe Kim,945-57-1855,chloe.kim586@example.com,8190 Hillcrest Way,91043,1984-11-15,metro,73000.0,0.496,11.3,0,7.0,20600.0,27.5,0,1
APP03710,Chloe Clark,964-86-8472,chloe.clark972@example.com,7927 Cedar Ln,90938,1976-01-16,metro,56200.0,0.378,15.3,0,9.0,19300.0,46.4,0,1
APP03711,Omar Wilson,933-97-7494,omar.wilson223@example.com,8004 Cedar Ln,91815,1998-11-08,metro,151800.0,0.184,9.1,1,10.1,21500.0,37.6,0,1
APP03712,Noah Johnson,927-61-4782,noah.johnson567@example.com,6499 Lakeview Blvd,91808,1994-11-03,metro,147700.0,0.163,5.3,1,3.2,29500.0,27.6,0,1
APP03713,Noah Taylor,966-62-9154,noah.taylor714@example.com,8803 Hillcrest Way,96102,1951-04-28,rural,48900.0,0.302,11.7,0,2.8,27200.0,70.9,0,1
APP03714,Priya Chen,987-80-9434,priya.chen811@example.com,2125 Maple Ave,95956,1985-05-25,rural,92900.0,0.265,23.0,0,2.8,30600.0,87.8,0,1
APP03715,Hiro Wilson,948-87-4849,hiro.wilson183@example.com,4873 Elm Dr,96117,1998-11-29,rural,58800.0,0.393,37.4,0,11.0,16700.0,65.2,0,1
APP03716,Ravi Clark,912-71-2933,ravi.clark746@example.com,1865 Cedar Ln,90658,1990-08-04,metro,54100.0,0.284,5.7,0,1.7,26600.0,44.8,0,1
APP03717,Priya Taylor,993-72-3337,priya.taylor817@example.com,3836 Elm Dr,96059,1997-01-24,rural,88300.0,0.539,6.2,1,2.1,23700.0,78.8,1,0
APP03718,Priya Kim,936-22-7003,priya.kim186@example.com,6083 Elm Dr,90936,1959-11-20,metro,95300.0,0.268,9.3,1,1.0,13000.0,19.5,0,1
APP03719,Emma Martinez,946-55-7933,emma.martinez672@example.com,5256 Lakeview Blvd,91408,1955-06-08,metro,117400.0,0.344,12.5,0,2.6,6800.0,37.7,0,1
APP03720,Mateo Davis,959-57-2245,mateo.davis768@example.com,4794 Pine Rd,90871,1975-12-03,metro,47100.0,0.404,9.7,0,5.2,19700.0,35.9,1,0
APP03721,Ravi Wilson,940-28-5867,ravi.wilson3@example.com,3025 Pine Rd,90160,1977-12-07,metro,47100.0,0.383,13.6,0,5.2,23300.0,34.9,1,0
APP03722,Chloe Hernandez,936-42-6751,chloe.hernandez506@example.com,3277 Elm Dr,96061,1963-03-28,rural,72600.0,0.328,5.7,1,13.7,15400.0,59.1,0,1
APP03723,Daniel Kim,965-40-5830,daniel.kim881@example.com,6959 Oak St,95970,1968-11-15,rural,82800.0,0.336,5.5,1,5.7,27100.0,68.9,1,0
APP03724,Priya Singh,928-47-4152,priya.singh170@example.com,7725 Cedar Ln,91413,1958-02-17,metro,97100.0,0.501,7.7,1,1.9,2000.0,40.1,0,1
APP03725,Priya Taylor,915-62-5591,priya.taylor815@example.com,9316 Pine Rd,91995,1988-06-26,metro,28600.0,0.362,5.0,0,11.5,24400.0,35.0,1,0
APP03726,Sofia Clark,952-26-3215,sofia.clark663@example.com,3801 Oak St,96100,1989-12-16,rural,38600.0,0.213,3.1,0,7.1,18900.0,67.8,1,0
APP03727,Carlos Patel,965-96-2946,carlos.patel982@example.com,1486 Lakeview Blvd,95977,1980-10-12,rural,35500.0,0.567,10.4,1,2.5,3900.0,82.4,1,0
APP03728,Hiro Taylor,902-54-5981,hiro.taylor86@example.com,2017 Elm Dr,96101,1992-02-16,rural,32400.0,0.422,14.0,0,6.7,28300.0,67.4,1,0
APP03729,Fatima Smith,948-43-7751,fatima.smith547@example.com,8911 Pine Rd,91037,1989-03-07,metro,64300.0,0.214,9.7,0,17.6,28400.0,46.5,0,1
APP03730,Omar Hernandez,945-78-6114,omar.hernandez106@example.com,1603 Hillcrest Way,95951,1974-01-09,rural,71500.0,0.295,9.6,1,1.7,27200.0,72.8,0,1
APP03731,Kevin Davis,968-23-9284,kevin.davis384@example.com,303 Cedar Ln,91063,1962-08-30,metro,72800.0,0.451,12.6,1,1.4,27400.0,32.5,1,0
APP03732,Kevin Moore,952-95-3503,kevin.moore553@example.com,8898 Cedar Ln,91635,1960-01-29,metro,66800.0,0.152,17.1,0,5.3,23000.0,36.9,0,1
APP03733,Mateo Lee,919-77-2596,mateo.lee434@example.com,8460 Maple Ave,91296,1967-02-03,metro,88400.0,0.537,1.3,0,12.9,20600.0,37.3,0,1
APP03734,Daniel Kim,938-43-9086,daniel.kim5@example.com,1711 Cedar Ln,91900,1993-10-24,metro,39500.0,0.272,7.2,1,3.4,33400.0,41.9,1,0
APP03735,James Chen,919-13-3986,james.chen463@example.com,486 Elm Dr,90768,1978-07-21,metro,22300.0,0.473,6.7,0,0.9,4400.0,22.8,1,0
APP03736,Olivia Nguyen,923-75-3324,olivia.nguyen826@example.com,3077 Hillcrest Way,90125,1994-12-31,metro,69800.0,0.314,16.3,0,12.3,22900.0,39.3,0,1
APP03737,Grace Wilson,925-52-2083,grace.wilson561@example.com,9163 Cedar Ln,91708,1975-01-15,metro,67900.0,0.445,4.1,0,2.2,29700.0,29.9,1,0
APP03738,Sofia Johnson,945-23-5562,sofia.johnson882@example.com,8422 Hillcrest Way,91064,1984-04-05,metro,112400.0,0.475,6.5,1,1.2,23100.0,33.4,0,1
APP03739,James Moore,915-57-9196,james.moore11@example.com,5693 Oak St,91445,1989-01-12,metro,,0.504,22.3,0,5.5,23100.0,36.9,0,1
APP03740,Grace Davis,937-28-4150,grace.davis661@example.com,473 Elm Dr,90610,1956-09-12,metro,86900.0,0.421,5.0,0,4.9,18300.0,42.4,0,1
APP03741,Kevin Nguyen,921-14-9070,kevin.nguyen177@example.com,3127 Pine Rd,95972,1967-08-21,rural,50700.0,0.731,14.2,1,6.5,20100.0,80.1,1,0
APP03742,Emma Brown,908-34-2982,emma.brown859@example.com,9110 Maple Ave,90412,1968-06-22,metro,93700.0,0.403,5.1,0,8.8,24200.0,18.5,0,1
APP03743,Grace Chen,920-27-8818,grace.chen388@example.com,1784 Oak St,90296,1981-08-31,metro,,0.337,8.0,0,4.3,19800.0,28.1,0,1
APP03744,Daniel Brown,956-74-2211,daniel.brown319@example.com,4255 Cedar Ln,91622,1965-01-23,metro,54200.0,0.234,14.3,1,6.0,17200.0,38.8,0,1
APP03745,Chloe Patel,988-47-3437,chloe.patel559@example.com,3237 Lakeview Blvd,90705,2000-12-11,metro,61300.0,0.428,17.3,1,1.7,32600.0,41.6,0,0
APP03746,Emma Smith,980-80-9583,emma.smith463@example.com,1542 Elm Dr,91396,1974-02-01,metro,46100.0,0.252,11.5,1,,2000.0,35.2,0,1
APP03747,Carlos Clark,995-78-4657,carlos.clark981@example.com,4917 Lakeview Blvd,90630,1962-07-25,metro,72500.0,0.382,13.9,0,2.9,33400.0,35.0,0,1
APP03748,Chloe Lee,975-47-6185,chloe.lee444@example.com,5171 Cedar Ln,96043,1980-06-24,rural,45300.0,0.561,8.9,0,,21600.0,72.2,1,0
APP03749,Kevin Ramirez,959-83-5899,kevin.ramirez494@example.com,3063 Cedar Ln,91138,1957-03-04,metro,50000.0,0.581,5.1,0,2.0,9600.0,36.3,1,0
APP03750,Ravi Martinez,969-67-9909,ravi.martinez900@example.com,5500 Cedar Ln,90299,1973-08-28,metro,46700.0,0.331,3.1,0,7.2,30600.0,28.1,0,1
APP03751,Fatima Ali,995-29-4987,fatima.ali654@example.com,5148 Maple Ave,95927,1990-03-30,rural,30500.0,0.43,14.0,1,5.8,27600.0,54.8,1,0
APP03752,Sofia Kim,950-30-1377,sofia.kim42@example.com,7801 Hillcrest Way,96093,1958-05-05,rural,64500.0,0.349,5.8,1,17.4,30600.0,79.8,1,0
APP03753,Kevin Ali,961-33-9832,kevin.ali665@example.com,9481 Cedar Ln,90587,1955-04-03,metro,58600.0,0.394,6.3,0,0.6,16800.0,53.1,0,0
APP03754,Grace Garcia,967-63-3238,grace.garcia785@example.com,9497 Cedar Ln,90381,1989-11-21,metro,38300.0,0.417,15.5,0,27.1,25300.0,20.5,1,0
APP03755,Carlos Singh,904-24-6559,carlos.singh241@example.com,2675 Elm Dr,91138,1980-06-23,metro,42000.0,0.17,4.8,0,14.3,19200.0,38.7,0,1
APP03756,Sofia Chen,923-31-8552,sofia.chen866@example.com,9583 Lakeview Blvd,96135,1983-02-24,rural,41500.0,0.56,11.6,0,7.1,32900.0,73.2,1,0
APP03757,Chloe Johnson,901-90-9543,chloe.johnson161@example.com,7786 Lakeview Blvd,90020,1968-09-13,metro,53800.0,0.363,13.5,0,3.5,7700.0,48.5,0,0
APP03758,Sofia Wilson,978-39-2674,sofia.wilson754@example.com,9675 Pine Rd,90654,1985-08-28,metro,57900.0,0.531,4.5,1,2.8,15700.0,36.0,0,0
APP03759,Sofia Singh,988-38-3607,sofia.singh522@example.com,2060 Maple Ave,96001,2001-05-18,rural,37600.0,0.309,11.0,0,5.3,14700.0,69.5,0,1
APP03760,Carlos Ali,911-73-8659,carlos.ali747@example.com,5522 Cedar Ln,91448,1955-05-25,metro,48200.0,0.325,8.5,0,7.5,40900.0,30.4,1,0
APP03761,Sofia Hernandez,907-95-6109,sofia.hernandez952@example.com,7043 Maple Ave,91736,1976-01-12,metro,72400.0,0.403,5.9,0,14.8,24000.0,36.0,0,1
APP03762,Priya Singh,941-30-1567,priya.singh488@example.com,4786 Lakeview Blvd,95927,1960-07-03,rural,63000.0,0.199,12.4,2,13.2,21500.0,65.5,0,1
APP03763,Priya Lopez,989-68-5087,priya.lopez623@example.com,9721 Pine Rd,91247,1956-04-04,metro,77600.0,0.334,4.9,1,6.4,16000.0,15.3,0,1
APP03764,Grace Brown,957-84-4482,grace.brown885@example.com,9108 Hillcrest Way,90280,1968-05-14,metro,66100.0,0.361,4.1,0,8.0,17600.0,37.8,1,0
APP03765,Hiro Davis,910-26-1146,hiro.davis206@example.com,7264 Oak St,91064,1999-06-20,metro,49800.0,0.465,15.4,0,12.0,16900.0,29.8,1,0
APP03766,Aisha Moore,911-10-1491,aisha.moore455@example.com,3757 Cedar Ln,91605,1975-02-26,metro,40000.0,0.255,7.2,0,1.0,20500.0,32.8,0,1
APP03767,Omar Clark,951-51-3290,omar.clark713@example.com,3477 Maple Ave,91845,1966-01-07,metro,70800.0,0.385,10.4,0,16.9,29500.0,28.8,0,1
APP03768,Sofia Hernandez,951-63-9883,sofia.hernandez741@example.com,7944 Pine Rd,90209,1957-10-29,metro,39100.0,0.393,12.5,0,5.3,25500.0,26.5,1,0
APP03769,Linh Clark,976-67-8184,linh.clark5@example.com,1578 Oak St,91133,1962-05-16,metro,68700.0,0.316,12.1,0,7.5,25800.0,64.6,0,0
APP03770,Aisha Ali,914-92-8398,aisha.ali924@example.com,1371 Maple Ave,91584,1983-07-04,metro,51000.0,0.495,2.4,1,6.4,32800.0,33.7,1,0
APP03771,Linh Clark,961-15-9845,linh.clark474@example.com,8428 Cedar Ln,91653,1988-10-23,metro,70600.0,0.144,3.0,0,8.2,22400.0,32.0,0,1
APP03772,Kevin Lee,942-70-1945,kevin.lee877@example.com,751 Hillcrest Way,90473,1977-04-30,metro,38700.0,0.458,10.2,0,8.3,29100.0,32.1,1,0
APP03773,Mateo Taylor,920-93-9336,mateo.taylor560@example.com,8249 Lakeview Blvd,90469,1988-07-16,metro,50300.0,0.369,8.1,0,5.0,15500.0,43.7,1,0
APP03774,Emma Kim,930-65-7973,emma.kim764@example.com,3559 Lakeview Blvd,90903,1990-04-26,metro,42000.0,0.582,4.1,0,10.8,32500.0,24.6,1,0
APP03775,James Lee,950-15-1180,james.lee700@example.com,388 Oak St,91696,1969-01-26,metro,108400.0,0.449,3.3,1,10.0,11000.0,41.0,0,1
APP03776,Mateo Davis,959-25-7361,mateo.davis506@example.com,5467 Lakeview Blvd,96028,1970-07-06,rural,,0.357,14.8,2,,18300.0,81.4,1,0
APP03777,Emma Nguyen,930-96-3453,emma.nguyen320@example.com,1901 Elm Dr,91943,1984-07-02,metro,72700.0,0.397,4.5,1,,17600.0,38.2,1,0
APP03778,Mateo Moore,968-44-9432,mateo.moore910@example.com,6145 Cedar Ln,90396,1978-03-17,metro,48600.0,0.43,3.7,1,1.6,14900.0,39.7,1,0
APP03779,Olivia Martinez,985-36-3989,olivia.martinez450@example.com,9850 Hillcrest Way,90915,1972-02-13,metro,78300.0,0.163,1.4,0,2.1,13700.0,46.9,0,1
APP03780,Sofia Garcia,903-36-3901,sofia.garcia69@example.com,9113 Pine Rd,91557,1977-11-11,metro,40600.0,0.251,4.8,3,11.3,22500.0,39.2,1,0
APP03781,Daniel Wilson,998-32-2017,daniel.wilson97@example.com,5050 Hillcrest Way,96151,1985-06-06,rural,69600.0,0.337,13.9,0,6.7,18800.0,78.6,0,0
APP03782,Chloe Martinez,965-26-3574,chloe.martinez162@example.com,9337 Pine Rd,96089,1975-01-04,rural,28300.0,0.28,14.8,0,13.0,22500.0,65.2,1,0
APP03783,Olivia Nguyen,950-95-5339,olivia.nguyen298@example.com,2530 Maple Ave,90216,1973-01-28,metro,143700.0,0.115,13.7,0,3.4,16000.0,48.8,0,1
APP03784,Linh Chen,963-85-8697,linh.chen591@example.com,2588 Lakeview Blvd,90323,1996-10-18,metro,31400.0,0.437,17.8,0,7.7,12200.0,30.6,0,0
APP03785,Chloe Kim,957-15-4756,chloe.kim816@example.com,906 Oak St,90830,1972-03-28,metro,58900.0,0.268,9.6,0,2.0,30500.0,30.4,0,1
APP03786,Chloe Lee,900-36-5286,chloe.lee627@example.com,7671 Cedar Ln,90112,1997-12-13,metro,104100.0,0.374,15.5,0,4.8,18200.0,32.9,0,1
APP03787,Daniel Smith,971-18-8458,daniel.smith479@example.com,589 Oak St,96091,1994-10-08,rural,45300.0,0.374,7.0,2,3.6,20100.0,71.1,0,0
APP03788,Chloe Kim,927-66-6646,chloe.kim371@example.com,1567 Hillcrest Way,91727,1976-05-24,metro,62900.0,0.442,7.3,1,10.2,19500.0,27.4,0,1
APP03789,Ravi Davis,916-79-2778,ravi.davis378@example.com,2477 Oak St,90526,1983-09-27,metro,71800.0,0.417,23.3,0,3.5,22300.0,36.7,0,1
APP03790,James Moore,925-49-4628,james.moore277@example.com,6901 Oak St,95931,1989-04-08,rural,92600.0,0.22,33.2,2,3.3,16700.0,51.5,0,1
APP03791,Ravi Garcia,981-52-9943,ravi.garcia533@example.com,5177 Maple Ave,91514,1978-03-15,metro,44500.0,0.309,9.0,1,4.3,25400.0,30.5,1,0
APP03792,Chloe Martinez,946-67-4828,chloe.martinez450@example.com,657 Cedar Ln,91247,1955-10-23,metro,67600.0,0.571,7.4,1,3.4,23100.0,48.2,0,0
APP03793,Hiro Patel,908-43-5685,hiro.patel753@example.com,3780 Elm Dr,95964,1981-05-07,rural,33800.0,0.274,17.4,1,3.3,20100.0,87.8,1,0
APP03794,Olivia Martinez,959-73-8814,olivia.martinez311@example.com,8452 Cedar Ln,96025,1985-04-16,rural,101700.0,0.249,26.6,1,4.1,28700.0,72.6,0,1
APP03795,Kevin Singh,963-56-8389,kevin.singh519@example.com,1350 Cedar Ln,90857,1993-03-14,metro,40100.0,0.362,8.5,1,2.4,23200.0,42.3,0,0
APP03796,Ravi Kim,969-56-2758,ravi.kim785@example.com,7235 Hillcrest Way,90662,1963-01-13,metro,33700.0,0.597,17.3,0,1.2,3800.0,23.1,1,0
APP03797,Priya Lopez,941-60-1022,priya.lopez847@example.com,395 Cedar Ln,90835,1965-09-23,metro,95000.0,0.231,6.3,0,22.0,17900.0,18.7,0,1
APP03798,Hiro Hernandez,985-45-6725,hiro.hernandez175@example.com,9063 Maple Ave,90658,1965-04-18,metro,49000.0,0.358,2.9,0,2.4,25700.0,35.1,1,0
APP03799,Emma Patel,900-71-5431,emma.patel842@example.com,3786 Maple Ave,96116,1997-12-15,rural,30700.0,0.242,10.2,0,3.7,26600.0,69.4,0,0
APP03800,Kevin Davis,956-60-5771,kevin.davis186@example.com,316 Elm Dr,91996,1956-11-30,metro,68200.0,0.314,7.0,0,3.0,26400.0,40.9,1,0
APP03801,Priya Lopez,997-55-1908,priya.lopez786@example.com,9886 Cedar Ln,96040,1979-02-01,rural,75500.0,0.273,12.0,0,12.4,27200.0,77.7,0,1
APP03802,Ravi Patel,921-31-1877,ravi.patel301@example.com,6015 Cedar Ln,90198,1997-06-17,metro,40800.0,0.489,13.5,0,4.0,33000.0,52.6,1,0
APP03803,Aisha Davis,923-80-7845,aisha.davis350@example.com,978 Pine Rd,96129,1986-04-13,rural,22600.0,0.143,3.7,2,4.2,21300.0,85.2,1,0
APP03804,Ravi Nguyen,966-48-5674,ravi.nguyen188@example.com,5639 Hillcrest Way,91333,1954-09-20,metro,44900.0,0.356,11.9,1,1.9,16800.0,47.9,0,1
APP03805,Noah Ali,960-24-9179,noah.ali649@example.com,63 Cedar Ln,96160,1976-05-15,rural,30500.0,0.57,6.2,0,0.7,17400.0,55.9,1,0
APP03806,Olivia Brown,993-30-9827,olivia.brown557@example.com,4365 Hillcrest Way,91305,1992-03-16,metro,84100.0,0.405,6.7,0,5.6,18200.0,14.0,0,1
APP03807,James Davis,971-27-6903,james.davis132@example.com,4529 Lakeview Blvd,91077,1983-10-27,metro,109000.0,0.325,11.4,0,6.8,23100.0,39.4,0,1
APP03808,Noah Wilson,988-33-9705,noah.wilson930@example.com,3989 Oak St,96153,1957-10-20,rural,50700.0,0.429,2.1,0,8.4,14700.0,63.5,1,0
APP03809,Grace Brown,967-60-5451,grace.brown476@example.com,3607 Lakeview Blvd,90928,1997-03-28,metro,100400.0,0.167,4.4,0,5.4,12000.0,35.9,0,1
APP03810,Ravi Garcia,959-22-1422,ravi.garcia294@example.com,8694 Oak St,90922,1991-07-29,metro,81500.0,0.421,12.1,0,3.1,26000.0,20.9,0,0
APP03811,James Martinez,928-31-2500,james.martinez404@example.com,3857 Lakeview Blvd,91783,1987-07-12,metro,96100.0,0.47,4.9,1,5.3,12000.0,37.7,0,1
APP03812,Aisha Singh,930-42-6703,aisha.singh443@example.com,9255 Oak St,96061,1978-11-28,rural,32400.0,0.284,19.1,0,4.9,26300.0,60.9,1,0
APP03813,Fatima Nguyen,906-25-2465,fatima.nguyen542@example.com,2484 Elm Dr,91259,1965-01-27,metro,85500.0,0.335,3.6,0,9.6,19000.0,29.9,0,1
APP03814,Chloe Singh,983-14-7755,chloe.singh360@example.com,9626 Elm Dr,91911,1986-08-11,metro,50700.0,0.506,4.5,0,4.9,25600.0,37.9,1,0
APP03815,Priya Moore,956-92-2714,priya.moore39@example.com,7937 Oak St,91887,1963-01-27,metro,40500.0,0.268,10.9,0,8.8,30900.0,44.3,1,0
APP03816,Omar Clark,926-83-8998,omar.clark620@example.com,678 Maple Ave,96061,1974-01-07,rural,29800.0,0.391,9.0,0,0.4,12400.0,84.1,0,0
APP03817,Daniel Garcia,941-81-9089,daniel.garcia161@example.com,5300 Oak St,90361,1957-09-30,metro,,0.168,18.0,0,5.6,16400.0,33.0,0,1
APP03818,Maria Johnson,984-73-2935,maria.johnson399@example.com,8404 Cedar Ln,90631,1959-06-12,metro,38200.0,0.274,11.5,0,5.6,20600.0,39.3,0,0
APP03819,Chloe Singh,986-70-3987,chloe.singh531@example.com,8482 Pine Rd,96062,1992-09-05,rural,33800.0,0.42,10.2,0,3.6,19800.0,75.2,1,0
APP03820,Kevin Wilson,999-39-2058,kevin.wilson167@example.com,3190 Elm Dr,90530,1974-11-13,metro,70000.0,0.16,10.2,1,9.8,7400.0,40.5,0,1
APP03821,Alex Lopez,937-99-4395,alex.lopez374@example.com,7383 Lakeview Blvd,90771,1956-01-21,metro,,0.465,15.0,0,15.0,11500.0,34.1,1,0
APP03822,Hiro Wilson,956-57-9538,hiro.wilson423@example.com,4909 Cedar Ln,90139,1960-05-21,metro,89700.0,0.15,8.1,1,13.2,30700.0,27.8,0,1
APP03823,Hiro Lee,959-59-4191,hiro.lee719@example.com,6519 Lakeview Blvd,95964,1969-08-31,rural,44300.0,0.568,16.1,0,7.9,19400.0,73.4,1,0
APP03824,Olivia Davis,931-62-8623,olivia.davis272@example.com,3098 Oak St,90106,1962-10-23,metro,62800.0,0.343,6.8,0,5.6,25000.0,41.7,0,1
APP03825,Ravi Patel,968-82-6684,ravi.patel137@example.com,4359 Lakeview Blvd,90508,1998-07-03,metro,42300.0,0.371,10.2,0,3.1,14100.0,46.2,0,1
APP03826,Carlos Taylor,917-68-9056,carlos.taylor877@example.com,4796 Elm Dr,91643,1966-06-11,metro,77900.0,0.172,5.6,0,6.6,25500.0,48.5,1,1
APP03827,Grace Singh,995-69-8062,grace.singh870@example.com,6197 Cedar Ln,91443,1989-12-11,metro,109700.0,0.303,27.2,0,0.3,23200.0,41.4,0,1
APP03828,Linh Taylor,959-97-6829,linh.taylor340@example.com,8988 Cedar Ln,91440,1972-12-24,metro,44400.0,0.41,15.0,1,5.7,16400.0,33.6,1,0
APP03829,Noah Moore,904-19-1765,noah.moore212@example.com,1506 Lakeview Blvd,96136,1959-04-12,rural,44700.0,0.436,6.4,0,2.8,17600.0,65.4,0,0
APP03830,Noah Patel,926-92-9641,noah.patel349@example.com,3027 Pine Rd,96108,1998-05-28,rural,41500.0,0.442,17.4,0,8.8,26200.0,58.8,1,0
APP03831,Priya Wilson,952-24-2507,priya.wilson920@example.com,715 Lakeview Blvd,90392,1962-04-15,metro,40600.0,0.504,4.7,0,9.0,32700.0,25.8,1,0
APP03832,Linh Moore,944-64-6042,linh.moore527@example.com,5939 Pine Rd,96165,1980-07-05,rural,85400.0,0.291,11.1,0,2.8,14200.0,76.1,0,1
APP03833,Daniel Ramirez,918-83-6578,daniel.ramirez669@example.com,4225 Cedar Ln,90267,1987-09-20,metro,43600.0,0.437,7.7,0,4.0,11400.0,25.5,0,1
APP03834,Daniel Wilson,986-64-6572,daniel.wilson120@example.com,8248 Lakeview Blvd,96023,1979-05-02,rural,90800.0,0.291,7.3,0,4.4,7600.0,60.2,0,1
APP03835,Daniel Brown,947-67-6671,daniel.brown314@example.com,8020 Pine Rd,91058,1983-03-19,metro,104100.0,0.421,17.3,1,6.8,30100.0,51.3,0,1
APP03836,Omar Garcia,920-38-8032,omar.garcia576@example.com,3562 Lakeview Blvd,95900,1991-11-17,rural,46600.0,0.312,14.6,0,14.4,20300.0,85.5,0,1
APP03837,Carlos Moore,948-85-9953,carlos.moore434@example.com,4907 Elm Dr,90017,1952-12-14,metro,86700.0,0.101,24.2,1,0.6,22600.0,30.6,0,1
APP03838,Omar Moore,964-25-8160,omar.moore125@example.com,5805 Cedar Ln,91258,1985-04-25,metro,49100.0,0.418,5.0,0,13.6,26300.0,27.7,1,0
APP03839,Carlos Lopez,917-71-2163,carlos.lopez742@example.com,1035 Lakeview Blvd,90739,1958-03-14,metro,122600.0,0.371,7.3,0,3.6,35100.0,31.1,0,1
APP03840,Priya Ramirez,905-16-2183,priya.ramirez72@example.com,1755 Maple Ave,96068,1990-11-11,rural,57800.0,0.532,10.2,1,14.3,28000.0,65.6,1,0
APP03841,Linh Ali,998-74-4614,linh.ali41@example.com,4527 Hillcrest Way,91545,1959-08-23,metro,48100.0,0.406,1.8,1,3.3,13600.0,25.2,1,0
APP03842,Chloe Lopez,904-41-1810,chloe.lopez864@example.com,1120 Maple Ave,91641,1992-04-29,metro,73900.0,0.421,4.4,1,3.2,26400.0,35.2,1,0
APP03843,Sofia Lopez,914-39-8109,sofia.lopez442@example.com,4063 Cedar Ln,95902,2001-04-12,rural,90000.0,0.38,6.9,0,3.6,33500.0,87.6,0,0
APP03844,Maria Lopez,957-95-8363,maria.lopez808@example.com,5260 Hillcrest Way,91425,1950-04-20,metro,33700.0,0.354,7.5,2,12.2,29000.0,25.1,1,0
APP03845,James Kim,932-70-6613,james.kim671@example.com,7235 Hillcrest Way,91831,2000-01-24,metro,115600.0,0.471,10.0,0,,25200.0,31.3,0,1
APP03846,Grace Brown,927-87-3136,grace.brown31@example.com,1060 Oak St,96075,1998-12-26,rural,46300.0,0.293,16.8,1,4.1,30400.0,61.4,1,0
APP03847,Noah Wilson,917-86-4757,noah.wilson904@example.com,2455 Oak St,90016,1958-10-28,metro,90900.0,0.391,10.0,0,3.2,21200.0,38.6,1,0
APP03848,Ravi Lee,928-69-8288,ravi.lee466@example.com,9402 Oak St,96086,1955-04-24,rural,84600.0,0.462,10.2,0,23.3,22400.0,74.4,1,0
APP03849,Sofia Ali,917-80-6823,sofia.ali164@example.com,9015 Pine Rd,96163,1952-07-18,rural,36700.0,0.442,6.2,2,16.5,18200.0,67.4,1,0
APP03850,Kevin Smith,944-43-7644,kevin.smith940@example.com,5921 Lakeview Blvd,91682,1997-01-13,metro,39800.0,0.462,3.5,0,8.3,13300.0,39.8,1,0
APP03851,James Singh,943-45-5194,james.singh298@example.com,6487 Elm Dr,90178,1997-08-06,metro,139300.0,0.322,18.9,1,7.4,6800.0,28.8,0,1
APP03852,Aisha Kim,964-84-8749,aisha.kim331@example.com,2370 Pine Rd,90546,1963-04-23,metro,54100.0,0.332,8.9,0,2.4,13100.0,32.4,1,0
APP03853,Chloe Garcia,940-91-1956,chloe.garcia295@example.com,9647 Elm Dr,96025,1988-06-03,rural,44500.0,0.278,17.1,3,1.0,30300.0,84.9,1,0
APP03854,Chloe Martinez,975-12-8308,chloe.martinez877@example.com,8275 Hillcrest Way,96071,1990-02-01,rural,60700.0,0.523,22.1,1,2.1,9100.0,72.7,1,0
APP03855,Mateo Nguyen,923-50-3390,mateo.nguyen430@example.com,7532 Hillcrest Way,90194,1980-09-06,metro,68100.0,0.02,9.7,3,13.3,16600.0,38.2,0,1
APP03856,Daniel Patel,905-14-5545,daniel.patel23@example.com,9350 Lakeview Blvd,90366,1979-03-12,metro,103700.0,0.218,9.8,0,5.0,30400.0,29.9,0,1
APP03857,Daniel Wilson,970-15-5245,daniel.wilson74@example.com,3862 Lakeview Blvd,90899,1994-12-24,metro,97400.0,0.401,2.9,1,9.3,17100.0,43.6,0,1
APP03858,Daniel Garcia,973-44-4103,daniel.garcia680@example.com,9777 Lakeview Blvd,96094,1951-07-22,rural,95100.0,0.474,12.9,0,5.9,22200.0,69.4,1,0
APP03859,Ravi Ramirez,910-26-2182,ravi.ramirez314@example.com,1021 Lakeview Blvd,91913,1993-05-22,metro,99800.0,0.361,8.7,1,7.4,26100.0,45.3,0,1
APP03860,Kevin Nguyen,905-54-6588,kevin.nguyen373@example.com,4052 Maple Ave,90504,1974-01-09,metro,54900.0,0.224,15.5,0,2.0,13300.0,40.3,0,1
APP03861,Mateo Kim,972-33-4950,mateo.kim902@example.com,3492 Hillcrest Way,90225,1978-08-02,metro,67000.0,0.268,7.9,0,8.0,3600.0,27.0,0,1
APP03862,Hiro Martinez,982-82-7445,hiro.martinez679@example.com,5021 Pine Rd,95952,1961-12-08,rural,67300.0,0.377,0.8,0,11.5,15700.0,90.9,0,1
APP03863,Chloe Kim,921-35-7410,chloe.kim821@example.com,6338 Oak St,90631,1979-04-19,metro,53000.0,0.192,3.7,0,7.9,34800.0,56.9,0,1
APP03864,James Hernandez,952-38-5416,james.hernandez442@example.com,8685 Hillcrest Way,95946,1984-04-05,rural,64000.0,0.395,7.6,0,2.7,24900.0,76.6,1,0
APP03865,Daniel Nguyen,932-32-8190,daniel.nguyen398@example.com,231 Elm Dr,96006,1981-09-20,rural,50500.0,0.369,3.6,0,3.6,12600.0,65.2,0,0
APP03866,Maria Lopez,935-73-3194,maria.lopez291@example.com,656 Maple Ave,96099,1968-04-18,rural,43900.0,0.262,11.6,0,2.1,35600.0,67.6,1,0
APP03867,Mateo Singh,997-37-7686,mateo.singh940@example.com,660 Pine Rd,95927,1958-09-30,rural,88100.0,0.54,5.2,1,6.5,21500.0,71.6,1,0
APP03868,Carlos Singh,928-72-6440,carlos.singh239@example.com,4752 Pine Rd,90838,1962-01-26,metro,44900.0,0.085,7.8,0,3.8,2100.0,33.4,0,1
APP03869,Daniel Moore,994-52-7195,daniel.moore516@example.com,8894 Cedar Ln,90339,1963-03-21,metro,37400.0,0.232,8.4,0,9.9,9800.0,27.9,0,0
APP03870,Hiro Clark,915-79-7109,hiro.clark212@example.com,1969 Elm Dr,90888,1959-05-22,metro,46000.0,0.312,5.7,0,12.2,26800.0,43.7,1,0
APP03871,Aisha Garcia,900-15-2375,aisha.garcia951@example.com,3844 Pine Rd,96126,1978-04-13,rural,72700.0,0.35,9.1,0,2.6,32600.0,68.3,0,1
APP03872,Chloe Smith,906-96-4679,chloe.smith463@example.com,3362 Oak St,90881,1954-06-02,metro,71900.0,0.304,21.6,1,3.3,29100.0,40.9,0,1
APP03873,Priya Brown,943-48-4028,priya.brown823@example.com,4896 Pine Rd,91283,1996-01-16,metro,65100.0,0.133,18.5,2,7.5,29000.0,49.8,0,1
APP03874,Aisha Chen,964-78-1835,aisha.chen267@example.com,9381 Pine Rd,95933,1991-08-09,rural,43700.0,0.515,3.6,0,5.6,32200.0,77.7,1,0
APP03875,Sofia Johnson,920-96-3870,sofia.johnson328@example.com,1779 Elm Dr,95956,1972-03-03,rural,80500.0,0.215,4.1,0,0.7,21200.0,71.9,0,1
APP03876,Fatima Wilson,926-17-3361,fatima.wilson41@example.com,3588 Lakeview Blvd,90561,1971-09-11,metro,73900.0,0.373,1.8,0,4.4,27700.0,37.7,0,1
APP03877,Omar Nguyen,961-58-8488,omar.nguyen416@example.com,8293 Lakeview Blvd,90726,1958-11-29,metro,58700.0,0.255,12.8,0,29.5,25700.0,39.8,0,1
APP03878,Kevin Lopez,965-32-5872,kevin.lopez652@example.com,9073 Hillcrest Way,90216,1966-07-07,metro,33100.0,0.468,6.9,0,11.6,16500.0,19.9,1,0
APP03879,Omar Davis,952-56-6257,omar.davis376@example.com,3836 Maple Ave,91937,1968-09-05,metro,115800.0,0.224,10.0,0,4.2,15500.0,20.4,0,1
APP03880,Olivia Singh,982-20-6551,olivia.singh224@example.com,361 Hillcrest Way,91564,1985-08-05,metro,28500.0,0.355,12.3,0,3.2,14300.0,43.4,0,0
APP03881,Kevin Ali,941-12-1634,kevin.ali955@example.com,1027 Oak St,96094,1964-10-14,rural,171000.0,0.369,1.4,0,4.7,31400.0,70.4,0,1
APP03882,Maria Chen,953-38-7573,maria.chen339@example.com,7802 Maple Ave,91679,1989-11-23,metro,34700.0,0.366,8.4,0,8.1,10200.0,21.2,0,1
APP03883,Emma Ali,977-36-3986,emma.ali53@example.com,7680 Cedar Ln,91651,1992-02-07,metro,67100.0,0.626,5.0,0,3.2,6700.0,47.1,0,0
APP03884,Ravi Patel,969-95-9521,ravi.patel626@example.com,2262 Hillcrest Way,91476,1974-12-05,metro,43600.0,0.467,4.0,0,1.0,26700.0,49.6,1,0
APP03885,Ravi Johnson,985-60-1427,ravi.johnson641@example.com,6123 Oak St,96165,1985-01-23,rural,52500.0,0.116,9.8,1,3.6,21000.0,65.7,0,1
APP03886,Ravi Lopez,945-89-1353,ravi.lopez272@example.com,5887 Hillcrest Way,91024,1986-12-30,metro,62200.0,0.491,15.5,1,5.7,25900.0,36.9,0,0
APP03887,Daniel Nguyen,932-65-8749,daniel.nguyen376@example.com,9002 Cedar Ln,96154,1990-05-17,rural,53200.0,0.485,4.5,1,13.2,26400.0,75.9,1,0
APP03888,Ravi Smith,958-49-7002,ravi.smith268@example.com,6393 Pine Rd,91606,1956-06-16,metro,86000.0,0.378,24.1,0,10.3,30000.0,28.3,0,1
APP03889,Mateo Ramirez,986-72-1932,mateo.ramirez298@example.com,9470 Hillcrest Way,90845,1966-10-06,metro,98700.0,0.275,5.2,0,17.7,16500.0,25.6,0,1
APP03890,Kevin Johnson,920-40-4391,kevin.johnson852@example.com,1153 Elm Dr,91427,1979-04-13,metro,62400.0,0.376,14.9,0,3.8,29200.0,28.4,0,1
APP03891,Kevin Ali,942-63-4383,kevin.ali695@example.com,8334 Elm Dr,96171,1971-05-28,rural,89200.0,0.193,10.3,0,2.5,26000.0,61.0,0,1
APP03892,Linh Patel,951-18-4466,linh.patel338@example.com,1274 Pine Rd,91798,1987-07-01,metro,34200.0,0.374,16.3,1,8.5,30700.0,43.1,1,0
APP03893,James Singh,913-59-7050,james.singh276@example.com,5618 Maple Ave,91787,1959-05-22,metro,51200.0,0.409,8.1,0,4.4,31000.0,35.0,1,0
APP03894,Priya Lopez,938-97-4899,priya.lopez352@example.com,6081 Oak St,96045,1978-12-06,rural,63500.0,0.358,5.5,0,5.7,21400.0,69.1,1,0
APP03895,Grace Lee,933-16-8327,grace.lee427@example.com,6681 Lakeview Blvd,96045,1990-01-16,rural,75600.0,0.13,6.2,1,5.8,21100.0,68.4,0,1
APP03896,Maria Kim,970-90-6872,maria.kim340@example.com,6791 Hillcrest Way,96015,1998-10-02,rural,51700.0,0.395,12.3,0,1.7,25000.0,67.9,1,0
APP03897,Grace Nguyen,916-45-4139,grace.nguyen515@example.com,3329 Elm Dr,95943,1992-08-30,rural,56100.0,0.378,9.3,1,3.1,11800.0,80.6,1,0
APP03898,Noah Davis,987-10-7084,noah.davis938@example.com,3734 Hillcrest Way,96037,1985-11-28,rural,63200.0,0.103,5.2,0,0.8,11600.0,77.1,0,1
APP03899,Olivia Nguyen,922-68-6627,olivia.nguyen347@example.com,3757 Oak St,96185,1974-05-31,rural,81300.0,0.227,1.6,0,30.8,28200.0,56.9,1,1
APP03900,Sofia Patel,969-85-3947,sofia.patel887@example.com,4597 Cedar Ln,91577,1995-09-29,metro,75600.0,0.36,21.9,1,5.2,32500.0,24.2,0,1
APP03901,Noah Garcia,987-57-8324,noah.garcia724@example.com,9509 Pine Rd,90522,1997-10-06,metro,56500.0,0.365,12.9,0,4.2,22600.0,38.1,1,0
APP03902,Ravi Hernandez,944-67-7035,ravi.hernandez859@example.com,7273 Pine Rd,96053,1968-10-27,rural,62500.0,0.408,9.3,0,3.3,21900.0,69.5,1,0
APP03903,James Ramirez,902-21-5847,james.ramirez868@example.com,3019 Cedar Ln,90916,1960-04-30,metro,86300.0,0.243,3.2,0,2.9,19900.0,21.8,0,1
APP03904,Mateo Johnson,900-80-8316,mateo.johnson265@example.com,1583 Pine Rd,96077,1951-03-30,rural,52300.0,0.123,12.5,1,7.3,15600.0,62.3,1,1
APP03905,Maria Hernandez,991-45-5127,maria.hernandez402@example.com,7369 Lakeview Blvd,90944,1970-12-01,metro,74200.0,0.421,3.9,1,1.4,19400.0,38.6,0,1
APP03906,Omar Taylor,972-10-8675,omar.taylor563@example.com,8453 Maple Ave,95903,1955-10-29,rural,82500.0,0.326,17.9,1,2.5,5700.0,65.4,0,1
APP03907,Omar Nguyen,989-11-6947,omar.nguyen946@example.com,7036 Pine Rd,91057,2000-02-05,metro,50800.0,0.419,8.1,0,2.4,29100.0,27.5,1,0
APP03908,Aisha Wilson,958-19-3796,aisha.wilson363@example.com,5574 Oak St,91651,1955-09-22,metro,,0.254,5.0,0,5.8,18800.0,51.9,0,1
APP03909,Chloe Nguyen,949-24-5890,chloe.nguyen553@example.com,5554 Maple Ave,91384,1961-10-26,metro,67800.0,0.28,4.6,1,16.1,32400.0,50.0,1,0
APP03910,Linh Lopez,996-19-6580,linh.lopez561@example.com,3966 Pine Rd,95940,1981-08-31,rural,56800.0,0.11,9.3,0,5.0,27900.0,84.1,0,1
APP03911,Sofia Lopez,970-28-4994,sofia.lopez297@example.com,7044 Maple Ave,90767,1952-06-02,metro,45400.0,0.421,8.0,1,2.7,20500.0,33.8,1,0
APP03912,Grace Lee,926-10-4553,grace.lee772@example.com,5704 Lakeview Blvd,90250,1980-02-10,metro,99500.0,0.332,4.3,2,7.2,17300.0,50.5,0,1
APP03913,Hiro Ali,919-62-2211,hiro.ali926@example.com,7917 Hillcrest Way,91412,1970-07-19,metro,101200.0,0.395,17.1,0,1.4,10000.0,50.3,0,1
APP03914,Emma Lee,973-90-1532,emma.lee146@example.com,9353 Elm Dr,91768,1963-04-17,metro,62100.0,0.203,7.4,0,9.3,15900.0,43.1,0,1
APP03915,Carlos Wilson,979-19-9207,carlos.wilson367@example.com,5462 Pine Rd,91223,1976-04-25,metro,57000.0,0.355,10.7,1,8.1,21800.0,40.5,1,0
APP03916,Maria Ali,902-44-4281,maria.ali267@example.com,2124 Oak St,90474,1975-03-10,metro,40900.0,0.359,8.1,0,10.6,25300.0,43.6,0,1
APP03917,Linh Patel,930-17-8992,linh.patel155@example.com,6915 Elm Dr,91860,1988-01-24,metro,69900.0,0.297,12.0,0,1.6,30600.0,35.4,0,1
APP03918,Hiro Ramirez,997-36-8927,hiro.ramirez617@example.com,7381 Maple Ave,90382,1969-06-06,metro,49300.0,0.347,4.7,0,29.6,23000.0,42.0,1,0
APP03919,Alex Ramirez,984-88-1768,alex.ramirez196@example.com,5914 Lakeview Blvd,90206,1985-12-20,metro,73700.0,0.192,3.1,1,5.9,11400.0,24.2,0,1
APP03920,James Brown,990-82-4623,james.brown981@example.com,9445 Maple Ave,91222,1993-04-20,metro,44900.0,0.277,1.9,0,9.4,29100.0,26.3,0,1
APP03921,Kevin Johnson,938-84-7724,kevin.johnson233@example.com,6196 Maple Ave,91355,1962-07-26,metro,40500.0,0.35,5.0,1,6.1,26100.0,45.5,1,0
APP03922,Sofia Ali,975-29-5524,sofia.ali931@example.com,1170 Elm Dr,95974,1953-04-22,rural,37700.0,0.497,15.9,0,2.7,15600.0,83.6,1,0
APP03923,Chloe Patel,983-17-3697,chloe.patel621@example.com,3340 Elm Dr,91987,1972-03-12,metro,56600.0,0.256,3.0,0,8.3,11400.0,30.6,0,1
APP03924,Omar Wilson,944-59-3703,omar.wilson275@example.com,5124 Elm Dr,90786,1953-03-17,metro,87400.0,0.32,12.3,0,7.0,21400.0,20.1,0,1
APP03925,Maria Lopez,970-42-9564,maria.lopez526@example.com,339 Oak St,91236,1973-12-18,metro,33800.0,0.258,16.6,0,7.7,19700.0,34.7,0,0
APP03926,Priya Davis,938-80-4261,priya.davis33@example.com,7091 Maple Ave,91306,1963-11-25,metro,62800.0,0.366,13.2,0,8.3,7800.0,39.6,0,1
APP03927,Chloe Davis,916-29-6923,chloe.davis353@example.com,503 Maple Ave,95999,1978-03-18,rural,55300.0,0.305,5.3,0,4.3,16000.0,85.5,0,1
APP03928,Kevin Martinez,907-80-2088,kevin.martinez946@example.com,1913 Maple Ave,90720,1990-10-08,metro,57200.0,0.372,10.9,0,1.1,17000.0,41.1,0,1
APP03929,Alex Kim,965-12-2598,alex.kim820@example.com,6720 Maple Ave,91770,1959-11-25,metro,46600.0,0.173,14.8,0,3.8,22600.0,36.4,0,0
APP03930,Sofia Brown,902-99-2508,sofia.brown84@example.com,6286 Elm Dr,96013,1951-12-09,rural,88200.0,0.411,15.9,0,2.7,23900.0,71.7,1,0
APP03931,Mateo Garcia,921-18-7099,mateo.garcia382@example.com,242 Cedar Ln,90269,1997-02-09,metro,37100.0,0.169,6.7,0,2.1,17700.0,36.6,0,1
APP03932,Emma Garcia,958-46-2573,emma.garcia12@example.com,4285 Cedar Ln,90222,1978-10-02,metro,57200.0,0.672,1.5,0,7.5,25800.0,41.5,1,0
APP03933,Olivia Hernandez,991-52-4430,olivia.hernandez451@example.com,6306 Lakeview Blvd,90886,1958-10-19,metro,68600.0,0.287,12.6,0,12.0,21900.0,38.8,0,1
APP03934,Mateo Clark,929-52-8127,mateo.clark470@example.com,6737 Lakeview Blvd,95961,1965-05-20,rural,87600.0,0.347,4.5,0,1.6,13100.0,75.1,0,0
APP03935,Emma Brown,984-86-9018,emma.brown338@example.com,6027 Pine Rd,91752,1974-12-20,metro,74900.0,0.445,2.6,0,12.8,5700.0,39.2,0,1
APP03936,Noah Patel,918-11-9083,noah.patel427@example.com,6743 Cedar Ln,90854,1977-04-08,metro,40600.0,0.02,10.1,0,5.8,18800.0,47.0,0,1
APP03937,Daniel Davis,974-98-4373,daniel.davis711@example.com,2346 Oak St,96068,2001-12-05,rural,52800.0,0.309,6.4,0,11.5,2000.0,75.9,1,1
APP03938,Olivia Johnson,968-60-1202,olivia.johnson970@example.com,3342 Pine Rd,91113,1989-07-08,metro,82300.0,0.282,20.9,1,11.5,23200.0,31.6,0,1
APP03939,Fatima Moore,904-62-2810,fatima.moore85@example.com,7818 Oak St,91259,1980-07-22,metro,87900.0,0.648,7.4,0,20.6,15800.0,48.6,0,0
APP03940,Priya Garcia,981-36-1658,priya.garcia882@example.com,181 Cedar Ln,90351,1961-08-07,metro,62600.0,0.385,17.6,1,9.7,28600.0,41.2,0,0
APP03941,Kevin Singh,914-14-5908,kevin.singh661@example.com,7125 Hillcrest Way,91990,1972-02-11,metro,77700.0,0.408,12.6,0,3.0,19400.0,35.8,0,1
APP03942,Chloe Ramirez,941-88-8489,chloe.ramirez440@example.com,6865 Elm Dr,90980,1951-04-20,metro,72400.0,0.356,1.9,0,1.2,43500.0,42.0,0,0
APP03943,Noah Singh,942-85-3621,noah.singh984@example.com,7458 Elm Dr,96056,1994-12-07,rural,67500.0,0.528,2.5,0,6.1,17800.0,85.7,1,0
APP03944,Chloe Ramirez,917-97-6034,chloe.ramirez421@example.com,9527 Oak St,90816,1965-08-12,metro,35900.0,0.366,5.9,0,2.2,17800.0,43.9,1,0
APP03945,Hiro Martinez,949-13-2496,hiro.martinez384@example.com,1219 Oak St,95904,2001-08-02,rural,27300.0,0.072,1.9,0,5.3,18500.0,60.8,0,0
APP03946,Olivia Garcia,994-86-4826,olivia.garcia726@example.com,1613 Oak St,91647,1963-02-14,metro,71100.0,0.338,1.6,1,13.5,19000.0,35.4,1,0
APP03947,Fatima Taylor,929-19-3804,fatima.taylor16@example.com,2972 Elm Dr,95948,1973-04-14,rural,63000.0,0.392,6.8,0,9.0,23000.0,69.9,0,0
APP03948,Olivia Lee,929-56-1927,olivia.lee399@example.com,3496 Maple Ave,95904,1952-10-22,rural,62000.0,0.433,14.6,0,2.9,19000.0,67.1,1,0
APP03949,Fatima Davis,988-46-7838,fatima.davis390@example.com,8262 Lakeview Blvd,95942,1975-09-04,rural,56000.0,0.428,3.9,0,29.0,11500.0,69.0,1,0
APP03950,Maria Wilson,958-83-3061,maria.wilson430@example.com,286 Elm Dr,96075,1989-12-31,rural,74800.0,0.565,14.8,1,2.2,5200.0,57.5,1,0
APP03951,Hiro Johnson,958-84-4257,hiro.johnson489@example.com,7968 Hillcrest Way,90640,1969-12-05,metro,64900.0,0.169,3.8,0,8.4,34800.0,42.4,0,1
APP03952,Carlos Hernandez,983-15-2515,carlos.hernandez49@example.com,7329 Oak St,91002,1987-04-11,metro,122100.0,0.557,5.5,0,9.4,13200.0,29.9,0,1
APP03953,Chloe Ramirez,914-72-3309,chloe.ramirez518@example.com,6272 Lakeview Blvd,90533,1962-11-11,metro,71900.0,0.244,14.8,1,16.9,15700.0,21.4,0,1
APP03954,Priya Nguyen,907-22-1634,priya.nguyen803@example.com,4411 Oak St,95996,1964-07-18,rural,40100.0,0.385,14.8,0,5.7,23100.0,75.4,0,0
APP03955,Emma Garcia,910-72-3414,emma.garcia426@example.com,2440 Cedar Ln,90698,1996-12-13,metro,80200.0,0.559,12.5,0,3.9,18100.0,36.8,0,0
APP03956,Noah Ramirez,987-35-6361,noah.ramirez99@example.com,6564 Cedar Ln,95963,1951-01-23,rural,115000.0,0.411,9.2,1,7.8,24100.0,76.3,0,1
APP03957,Hiro Smith,976-66-6375,hiro.smith371@example.com,9548 Lakeview Blvd,91847,1966-04-30,metro,48400.0,0.224,6.8,2,2.7,33300.0,28.6,0,0
APP03958,Grace Smith,911-29-8350,grace.smith393@example.com,4093 Hillcrest Way,96085,1964-09-25,rural,59600.0,0.448,9.5,1,13.6,38100.0,82.6,1,0
APP03959,Sofia Clark,976-23-6089,sofia.clark489@example.com,5657 Pine Rd,91801,1950-10-04,metro,51500.0,0.26,9.4,1,3.5,33500.0,23.2,1,0
APP03960,Grace Patel,929-38-9540,grace.patel166@example.com,8053 Cedar Ln,96038,1978-11-30,rural,77300.0,0.282,10.7,0,7.8,12500.0,63.0,0,1
APP03961,Linh Kim,906-11-6228,linh.kim3@example.com,7390 Oak St,91627,1954-04-13,metro,79700.0,0.4,9.2,0,4.4,21200.0,21.0,0,1
APP03962,Linh Martinez,970-90-5537,linh.martinez320@example.com,3765 Elm Dr,90996,1980-11-29,metro,62400.0,0.426,7.6,1,5.4,16300.0,19.4,0,0
APP03963,Carlos Chen,949-87-3452,carlos.chen324@example.com,3408 Oak St,96192,1950-07-08,rural,82500.0,0.597,16.7,0,4.6,10800.0,58.0,0,1
APP03964,Omar Smith,908-12-3545,omar.smith172@example.com,7202 Hillcrest Way,96185,1966-09-12,rural,43000.0,0.338,15.0,1,3.9,2000.0,69.2,1,0
APP03965,Emma Martinez,980-77-3591,emma.martinez785@example.com,8144 Lakeview Blvd,90978,1999-12-06,metro,66900.0,0.344,22.9,0,,13500.0,26.1,1,0
APP03966,Kevin Lee,942-20-2012,kevin.lee212@example.com,2979 Pine Rd,91599,1957-03-16,metro,79000.0,0.461,1.4,0,4.1,26300.0,41.8,0,1
APP03967,Carlos Ramirez,983-18-8495,carlos.ramirez416@example.com,8567 Cedar Ln,90727,1984-01-25,metro,22600.0,0.438,6.4,0,5.2,13300.0,37.2,1,0
APP03968,Alex Smith,925-30-4040,alex.smith358@example.com,8593 Oak St,91691,1980-12-05,metro,99700.0,0.105,2.9,0,5.2,32700.0,35.0,0,1
APP03969,Fatima Davis,949-24-3359,fatima.davis426@example.com,6238 Pine Rd,90640,1997-12-14,metro,59200.0,0.328,9.4,0,9.2,23900.0,39.4,0,1
APP03970,Aisha Johnson,916-41-8610,aisha.johnson514@example.com,4263 Pine Rd,90803,1957-07-18,metro,161900.0,0.325,6.1,0,11.8,18000.0,45.3,0,1
APP03971,Maria Lopez,990-24-9105,maria.lopez661@example.com,5240 Pine Rd,95930,1965-08-12,rural,61000.0,0.452,9.1,0,4.2,15600.0,82.6,1,0
APP03972,Emma Lopez,922-49-1344,emma.lopez683@example.com,9273 Lakeview Blvd,91336,1956-08-22,metro,147100.0,0.148,5.0,0,9.0,18900.0,43.4,0,1
APP03973,Sofia Moore,911-80-6208,sofia.moore713@example.com,5423 Cedar Ln,90870,1969-05-30,metro,49600.0,0.298,8.8,1,5.1,28900.0,39.2,0,1
APP03974,Carlos Brown,940-99-4427,carlos.brown797@example.com,8885 Oak St,90493,1954-04-09,metro,115700.0,0.478,10.1,0,5.3,11700.0,30.9,0,1
APP03975,Priya Nguyen,954-34-1443,priya.nguyen998@example.com,9392 Elm Dr,90461,1983-08-28,metro,58500.0,0.374,3.4,0,0.6,10600.0,28.6,0,1
APP03976,Priya Hernandez,983-10-7681,priya.hernandez786@example.com,1554 Maple Ave,96061,1960-08-02,rural,90100.0,0.279,15.3,2,8.9,22800.0,66.2,1,0
APP03977,James Smith,914-42-1453,james.smith130@example.com,8930 Hillcrest Way,96114,1961-04-16,rural,73100.0,0.316,16.6,0,12.5,19800.0,65.7,0,0
APP03978,Kevin Nguyen,952-39-9457,kevin.nguyen346@example.com,5870 Elm Dr,90003,1985-03-27,metro,43600.0,0.241,11.8,0,9.8,24100.0,45.9,0,1
APP03979,Grace Kim,978-23-1812,grace.kim380@example.com,2261 Oak St,95993,1978-06-14,rural,67500.0,0.295,5.6,0,18.9,15600.0,70.8,0,1
APP03980,Chloe Brown,918-42-8324,chloe.brown110@example.com,7792 Elm Dr,96149,1973-06-13,rural,59000.0,0.448,17.3,0,5.3,2000.0,54.2,1,0
APP03981,Kevin Taylor,953-25-1765,kevin.taylor402@example.com,7699 Hillcrest Way,90006,1950-11-21,metro,62000.0,0.039,7.8,1,1.3,24200.0,29.5,0,1
APP03982,Sofia Martinez,971-64-9672,sofia.martinez567@example.com,9087 Maple Ave,90441,1978-08-18,metro,57100.0,0.337,7.8,0,14.2,21700.0,40.4,0,1
APP03983,Hiro Wilson,918-26-9513,hiro.wilson431@example.com,5492 Hillcrest Way,95957,1997-11-11,rural,53200.0,0.232,11.9,2,2.6,29800.0,77.2,1,0
APP03984,James Lopez,936-76-5264,james.lopez586@example.com,1155 Pine Rd,96062,1971-04-18,rural,93700.0,0.354,11.3,0,10.7,39700.0,69.2,0,1
APP03985,Linh Singh,971-65-7993,linh.singh619@example.com,4210 Elm Dr,90491,1982-09-14,metro,92800.0,0.275,10.2,0,2.8,22400.0,30.2,0,1
APP03986,Fatima Chen,907-78-7604,fatima.chen418@example.com,3790 Hillcrest Way,91666,1973-12-05,metro,40300.0,0.406,10.5,1,2.0,23100.0,43.1,0,0
APP03987,Hiro Smith,982-89-8933,hiro.smith921@example.com,4396 Hillcrest Way,91974,1988-07-11,metro,167300.0,0.56,11.8,0,16.4,19800.0,34.2,1,0
APP03988,Emma Patel,953-57-1469,emma.patel625@example.com,3949 Oak St,91220,1986-04-06,metro,86300.0,0.143,5.8,2,2.6,11600.0,42.1,0,1
APP03989,Aisha Wilson,926-17-1355,aisha.wilson379@example.com,9011 Oak St,90623,1969-02-09,metro,58100.0,0.248,11.6,0,4.4,25300.0,37.3,1,0
APP03990,Carlos Patel,948-76-6459,carlos.patel389@example.com,1265 Pine Rd,90628,1964-06-12,metro,38700.0,0.333,14.3,0,,14300.0,32.0,1,0
APP03991,James Chen,993-36-6456,james.chen610@example.com,6614 Pine Rd,90080,1983-06-15,metro,56900.0,0.292,14.2,0,11.4,35600.0,31.4,0,1
APP03992,Fatima Patel,979-17-7000,fatima.patel651@example.com,7172 Elm Dr,96140,1972-05-29,rural,48200.0,0.184,2.3,0,9.3,35700.0,75.5,1,0
APP03993,Omar Chen,971-50-6659,omar.chen906@example.com,5670 Hillcrest Way,91607,1961-01-13,metro,53500.0,0.418,8.1,1,3.1,2000.0,24.3,1,0
APP03994,Sofia Taylor,910-81-3944,sofia.taylor234@example.com,675 Elm Dr,91661,1961-02-12,metro,44700.0,0.319,10.9,2,12.6,25000.0,24.1,1,0
APP03995,Sofia Taylor,946-83-5680,sofia.taylor886@example.com,3549 Elm Dr,90087,1988-07-07,metro,57100.0,0.185,6.7,0,,21800.0,46.1,0,1
APP03996,Emma Hernandez,999-65-8136,emma.hernandez576@example.com,6627 Hillcrest Way,90659,1964-09-02,metro,58500.0,0.396,18.0,0,5.0,14100.0,45.1,0,1
APP03997,Omar Patel,964-48-9784,omar.patel732@example.com,5767 Hillcrest Way,90865,1983-07-30,metro,56500.0,0.199,8.6,1,1.7,8600.0,28.4,0,1
APP03998,Priya Nguyen,971-27-4934,priya.nguyen329@example.com,6123 Elm Dr,90688,1983-06-11,metro,66800.0,0.282,7.9,0,2.9,13500.0,51.3,0,1
APP03999,Priya Chen,971-34-9805,priya.chen720@example.com,928 Lakeview Blvd,91230,1972-09-07,metro,52300.0,0.192,12.5,0,2.4,28300.0,36.7,0,1
APP04000,Sofia Garcia,940-89-4199,sofia.garcia499@example.com,4034 Lakeview Blvd,91660,1959-11-17,metro,124300.0,0.454,12.6,0,7.5,29500.0,21.2,0,0
APP04001,Carlos Taylor,991-14-9332,carlos.taylor667@example.com,948 Oak St,90927,2001-02-24,metro,86300.0,0.338,3.4,0,9.2,22100.0,39.2,0,1
APP04002,Maria Davis,988-37-1174,maria.davis402@example.com,1067 Hillcrest Way,91509,1969-10-09,metro,74700.0,0.339,16.6,0,7.5,12600.0,56.5,0,1
APP04003,Chloe Davis,951-56-7544,chloe.davis58@example.com,1329 Elm Dr,91813,1997-04-09,metro,49600.0,0.357,9.5,1,9.2,27900.0,26.9,0,1
APP04004,Sofia Moore,952-28-8353,sofia.moore215@example.com,9408 Lakeview Blvd,90646,1990-09-25,metro,69100.0,0.22,3.7,0,26.6,5100.0,28.1,1,0
APP04005,Omar Nguyen,974-93-6887,omar.nguyen838@example.com,1662 Lakeview Blvd,90279,1993-09-24,metro,,0.4,3.5,2,3.4,28000.0,32.5,1,0
APP04006,Chloe Singh,970-62-4461,chloe.singh818@example.com,172 Hillcrest Way,96070,1992-05-02,rural,53000.0,0.231,18.5,0,7.5,23000.0,62.9,0,1
APP04007,James Ali,908-10-5953,james.ali915@example.com,6217 Pine Rd,91315,1963-05-11,metro,104200.0,0.28,10.0,0,7.7,9600.0,37.8,0,1
APP04008,Kevin Lee,954-25-4884,kevin.lee308@example.com,3712 Cedar Ln,96137,1950-03-03,rural,36100.0,0.373,10.1,0,5.3,22500.0,69.5,1,0
APP04009,Olivia Smith,914-73-7467,olivia.smith627@example.com,9178 Maple Ave,90532,1952-12-12,metro,83600.0,0.338,10.8,0,2.1,8700.0,42.2,0,0
APP04010,Mateo Hernandez,913-38-4770,mateo.hernandez699@example.com,4767 Oak St,90543,1985-10-05,metro,73700.0,0.221,4.5,1,13.9,10700.0,32.5,0,1
APP04011,Fatima Kim,995-17-3103,fatima.kim553@example.com,7076 Hillcrest Way,91138,1968-11-01,metro,75600.0,0.391,10.7,1,2.9,24200.0,19.1,0,1
APP04012,Sofia Singh,976-84-9016,sofia.singh66@example.com,1847 Elm Dr,90680,1998-06-19,metro,64100.0,0.523,15.7,1,10.0,26000.0,28.4,1,0
APP04013,James Moore,990-76-7896,james.moore497@example.com,9738 Oak St,90930,1979-08-02,metro,69000.0,0.553,6.6,1,3.3,18700.0,36.2,1,0
APP04014,Sofia Singh,979-86-7910,sofia.singh29@example.com,5766 Maple Ave,90991,1989-09-30,metro,119200.0,0.62,9.9,0,10.6,21600.0,29.7,1,0
APP04015,Chloe Chen,959-28-2294,chloe.chen902@example.com,6271 Hillcrest Way,91883,1999-03-12,metro,63900.0,0.389,4.4,0,4.2,30600.0,29.9,1,0
APP04016,Chloe Johnson,952-39-3174,chloe.johnson303@example.com,7257 Oak St,90020,1950-01-30,metro,45600.0,0.308,4.3,0,5.5,33700.0,39.4,1,0
APP04017,Aisha Smith,945-55-6407,aisha.smith961@example.com,1792 Hillcrest Way,91017,1969-06-22,metro,74600.0,0.211,14.2,1,6.7,15100.0,45.2,0,1
APP04018,Emma Smith,906-48-4446,emma.smith326@example.com,9254 Pine Rd,96135,1991-01-24,rural,60300.0,0.25,13.0,0,2.9,15200.0,83.5,0,1
APP04019,Maria Kim,954-30-1724,maria.kim432@example.com,2662 Cedar Ln,91727,1958-09-07,metro,67000.0,0.318,10.7,0,4.4,21700.0,23.9,1,0
APP04020,James Brown,913-64-2111,james.brown608@example.com,1528 Maple Ave,96046,1970-07-17,rural,68000.0,0.108,8.1,0,3.4,30500.0,77.1,1,0
APP04021,Kevin Smith,991-49-2202,kevin.smith379@example.com,4886 Pine Rd,96021,1964-05-10,rural,43500.0,0.451,7.7,0,16.9,30100.0,67.0,1,0
APP04022,Maria Patel,984-76-1184,maria.patel483@example.com,4886 Hillcrest Way,96147,1977-11-29,rural,35500.0,0.217,11.3,0,3.9,12300.0,85.6,1,0
APP04023,Fatima Martinez,930-43-1198,fatima.martinez682@example.com,3393 Pine Rd,90605,1970-04-29,metro,47600.0,0.344,11.2,0,4.4,22800.0,27.9,1,0
APP04024,Chloe Clark,922-77-3352,chloe.clark501@example.com,4417 Pine Rd,90801,1969-02-04,metro,62500.0,0.48,8.1,3,3.1,20700.0,33.8,1,0
APP04025,Aisha Patel,916-40-2573,aisha.patel945@example.com,8769 Hillcrest Way,90618,1975-02-07,metro,129500.0,0.285,10.6,0,3.4,14700.0,34.7,0,1
APP04026,Daniel Brown,955-35-4961,daniel.brown979@example.com,6818 Pine Rd,90742,1958-03-16,metro,41800.0,0.361,15.0,0,4.5,24100.0,33.2,1,0
APP04027,Sofia Lee,995-68-7943,sofia.lee905@example.com,5664 Elm Dr,91134,1954-11-14,metro,15200.0,0.299,15.3,0,0.7,13500.0,27.4,1,0
APP04028,Grace Lee,987-97-4663,grace.lee257@example.com,6830 Oak St,91798,1989-10-22,metro,142400.0,0.229,4.6,1,3.4,32200.0,44.6,0,1
APP04029,Mateo Hernandez,910-79-5907,mateo.hernandez227@example.com,2059 Cedar Ln,91836,1998-03-30,metro,95900.0,0.447,16.0,1,9.8,31700.0,44.9,0,1
APP04030,Fatima Kim,938-89-1604,fatima.kim671@example.com,2363 Hillcrest Way,91093,1964-09-22,metro,63500.0,0.426,6.1,0,6.0,22900.0,30.7,0,1
APP04031,James Taylor,953-17-8913,james.taylor402@example.com,8712 Oak St,96048,1965-06-06,rural,,0.225,2.9,0,4.5,19500.0,74.5,0,1
APP04032,Daniel Garcia,907-95-4316,daniel.garcia674@example.com,8644 Lakeview Blvd,91578,1953-09-23,metro,62100.0,0.442,10.3,0,11.3,25900.0,29.0,0,1
APP04033,Hiro Moore,963-38-9444,hiro.moore240@example.com,7666 Cedar Ln,91659,1991-09-21,metro,34900.0,0.169,2.1,3,8.7,23200.0,30.0,1,0
APP04034,Omar Kim,978-63-5213,omar.kim536@example.com,3438 Elm Dr,96123,1954-12-19,rural,41900.0,0.373,5.6,1,5.5,28900.0,74.1,1,0
APP04035,Maria Ramirez,982-29-7794,maria.ramirez64@example.com,3882 Elm Dr,90242,1952-08-15,metro,98600.0,0.345,9.5,0,4.3,24600.0,42.2,0,1
APP04036,Aisha Wilson,914-41-8580,aisha.wilson919@example.com,7690 Lakeview Blvd,91863,1957-12-07,metro,74800.0,0.226,5.1,0,3.8,15200.0,37.9,0,1
APP04037,Kevin Smith,920-79-5325,kevin.smith47@example.com,918 Pine Rd,91202,1965-12-27,metro,47400.0,0.058,20.6,0,10.9,25300.0,34.1,0,1
APP04038,Chloe Clark,937-79-8649,chloe.clark256@example.com,4019 Pine Rd,95933,1987-06-09,rural,46400.0,0.503,14.1,0,11.2,11600.0,74.5,1,0
APP04039,Priya Lopez,980-82-6261,priya.lopez774@example.com,7767 Pine Rd,90175,1987-08-26,metro,74100.0,0.285,8.2,0,1.8,18900.0,43.3,0,1
APP04040,Fatima Garcia,914-38-2018,fatima.garcia370@example.com,8170 Maple Ave,91202,1987-01-01,metro,45200.0,0.192,12.8,0,5.0,26400.0,30.3,0,1
APP04041,Kevin Wilson,987-33-5777,kevin.wilson768@example.com,5833 Cedar Ln,90680,1991-03-03,metro,58800.0,0.284,6.9,0,5.4,24000.0,39.2,0,1
APP04042,Ravi Martinez,973-28-3811,ravi.martinez80@example.com,1333 Cedar Ln,95908,1970-12-12,rural,66700.0,0.374,7.4,0,12.5,12300.0,72.8,1,0
APP04043,Fatima Lee,996-41-2527,fatima.lee778@example.com,6674 Cedar Ln,90224,1951-01-11,metro,63700.0,0.302,11.2,0,5.4,10700.0,22.3,0,1
APP04044,Noah Clark,971-26-4326,noah.clark512@example.com,7047 Oak St,90101,1960-08-29,metro,63100.0,0.413,6.6,1,2.2,21600.0,42.6,0,1
APP04045,Linh Nguyen,901-44-2658,linh.nguyen752@example.com,6674 Lakeview Blvd,90408,1955-05-15,metro,76400.0,0.37,4.4,1,7.7,23600.0,45.5,1,0
APP04046,Grace Ali,996-11-9003,grace.ali207@example.com,4732 Elm Dr,96013,1989-06-11,rural,46900.0,0.598,9.6,0,3.5,14900.0,67.6,1,0
APP04047,Omar Lopez,973-28-2681,omar.lopez152@example.com,3207 Hillcrest Way,91595,1995-07-31,metro,50500.0,0.276,14.2,0,4.9,33200.0,40.7,1,0
APP04048,Chloe Chen,972-38-2323,chloe.chen847@example.com,1625 Hillcrest Way,91987,1991-05-24,metro,56100.0,0.257,13.9,1,5.5,26000.0,26.1,0,1
APP04049,Linh Nguyen,956-35-3548,linh.nguyen998@example.com,3253 Hillcrest Way,96179,1986-12-17,rural,85400.0,0.092,13.2,1,6.6,11300.0,69.6,0,1
APP04050,Linh Clark,977-32-5555,linh.clark735@example.com,6980 Oak St,96168,1962-08-01,rural,44600.0,0.42,12.7,0,6.7,29200.0,74.4,1,0
APP04051,Kevin Clark,943-21-1015,kevin.clark734@example.com,4033 Oak St,91192,1972-02-12,metro,31200.0,0.178,3.7,0,5.1,13000.0,29.6,0,1
APP04052,Omar Brown,974-35-5533,omar.brown912@example.com,5872 Elm Dr,91912,1955-07-04,metro,31400.0,0.433,11.3,1,4.1,32600.0,50.1,1,0
APP04053,Hiro Patel,973-81-7316,hiro.patel87@example.com,4994 Elm Dr,91776,1983-12-05,metro,34500.0,0.387,7.9,0,2.3,25000.0,23.9,1,0
APP04054,Carlos Patel,965-51-3208,carlos.patel769@example.com,4161 Lakeview Blvd,91033,1992-06-26,metro,87900.0,0.397,2.8,0,8.2,14500.0,35.1,0,1
APP04055,Ravi Martinez,997-32-4103,ravi.martinez255@example.com,2243 Pine Rd,91945,1989-12-28,metro,102500.0,0.322,23.5,0,18.3,17300.0,21.7,0,1
APP04056,Olivia Ramirez,999-90-5760,olivia.ramirez816@example.com,8987 Lakeview Blvd,91743,1999-06-16,metro,34800.0,0.259,19.1,0,0.5,11800.0,27.6,1,0
APP04057,Ravi Hernandez,939-96-8098,ravi.hernandez341@example.com,5441 Elm Dr,91152,1952-02-08,metro,90900.0,0.072,5.3,1,3.8,16900.0,30.6,0,1
APP04058,Maria Kim,914-32-5155,maria.kim101@example.com,7776 Cedar Ln,95973,1977-06-09,rural,53300.0,0.283,7.7,0,6.2,28500.0,67.4,1,0
APP04059,Priya Ali,900-32-8337,priya.ali930@example.com,4975 Hillcrest Way,90816,1962-11-25,metro,84800.0,0.487,15.9,3,8.8,27200.0,20.1,0,0
APP04060,Fatima Hernandez,996-89-7378,fatima.hernandez523@example.com,6737 Hillcrest Way,90670,1999-10-13,metro,90600.0,0.346,11.2,1,6.5,23400.0,40.2,0,1
APP04061,Chloe Clark,943-38-2675,chloe.clark503@example.com,5385 Hillcrest Way,96186,1969-01-28,rural,42800.0,0.423,13.5,1,15.2,12300.0,81.6,1,0
APP04062,Linh Davis,985-28-2781,linh.davis282@example.com,9592 Elm Dr,90147,1974-08-28,metro,69900.0,0.328,13.8,1,6.4,13200.0,41.4,0,1
APP04063,Linh Moore,953-97-7989,linh.moore377@example.com,8638 Pine Rd,91552,1964-05-25,metro,33100.0,0.164,6.1,0,,27200.0,35.4,1,0
APP04064,Aisha Taylor,938-92-6921,aisha.taylor436@example.com,2875 Lakeview Blvd,96010,1962-12-14,rural,45600.0,0.575,11.1,1,5.8,15100.0,71.6,1,0
APP04065,Aisha Nguyen,910-89-3051,aisha.nguyen327@example.com,6922 Cedar Ln,91474,1999-05-11,metro,94300.0,0.454,8.4,0,5.3,28600.0,24.2,1,0
APP04066,Alex Ali,910-74-6368,alex.ali117@example.com,1304 Oak St,90787,1984-02-05,metro,55200.0,0.37,7.6,1,4.9,17300.0,41.1,1,0
APP04067,Hiro Ramirez,962-20-1083,hiro.ramirez797@example.com,7515 Elm Dr,96074,1981-05-22,rural,60800.0,0.408,14.5,0,3.8,22300.0,89.0,0,1
APP04068,Daniel Wilson,955-38-3118,daniel.wilson961@example.com,9081 Cedar Ln,90328,1974-08-27,metro,69300.0,0.463,9.8,1,12.6,33100.0,36.4,0,1
APP04069,Noah Ali,953-27-2220,noah.ali945@example.com,7498 Oak St,91401,1950-06-06,metro,59400.0,0.348,13.8,0,2.5,9000.0,42.7,1,0
APP04070,Maria Hernandez,987-71-9260,maria.hernandez807@example.com,328 Oak St,90719,1990-08-04,metro,62100.0,0.292,5.6,1,8.2,24300.0,26.8,0,0
APP04071,Ravi Chen,974-86-6246,ravi.chen232@example.com,1418 Lakeview Blvd,91528,1991-01-28,metro,60600.0,0.297,6.2,1,4.8,18700.0,34.1,1,0
APP04072,Noah Hernandez,904-84-4415,noah.hernandez576@example.com,810 Oak St,90110,2001-07-04,metro,71000.0,0.156,16.2,0,1.3,17500.0,36.0,0,1
APP04073,Mateo Nguyen,945-56-6013,mateo.nguyen170@example.com,4987 Oak St,96036,1953-10-20,rural,86000.0,0.511,8.7,0,3.0,30200.0,83.5,1,0
APP04074,Kevin Lopez,977-42-4460,kevin.lopez385@example.com,2257 Maple Ave,90683,1995-12-01,metro,60400.0,0.426,1.1,1,11.3,28400.0,33.5,1,0
APP04075,Chloe Johnson,942-60-4286,chloe.johnson284@example.com,4279 Lakeview Blvd,90520,1991-10-24,metro,98600.0,0.299,5.2,0,2.8,15400.0,37.7,0,1
APP04076,Hiro Lee,980-77-4340,hiro.lee833@example.com,4037 Pine Rd,96061,1984-01-07,rural,74800.0,0.496,8.6,1,11.4,23500.0,64.6,1,0
APP04077,Sofia Taylor,992-57-1966,sofia.taylor676@example.com,3926 Elm Dr,90693,1987-08-18,metro,57600.0,0.246,16.9,1,6.9,25300.0,34.2,0,1
APP04078,Omar Lee,970-26-1300,omar.lee29@example.com,5082 Cedar Ln,91853,1998-07-08,metro,25800.0,0.456,29.8,0,4.7,13000.0,29.3,1,0
APP04079,Aisha Lee,954-42-6028,aisha.lee949@example.com,2817 Cedar Ln,91555,1997-08-13,metro,81500.0,0.23,12.6,0,8.5,9200.0,41.9,0,1
APP04080,Alex Kim,906-65-9765,alex.kim125@example.com,690 Cedar Ln,90308,1976-02-05,metro,50300.0,0.396,7.4,0,2.0,20800.0,42.9,0,0
APP04081,Aisha Patel,989-74-9954,aisha.patel130@example.com,761 Cedar Ln,96065,1999-01-30,rural,61800.0,0.194,6.1,1,5.5,27100.0,80.0,1,0
APP04082,Daniel Wilson,949-93-4431,daniel.wilson11@example.com,3590 Cedar Ln,90463,1953-10-10,metro,78400.0,0.328,7.8,0,0.4,28300.0,37.3,0,0
APP04083,Alex Chen,948-41-3327,alex.chen49@example.com,6551 Oak St,91361,1989-07-26,metro,80200.0,0.476,3.6,0,5.7,21300.0,38.2,0,1
APP04084,Omar Moore,936-50-6812,omar.moore239@example.com,8040 Elm Dr,91215,1993-10-17,metro,128100.0,0.46,12.1,1,3.1,23900.0,22.9,1,0
APP04085,Carlos Davis,936-65-8356,carlos.davis708@example.com,6472 Hillcrest Way,96011,1972-09-18,rural,54800.0,0.445,11.0,0,6.1,23800.0,74.3,0,1
APP04086,Noah Smith,962-32-2326,noah.smith680@example.com,1170 Oak St,90086,2000-12-30,metro,120400.0,0.146,7.9,0,3.1,24700.0,48.2,0,1
APP04087,Emma Clark,927-41-7194,emma.clark136@example.com,5132 Pine Rd,90143,1974-04-29,metro,42000.0,0.271,14.3,0,4.2,29500.0,28.7,0,0
APP04088,Hiro Lee,919-33-7481,hiro.lee101@example.com,412 Oak St,90183,1953-03-15,metro,44300.0,0.317,6.2,0,17.9,20100.0,51.1,1,0
APP04089,Olivia Davis,922-93-9283,olivia.davis886@example.com,7411 Cedar Ln,91560,1976-11-04,metro,58500.0,0.346,2.6,0,4.3,28000.0,27.1,1,0
APP04090,James Kim,963-79-4571,james.kim488@example.com,8539 Cedar Ln,91951,1964-04-29,metro,67500.0,0.336,2.9,1,,18300.0,42.3,1,0
APP04091,Olivia Taylor,984-38-4756,olivia.taylor168@example.com,7870 Maple Ave,90560,1950-10-12,metro,64900.0,0.317,13.6,1,5.7,28000.0,35.6,1,0
APP04092,Priya Ramirez,902-56-5322,priya.ramirez368@example.com,3174 Pine Rd,90656,1996-05-09,metro,149100.0,0.482,7.6,1,3.9,28000.0,24.4,0,1
APP04093,Omar Ali,959-56-1427,omar.ali243@example.com,9896 Cedar Ln,91375,1961-05-03,metro,72600.0,0.246,11.4,0,3.1,17800.0,15.3,1,0
APP04094,Sofia Lee,904-99-4423,sofia.lee443@example.com,5802 Oak St,91701,1958-02-23,metro,48600.0,0.585,15.9,1,10.7,24600.0,26.6,1,0
APP04095,Sofia Ali,944-61-3003,sofia.ali787@example.com,5611 Maple Ave,91535,1982-09-18,metro,38100.0,0.143,11.2,0,10.7,26800.0,37.2,0,1
APP04096,Carlos Kim,987-16-6860,carlos.kim454@example.com,2092 Lakeview Blvd,96058,1970-06-04,rural,67000.0,0.256,1.7,0,4.4,23600.0,76.8,1,0
APP04097,Daniel Moore,947-49-2860,daniel.moore505@example.com,8386 Hillcrest Way,91614,1995-05-07,metro,80700.0,0.608,17.9,0,7.3,34800.0,34.3,1,0
APP04098,Olivia Taylor,957-34-4386,olivia.taylor669@example.com,2408 Lakeview Blvd,95905,1967-03-15,rural,41400.0,0.19,10.1,0,0.3,27800.0,75.6,1,0
APP04099,Emma Lopez,907-69-8430,emma.lopez735@example.com,7265 Maple Ave,91040,1957-11-05,metro,,0.298,3.6,0,6.1,16800.0,28.6,0,1
APP04100,Priya Wilson,939-34-2103,priya.wilson682@example.com,8980 Cedar Ln,90948,1960-12-23,metro,61900.0,0.02,7.4,0,1.8,28900.0,25.9,0,1
APP04101,Emma Smith,955-31-8323,emma.smith663@example.com,6707 Maple Ave,90067,1976-11-14,metro,76400.0,0.189,8.2,3,8.5,27700.0,41.3,1,0
APP04102,Grace Chen,984-15-9351,grace.chen723@example.com,5451 Maple Ave,91234,1972-12-01,metro,93700.0,0.502,18.2,0,,15800.0,41.4,1,0
APP04103,Kevin Ramirez,975-78-5016,kevin.ramirez109@example.com,9008 Maple Ave,91053,1953-05-20,metro,27700.0,0.256,3.0,0,11.1,12300.0,27.1,0,1
APP04104,Maria Brown,987-97-7039,maria.brown439@example.com,832 Cedar Ln,91174,1968-11-05,metro,87800.0,0.345,4.6,1,4.8,18700.0,17.0,0,1
APP04105,Mateo Johnson,982-14-4078,mateo.johnson975@example.com,5826 Oak St,90636,1954-06-10,metro,89400.0,0.443,22.9,0,11.4,20400.0,29.8,1,1
APP04106,Maria Wilson,992-52-6129,maria.wilson344@example.com,2147 Pine Rd,96159,2000-07-23,rural,45000.0,0.36,19.2,0,11.0,16200.0,74.7,0,1
APP04107,Linh Clark,937-54-7301,linh.clark887@example.com,9163 Maple Ave,90425,1954-02-19,metro,67100.0,0.362,3.0,0,2.7,18200.0,24.4,0,1
APP04108,Fatima Johnson,971-11-5762,fatima.johnson174@example.com,4786 Elm Dr,96105,1972-08-09,rural,115500.0,0.146,31.3,0,5.1,27700.0,68.0,0,1
APP04109,Sofia Martinez,930-20-7246,sofia.martinez51@example.com,5048 Maple Ave,91849,1995-10-22,metro,87000.0,0.515,10.9,1,2.4,19700.0,49.1,1,0
APP04110,Aisha Lee,949-27-3441,aisha.lee464@example.com,7325 Pine Rd,90243,1989-08-02,metro,56400.0,0.285,4.8,0,8.3,16000.0,35.3,0,1
APP04111,Aisha Lopez,944-80-5159,aisha.lopez51@example.com,465 Hillcrest Way,96149,1951-07-29,rural,64000.0,0.393,1.7,0,8.6,23900.0,65.2,1,0
APP04112,Fatima Nguyen,969-88-6258,fatima.nguyen203@example.com,3420 Lakeview Blvd,96103,1955-11-17,rural,79100.0,0.314,2.3,0,1.4,27700.0,74.7,0,1
APP04113,Ravi Ramirez,998-69-1889,ravi.ramirez237@example.com,8199 Lakeview Blvd,96049,1956-03-05,rural,50500.0,0.292,10.8,0,3.6,28200.0,60.2,0,1
APP04114,Chloe Johnson,961-93-1381,chloe.johnson616@example.com,7780 Lakeview Blvd,90601,1984-02-11,metro,32800.0,0.409,7.5,0,5.3,31000.0,32.0,1,0
APP04115,Kevin Patel,992-23-2623,kevin.patel947@example.com,6571 Pine Rd,96079,1994-06-17,rural,46600.0,0.462,3.7,0,4.2,7500.0,65.3,0,1
APP04116,Hiro Lopez,958-80-6837,hiro.lopez41@example.com,8351 Hillcrest Way,90729,1985-11-21,metro,51200.0,0.194,4.7,2,8.8,21000.0,44.3,1,0
APP04117,Maria Martinez,907-49-4908,maria.martinez454@example.com,3053 Cedar Ln,91008,2001-09-24,metro,51700.0,0.089,11.7,0,9.0,13300.0,41.5,0,1
APP04118,Aisha Singh,995-44-8348,aisha.singh136@example.com,6929 Hillcrest Way,90897,1967-10-14,metro,89900.0,0.196,4.4,1,3.1,20900.0,36.2,0,1
APP04119,Chloe Patel,907-29-4800,chloe.patel45@example.com,9465 Oak St,96130,1965-04-28,rural,43700.0,0.348,14.9,0,15.0,23100.0,71.5,0,1
APP04120,Chloe Lee,917-40-7048,chloe.lee969@example.com,3900 Cedar Ln,91823,1994-04-21,metro,74100.0,0.403,7.1,0,0.7,20400.0,22.9,0,1
APP04121,Grace Martinez,925-25-9550,grace.martinez882@example.com,9802 Hillcrest Way,96059,1990-10-13,rural,78800.0,0.368,5.0,0,5.1,31500.0,74.7,1,0
APP04122,Priya Davis,972-10-1320,priya.davis14@example.com,9459 Hillcrest Way,90825,1960-11-09,metro,66300.0,0.353,8.2,0,2.0,19900.0,43.9,1,0
APP04123,Daniel Ali,905-96-5929,daniel.ali889@example.com,6314 Maple Ave,90925,1966-08-03,metro,77100.0,0.372,21.7,1,9.1,17400.0,33.6,0,1
APP04124,Ravi Clark,980-70-1497,ravi.clark408@example.com,5553 Oak St,91205,1984-11-29,metro,54400.0,0.505,7.8,2,2.5,10300.0,58.9,1,0
APP04125,Kevin Kim,993-52-5997,kevin.kim589@example.com,8193 Maple Ave,96193,1960-11-24,rural,40700.0,0.307,4.5,0,9.4,37400.0,70.8,1,0
APP04126,James Smith,993-61-8418,james.smith522@example.com,2827 Cedar Ln,91680,1952-11-16,metro,111600.0,0.326,3.4,0,5.6,18200.0,40.0,0,1
APP04127,Fatima Clark,986-86-8644,fatima.clark872@example.com,9453 Cedar Ln,91823,1978-08-18,metro,48200.0,0.447,21.5,0,2.1,12100.0,26.3,1,0
APP04128,Maria Kim,937-48-7433,maria.kim737@example.com,1281 Maple Ave,91725,1950-06-02,metro,80300.0,0.442,2.0,0,5.4,8300.0,46.7,0,1
APP04129,Grace Moore,920-70-3198,grace.moore176@example.com,2690 Elm Dr,96127,1953-08-11,rural,25500.0,0.417,9.7,0,3.7,12900.0,90.6,1,0
APP04130,Linh Wilson,936-95-7186,linh.wilson446@example.com,7588 Pine Rd,91603,1989-07-19,metro,,0.491,3.7,0,2.2,22100.0,34.1,1,0
APP04131,Chloe Davis,983-37-4483,chloe.davis112@example.com,2432 Hillcrest Way,90819,1978-07-14,metro,76800.0,0.176,13.7,1,9.1,27800.0,35.9,0,1
APP04132,Noah Singh,948-62-6537,noah.singh317@example.com,9626 Hillcrest Way,91926,1995-05-24,metro,69800.0,0.221,2.9,0,4.1,21300.0,38.0,0,1
APP04133,Emma Ramirez,978-79-7521,emma.ramirez513@example.com,3050 Hillcrest Way,90639,1992-11-07,metro,62100.0,0.355,17.1,0,9.2,19600.0,43.4,0,1
APP04134,Hiro Kim,933-99-7875,hiro.kim985@example.com,2475 Hillcrest Way,91254,1986-06-10,metro,,0.47,12.5,0,7.2,12200.0,41.6,0,1
APP04135,Carlos Nguyen,920-28-6990,carlos.nguyen921@example.com,515 Oak St,90912,1979-09-27,metro,51100.0,0.309,20.4,0,5.2,29500.0,64.0,0,1
APP04136,Grace Martinez,919-67-9084,grace.martinez313@example.com,2228 Hillcrest Way,90169,1971-01-29,metro,82600.0,0.542,10.0,2,9.7,16000.0,27.6,0,1
APP04137,Mateo Wilson,955-74-5688,mateo.wilson654@example.com,3435 Cedar Ln,90506,1958-05-25,metro,53200.0,0.271,21.4,0,8.5,26700.0,43.5,0,1
APP04138,Fatima Davis,923-24-7349,fatima.davis287@example.com,4094 Hillcrest Way,90988,1976-08-08,metro,31400.0,0.419,7.3,1,0.4,16800.0,25.5,0,1
APP04139,Olivia Taylor,936-10-2393,olivia.taylor950@example.com,6658 Elm Dr,95949,1959-02-21,rural,74900.0,0.324,8.6,0,6.4,22600.0,75.8,1,0
APP04140,Maria Brown,955-69-8341,maria.brown482@example.com,6072 Cedar Ln,96135,1963-12-29,rural,165300.0,0.34,10.3,0,5.6,10500.0,58.4,0,1
APP04141,Priya Lee,973-45-7131,priya.lee639@example.com,1561 Pine Rd,91959,1981-06-12,metro,54800.0,0.405,10.7,1,7.9,26100.0,39.2,1,0
APP04142,Maria Singh,960-12-9575,maria.singh427@example.com,7530 Maple Ave,95995,1953-05-11,rural,62000.0,0.42,15.7,0,3.5,12900.0,76.6,0,0
APP04143,Maria Ramirez,912-87-5467,maria.ramirez436@example.com,3498 Maple Ave,91159,1987-04-17,metro,59200.0,0.517,3.9,0,3.0,12600.0,49.2,1,0
APP04144,Emma Taylor,923-78-4375,emma.taylor146@example.com,2826 Hillcrest Way,90287,1982-11-12,metro,39900.0,0.606,9.1,1,2.5,17900.0,32.0,1,0
APP04145,Olivia Clark,968-66-2527,olivia.clark42@example.com,3133 Cedar Ln,90956,1964-11-27,metro,63400.0,0.153,14.5,0,4.3,15900.0,31.3,0,1
APP04146,Carlos Brown,967-73-9943,carlos.brown557@example.com,635 Elm Dr,95954,1981-10-30,rural,46900.0,0.282,12.4,0,6.8,36000.0,79.2,1,0
APP04147,Sofia Martinez,929-84-6610,sofia.martinez727@example.com,5957 Hillcrest Way,96152,1986-09-20,rural,61900.0,0.145,16.0,1,4.8,29800.0,80.1,1,0
APP04148,Linh Garcia,904-62-8427,linh.garcia884@example.com,4056 Hillcrest Way,91386,1997-03-22,metro,49700.0,0.392,1.6,3,8.6,26000.0,33.3,1,0
APP04149,Maria Clark,946-54-4744,maria.clark751@example.com,3045 Cedar Ln,91808,1997-06-24,metro,83900.0,0.26,6.1,2,17.8,22200.0,26.3,0,1
APP04150,Maria Ramirez,983-20-3740,maria.ramirez832@example.com,9540 Hillcrest Way,91099,1987-10-09,metro,41900.0,0.38,5.4,0,7.8,30200.0,61.2,1,0
APP04151,Kevin Moore,981-45-1654,kevin.moore411@example.com,7002 Elm Dr,95910,1998-11-11,rural,36200.0,0.4,9.6,1,9.1,32100.0,68.9,0,0
APP04152,Grace Martinez,947-40-2277,grace.martinez53@example.com,841 Elm Dr,90391,1974-03-12,metro,,0.246,5.9,2,12.2,3900.0,46.6,1,0
APP04153,Fatima Chen,998-64-1542,fatima.chen340@example.com,8598 Maple Ave,91765,1977-05-18,metro,49600.0,0.434,15.5,0,11.6,23500.0,33.8,1,0
APP04154,James Ramirez,986-68-4374,james.ramirez748@example.com,346 Maple Ave,90068,1989-02-14,metro,66700.0,0.445,3.8,0,1.5,30300.0,24.4,0,0
APP04155,Fatima Brown,985-87-4696,fatima.brown363@example.com,3382 Cedar Ln,91699,1986-03-04,metro,40400.0,0.429,6.8,0,13.1,30300.0,32.9,1,0
APP04156,Alex Davis,934-55-4546,alex.davis556@example.com,4608 Maple Ave,90621,1998-07-06,metro,54900.0,0.489,6.6,0,4.8,15200.0,30.2,1,0
APP04157,Maria Nguyen,965-54-2376,maria.nguyen412@example.com,6848 Maple Ave,91094,1988-01-24,metro,63800.0,0.264,6.5,0,5.7,20900.0,40.4,1,0
APP04158,James Nguyen,923-42-4492,james.nguyen155@example.com,2250 Pine Rd,90328,1993-06-10,metro,77500.0,0.37,4.8,0,,28300.0,30.1,1,0
APP04159,Omar Garcia,902-49-5709,omar.garcia839@example.com,1504 Maple Ave,90249,1954-11-24,metro,34700.0,0.272,29.8,0,5.7,35000.0,27.5,0,0
APP04160,Linh Hernandez,945-33-3616,linh.hernandez336@example.com,3526 Lakeview Blvd,95928,1954-12-25,rural,,0.382,24.1,0,8.2,23100.0,68.6,0,1
APP04161,Olivia Lee,975-63-4348,olivia.lee424@example.com,6460 Maple Ave,96045,1980-09-14,rural,58000.0,0.298,7.0,0,10.8,24100.0,69.3,1,0
APP04162,Olivia Smith,938-99-8278,olivia.smith35@example.com,7898 Lakeview Blvd,91841,1981-08-02,metro,104000.0,0.261,17.7,0,10.2,10600.0,44.1,0,1
APP04163,Noah Davis,916-61-5764,noah.davis857@example.com,712 Cedar Ln,91149,1970-05-20,metro,34300.0,0.352,4.6,0,11.6,12700.0,11.4,0,0
APP04164,Fatima Kim,948-15-6392,fatima.kim930@example.com,8562 Lakeview Blvd,90430,1965-05-03,metro,108400.0,0.21,3.8,0,14.9,26900.0,39.7,0,1
APP04165,Ravi Wilson,928-23-9886,ravi.wilson688@example.com,1406 Elm Dr,91484,1969-01-07,metro,101100.0,0.603,11.9,1,3.5,29300.0,47.7,1,0
APP04166,Priya Garcia,963-63-3779,priya.garcia800@example.com,1277 Hillcrest Way,90936,1969-10-26,metro,91300.0,0.348,14.5,0,2.4,28300.0,11.8,0,1
APP04167,Olivia Lee,963-42-3234,olivia.lee627@example.com,7992 Cedar Ln,96067,1995-05-15,rural,63000.0,0.313,15.7,1,12.3,16000.0,76.7,0,1
APP04168,Linh Lee,965-26-6291,linh.lee291@example.com,8738 Maple Ave,90368,1989-01-20,metro,70700.0,0.583,4.0,1,4.6,28200.0,27.7,1,0
APP04169,Olivia Taylor,906-64-4206,olivia.taylor832@example.com,6662 Hillcrest Way,96188,1965-06-07,rural,38700.0,0.206,22.5,0,3.1,11000.0,63.9,0,1
APP04170,Kevin Moore,908-75-7776,kevin.moore125@example.com,4458 Pine Rd,91757,1991-10-28,metro,52200.0,0.263,8.5,1,12.5,28000.0,23.3,0,1
APP04171,Alex Clark,902-35-8814,alex.clark816@example.com,5510 Pine Rd,90375,1957-02-09,metro,44000.0,0.397,8.3,0,5.6,15400.0,37.3,0,1
APP04172,Kevin Garcia,943-32-4485,kevin.garcia652@example.com,4434 Lakeview Blvd,95998,1986-07-20,rural,63500.0,0.469,7.6,1,3.8,18300.0,75.9,1,0
APP04173,Fatima Lee,915-74-2736,fatima.lee799@example.com,1255 Maple Ave,91971,1990-04-17,metro,54000.0,0.463,5.6,0,9.0,17000.0,40.9,1,0
APP04174,Hiro Davis,997-26-8876,hiro.davis132@example.com,4760 Hillcrest Way,90530,1997-02-25,metro,66500.0,0.133,16.3,1,7.8,32900.0,18.1,0,1
APP04175,Linh Ali,948-81-5000,linh.ali693@example.com,1996 Maple Ave,91498,1952-04-07,metro,30000.0,0.1,11.2,0,6.7,16300.0,36.4,1,0
APP04176,Fatima Hernandez,979-88-8052,fatima.hernandez65@example.com,7499 Cedar Ln,91547,2001-07-30,metro,23000.0,0.456,9.5,0,5.7,15700.0,39.8,1,0
APP04177,Alex Brown,913-18-5994,alex.brown102@example.com,9344 Oak St,91506,1976-12-25,metro,28100.0,0.434,13.0,0,3.1,21800.0,28.8,1,0
APP04178,Sofia Ali,973-45-5222,sofia.ali182@example.com,454 Cedar Ln,96096,1999-12-20,rural,40900.0,0.255,14.0,1,5.6,9900.0,73.2,0,1
APP04179,Mateo Hernandez,982-75-6235,mateo.hernandez377@example.com,346 Oak St,91739,1987-10-18,metro,82200.0,0.44,4.7,0,,16500.0,38.2,0,1
APP04180,Sofia Singh,910-49-8681,sofia.singh43@example.com,4854 Elm Dr,90946,1967-10-12,metro,39700.0,0.385,6.7,0,2.8,26400.0,34.1,1,0
APP04181,Olivia Kim,951-87-8203,olivia.kim726@example.com,253 Elm Dr,91849,1961-09-19,metro,83700.0,0.391,6.8,0,2.3,24200.0,30.8,0,0
APP04182,Omar Taylor,948-47-7805,omar.taylor717@example.com,4487 Pine Rd,91598,1998-12-03,metro,63500.0,0.384,19.9,0,8.6,26500.0,40.7,0,1
APP04183,Omar Martinez,966-75-3882,omar.martinez566@example.com,7061 Hillcrest Way,96004,1982-02-14,rural,66900.0,0.371,15.2,1,7.7,23300.0,65.8,1,0
APP04184,Hiro Taylor,997-62-7270,hiro.taylor251@example.com,3970 Lakeview Blvd,91788,1950-06-09,metro,112600.0,0.134,14.3,2,3.6,25200.0,48.1,0,1
APP04185,Priya Martinez,960-12-2107,priya.martinez542@example.com,3093 Maple Ave,91666,1980-06-30,metro,63300.0,0.602,12.1,0,13.2,13000.0,24.6,1,0
APP04186,Omar Nguyen,998-18-5646,omar.nguyen156@example.com,7303 Cedar Ln,91074,1976-01-09,metro,44000.0,0.448,15.6,0,5.0,14400.0,40.3,1,0
APP04187,Hiro Davis,924-78-9219,hiro.davis935@example.com,1444 Pine Rd,90568,1955-01-03,metro,61800.0,0.46,5.7,0,11.3,28500.0,33.1,0,1
APP04188,Noah Ramirez,960-23-6131,noah.ramirez470@example.com,210 Oak St,90853,1952-09-04,metro,72200.0,0.429,2.1,0,2.4,27000.0,36.2,0,0
APP04189,Fatima Kim,990-73-1638,fatima.kim578@example.com,6791 Hillcrest Way,96189,1961-12-01,rural,74400.0,0.201,15.8,0,10.1,19400.0,74.1,0,1
APP04190,Chloe Singh,935-34-7502,chloe.singh831@example.com,8824 Oak St,91046,2000-10-19,metro,43500.0,0.306,6.0,1,6.4,16300.0,36.6,1,0
APP04191,Kevin Davis,996-70-2559,kevin.davis914@example.com,7240 Maple Ave,91388,1956-08-19,metro,42000.0,0.415,8.0,0,1.6,15900.0,41.2,1,0
APP04192,Priya Chen,997-96-7440,priya.chen391@example.com,395 Pine Rd,90295,1964-05-16,metro,35900.0,0.289,16.2,1,19.2,21200.0,18.3,1,0
APP04193,Emma Smith,972-85-2503,emma.smith536@example.com,5982 Maple Ave,91647,1995-07-18,metro,61700.0,0.45,13.9,0,5.0,15100.0,35.5,0,1
APP04194,Sofia Davis,942-49-4378,sofia.davis993@example.com,4213 Elm Dr,90753,1999-11-27,metro,58200.0,0.208,13.6,0,3.2,10200.0,40.2,0,1
APP04195,Noah Lopez,997-32-4209,noah.lopez928@example.com,2992 Oak St,90786,1968-09-12,metro,40800.0,0.438,11.2,0,3.8,31700.0,35.5,0,0
APP04196,Aisha Patel,992-73-7357,aisha.patel255@example.com,6237 Oak St,95910,2000-04-09,rural,43200.0,0.593,4.1,0,3.8,13000.0,85.3,1,0
APP04197,Noah Taylor,918-95-1290,noah.taylor303@example.com,8777 Oak St,90241,1994-04-04,metro,61600.0,0.326,4.6,1,6.3,29600.0,48.0,0,1
APP04198,Carlos Kim,989-43-1755,carlos.kim783@example.com,1601 Lakeview Blvd,96165,1959-12-16,rural,73000.0,0.472,5.4,1,11.1,9700.0,77.0,1,0
APP04199,Alex Smith,949-40-5483,alex.smith612@example.com,5223 Hillcrest Way,91964,1962-07-27,metro,72600.0,0.243,3.7,0,,24900.0,38.2,0,1
APP04200,James Davis,942-10-6828,james.davis43@example.com,2869 Oak St,90390,1978-11-09,metro,48600.0,0.252,7.2,0,4.3,11900.0,40.8,1,0
APP04201,Linh Martinez,911-11-5842,linh.martinez654@example.com,7408 Oak St,90781,1994-06-10,metro,69900.0,0.358,14.3,0,8.0,19700.0,32.1,0,1
APP04202,Chloe Singh,905-97-7021,chloe.singh520@example.com,6526 Elm Dr,91829,1996-08-24,metro,47400.0,0.246,20.7,2,2.3,32400.0,40.3,0,0
APP04203,Carlos Moore,927-32-4920,carlos.moore293@example.com,6135 Oak St,90340,1992-11-25,metro,35800.0,0.34,7.8,0,3.6,3100.0,37.8,1,0
APP04204,Carlos Garcia,913-44-8719,carlos.garcia818@example.com,9561 Maple Ave,90044,1972-12-02,metro,68400.0,0.372,6.4,1,8.6,16000.0,40.1,1,0
APP04205,Chloe Davis,901-50-7739,chloe.davis441@example.com,4332 Hillcrest Way,91428,1987-11-19,metro,77500.0,0.232,9.2,1,0.6,20800.0,27.6,1,0
APP04206,Noah Taylor,989-59-6892,noah.taylor495@example.com,8939 Cedar Ln,96037,1988-04-15,rural,77900.0,0.408,24.7,0,14.2,27400.0,80.0,0,1
APP04207,Linh Garcia,924-70-7795,linh.garcia938@example.com,7932 Cedar Ln,96073,1980-02-08,rural,58700.0,0.319,8.0,0,,16500.0,76.4,0,1
APP04208,Kevin Hernandez,919-85-7616,kevin.hernandez982@example.com,3523 Pine Rd,91904,1974-11-04,metro,32600.0,0.212,3.7,0,2.2,26200.0,27.0,0,0
APP04209,Hiro Johnson,973-78-7594,hiro.johnson14@example.com,7104 Cedar Ln,91726,1975-05-24,metro,48300.0,0.263,7.8,1,7.4,18800.0,25.6,0,1
APP04210,Priya Kim,966-73-5774,priya.kim657@example.com,9431 Pine Rd,90754,1955-08-06,metro,92000.0,0.461,4.4,0,14.6,21800.0,46.7,0,1
APP04211,Grace Lopez,956-66-9020,grace.lopez210@example.com,790 Pine Rd,91016,2001-01-11,metro,150800.0,0.255,6.6,0,5.6,21100.0,34.7,1,1
APP04212,Priya Smith,903-39-2998,priya.smith704@example.com,3243 Hillcrest Way,91853,1972-08-06,metro,171400.0,0.423,7.9,0,4.7,22300.0,37.3,0,1
APP04213,James Ali,952-93-8783,james.ali261@example.com,6578 Elm Dr,91405,1956-09-22,metro,106700.0,0.334,10.9,1,4.8,30000.0,36.7,0,1
APP04214,Olivia Garcia,999-68-8522,olivia.garcia338@example.com,1723 Maple Ave,91756,1953-04-10,metro,74600.0,0.319,10.8,0,3.6,21900.0,35.7,1,0
APP04215,Fatima Davis,929-25-8174,fatima.davis898@example.com,2172 Hillcrest Way,91770,1994-12-05,metro,38100.0,0.252,19.9,2,3.1,24500.0,33.5,0,1
APP04216,Daniel Martinez,997-49-2803,daniel.martinez825@example.com,9694 Hillcrest Way,96134,1952-07-14,rural,65900.0,0.486,4.0,0,,18700.0,70.5,1,0
APP04217,Omar Martinez,910-75-6421,omar.martinez162@example.com,5845 Cedar Ln,90453,1958-07-17,metro,49500.0,0.226,1.8,0,9.4,16900.0,31.1,0,1
APP04218,Noah Patel,969-56-9089,noah.patel518@example.com,3891 Elm Dr,91700,1956-05-24,metro,67300.0,0.113,4.9,0,5.6,25500.0,44.8,0,1
APP04219,Mateo Hernandez,997-85-5710,mateo.hernandez505@example.com,9708 Oak St,95955,1976-08-05,rural,67700.0,0.222,5.9,0,7.4,9800.0,69.7,0,1
APP04220,Linh Smith,987-52-2848,linh.smith903@example.com,3051 Pine Rd,90705,1976-10-30,metro,114400.0,0.489,11.8,1,4.7,15900.0,30.9,1,0
APP04221,Ravi Wilson,960-41-3716,ravi.wilson291@example.com,246 Cedar Ln,90554,1965-01-28,metro,62100.0,0.226,14.3,1,,11600.0,43.0,1,0
APP04222,Noah Smith,940-63-1087,noah.smith606@example.com,7940 Lakeview Blvd,90432,1979-07-05,metro,56900.0,0.168,11.7,1,10.6,25700.0,43.4,0,1
APP04223,James Wilson,961-74-3733,james.wilson800@example.com,816 Hillcrest Way,91783,1981-05-28,metro,68000.0,0.241,10.9,0,5.3,20900.0,56.8,0,1
APP04224,Emma Davis,948-86-6206,emma.davis55@example.com,1606 Elm Dr,91296,1958-05-05,metro,58300.0,0.37,9.9,0,5.1,21500.0,23.1,1,0
APP04225,Aisha Davis,919-65-2841,aisha.davis266@example.com,4321 Maple Ave,90242,1979-05-12,metro,44900.0,0.121,2.4,0,5.7,34400.0,27.2,0,1
APP04226,Ravi Kim,916-47-2357,ravi.kim366@example.com,2468 Lakeview Blvd,90708,1961-12-15,metro,43400.0,0.537,5.1,1,10.6,32800.0,22.3,1,0
APP04227,Priya Brown,960-64-5073,priya.brown247@example.com,8409 Cedar Ln,90419,1997-04-09,metro,63500.0,0.299,4.3,1,1.8,26500.0,50.2,0,1
APP04228,James Clark,943-40-6332,james.clark371@example.com,2129 Hillcrest Way,90207,1983-05-12,metro,83600.0,0.382,13.6,0,2.3,20500.0,30.3,0,1
APP04229,Omar Ali,960-27-6071,omar.ali823@example.com,6889 Oak St,91160,1976-06-04,metro,74000.0,0.279,9.9,0,2.9,3600.0,26.8,0,1
APP04230,Aisha Wilson,960-38-6780,aisha.wilson741@example.com,4105 Cedar Ln,90220,1967-06-09,metro,78800.0,0.229,17.2,1,6.9,14700.0,41.4,1,0
APP04231,Omar Taylor,902-96-8480,omar.taylor414@example.com,2813 Hillcrest Way,90902,1955-09-13,metro,76300.0,0.304,24.5,1,5.4,26800.0,26.6,0,1
APP04232,Emma Smith,938-61-6849,emma.smith198@example.com,6428 Oak St,90990,1979-03-12,metro,69700.0,0.332,3.7,1,6.4,16200.0,39.1,0,1
APP04233,Fatima Lopez,967-83-7579,fatima.lopez765@example.com,8613 Hillcrest Way,96123,1982-04-27,rural,40300.0,0.269,4.5,0,2.1,34400.0,69.5,1,0
APP04234,Kevin Kim,990-85-1266,kevin.kim910@example.com,6642 Cedar Ln,90061,1958-07-14,metro,77600.0,0.292,21.6,0,0.6,2000.0,30.7,0,1
APP04235,Emma Nguyen,953-76-1621,emma.nguyen727@example.com,7078 Pine Rd,91378,1967-01-03,metro,74700.0,0.378,13.3,0,6.5,10500.0,30.4,0,1
APP04236,Grace Johnson,944-68-1321,grace.johnson32@example.com,1558 Cedar Ln,96024,1964-10-18,rural,52800.0,0.397,3.9,0,4.0,13800.0,84.2,1,0
APP04237,Aisha Singh,943-99-4113,aisha.singh185@example.com,4819 Pine Rd,90547,1967-06-24,metro,60800.0,0.4,24.1,0,20.2,24400.0,33.3,0,1
APP04238,Sofia Clark,936-13-8891,sofia.clark31@example.com,1685 Lakeview Blvd,90564,1971-02-01,metro,52300.0,0.395,8.1,0,7.2,13400.0,21.0,1,0
APP04239,Hiro Davis,915-13-9862,hiro.davis944@example.com,2115 Lakeview Blvd,96150,1992-04-14,rural,67300.0,0.387,4.5,0,4.1,23000.0,83.3,1,0
APP04240,Carlos Nguyen,900-13-9494,carlos.nguyen482@example.com,287 Elm Dr,90229,1973-06-20,metro,86700.0,0.379,19.0,2,5.0,24200.0,27.8,0,1
APP04241,Aisha Smith,967-71-9054,aisha.smith521@example.com,6595 Pine Rd,96012,1979-04-11,rural,82100.0,0.388,15.1,0,10.7,23300.0,78.6,1,0
APP04242,Fatima Johnson,916-33-7100,fatima.johnson883@example.com,7004 Hillcrest Way,91387,1994-09-05,metro,47900.0,0.349,3.9,0,6.7,20900.0,34.8,1,0
APP04243,Alex Moore,939-24-1036,alex.moore68@example.com,588 Maple Ave,91988,1979-01-08,metro,41400.0,0.36,20.7,0,3.9,3700.0,44.2,0,1
APP04244,Aisha Moore,996-51-2335,aisha.moore318@example.com,2554 Oak St,90220,1979-08-31,metro,102500.0,0.302,10.6,0,3.6,32500.0,24.1,0,1
APP04245,Emma Garcia,992-52-8918,emma.garcia711@example.com,7739 Cedar Ln,91277,1953-02-09,metro,81600.0,0.458,8.9,1,11.0,20900.0,36.3,0,1
APP04246,Linh Smith,929-10-2736,linh.smith245@example.com,4873 Oak St,90470,1992-03-08,metro,71400.0,0.318,16.6,0,2.1,23100.0,45.0,0,1
APP04247,Daniel Ali,997-93-6185,daniel.ali547@example.com,4772 Oak St,95961,1964-02-13,rural,58600.0,0.402,5.3,0,16.6,31400.0,87.6,1,0
APP04248,Alex Lee,997-43-1859,alex.lee254@example.com,9364 Pine Rd,91684,1958-04-28,metro,32900.0,0.095,12.2,0,6.6,18700.0,33.5,0,0
APP04249,Hiro Wilson,957-57-8859,hiro.wilson100@example.com,9019 Oak St,91416,1955-11-06,metro,46400.0,0.472,3.6,1,3.0,27300.0,21.9,1,0
APP04250,James Davis,971-54-9579,james.davis546@example.com,1230 Pine Rd,96170,1987-12-01,rural,120900.0,0.461,12.6,0,3.5,23800.0,77.5,0,1
APP04251,Maria Ramirez,969-18-8748,maria.ramirez488@example.com,3952 Oak St,90368,1953-12-29,metro,59800.0,0.204,7.8,0,9.4,31700.0,54.3,0,1
APP04252,Maria Johnson,941-98-4339,maria.johnson433@example.com,8669 Oak St,96076,1963-05-11,rural,59500.0,0.083,7.9,0,6.9,31800.0,79.8,0,1
APP04253,Aisha Ali,902-24-8005,aisha.ali921@example.com,7141 Cedar Ln,91240,1954-02-19,metro,63800.0,0.213,11.2,0,2.4,19000.0,36.7,0,1
APP04254,Kevin Patel,956-48-2442,kevin.patel296@example.com,5282 Lakeview Blvd,90851,1998-06-02,metro,69100.0,0.58,3.8,1,4.2,6000.0,30.8,1,0
APP04255,Sofia Clark,954-32-6668,sofia.clark659@example.com,4390 Elm Dr,91418,1992-08-16,metro,31500.0,0.299,3.7,2,4.3,26300.0,25.4,1,0
APP04256,Aisha Smith,911-78-3039,aisha.smith1@example.com,6598 Cedar Ln,95973,1965-07-26,rural,80300.0,0.41,3.6,0,3.6,13700.0,73.7,1,0
APP04257,Sofia Singh,924-35-2140,sofia.singh979@example.com,9315 Maple Ave,96029,1972-03-18,rural,43000.0,0.419,5.1,1,7.2,11800.0,74.9,1,0
APP04258,James Lee,947-44-6148,james.lee376@example.com,2208 Elm Dr,91860,1982-08-10,metro,87700.0,0.2,15.1,1,4.5,8900.0,24.8,0,1
APP04259,Mateo Moore,984-32-3217,mateo.moore582@example.com,5850 Hillcrest Way,96116,1998-07-13,rural,43100.0,0.302,4.2,0,5.3,17700.0,67.7,1,0
APP04260,Olivia Johnson,984-18-9511,olivia.johnson744@example.com,6658 Oak St,90673,1973-02-23,metro,46300.0,0.253,10.4,1,2.9,13700.0,53.6,0,1
APP04261,Daniel Moore,996-29-6579,daniel.moore127@example.com,4546 Cedar Ln,90899,1955-08-03,metro,74200.0,0.165,3.9,0,11.4,27100.0,19.1,0,1
APP04262,Priya Brown,969-12-8099,priya.brown11@example.com,8556 Pine Rd,90782,1980-09-21,metro,62700.0,0.186,7.9,1,8.1,7200.0,23.5,0,1
APP04263,James Garcia,989-52-7153,james.garcia467@example.com,8560 Elm Dr,96167,1971-05-28,rural,37300.0,0.263,8.7,0,18.7,9800.0,70.8,0,0
APP04264,Sofia Taylor,996-85-4757,sofia.taylor448@example.com,6003 Lakeview Blvd,91952,1998-01-15,metro,28200.0,0.241,6.1,0,10.1,25200.0,13.3,1,0
APP04265,Aisha Ali,949-32-1834,aisha.ali606@example.com,3959 Maple Ave,90723,2000-01-15,metro,55600.0,0.332,5.1,1,7.9,19400.0,53.8,1,0
APP04266,Kevin Singh,988-17-9949,kevin.singh340@example.com,201 Pine Rd,91943,1954-08-05,metro,32500.0,0.347,4.2,0,10.9,30000.0,30.1,1,0
APP04267,Kevin Martinez,930-56-3974,kevin.martinez302@example.com,1959 Elm Dr,90231,1984-01-04,metro,32900.0,0.195,13.5,1,2.1,39200.0,23.1,1,0
APP04268,Mateo Kim,975-73-8734,mateo.kim818@example.com,5545 Hillcrest Way,90663,1987-09-26,metro,108600.0,0.299,10.0,1,3.1,29400.0,38.9,0,1
APP04269,Noah Smith,997-20-3743,noah.smith594@example.com,6798 Pine Rd,91362,1977-02-05,metro,65500.0,0.335,12.4,2,1.9,29600.0,38.8,1,1
APP04270,Emma Wilson,963-26-7103,emma.wilson726@example.com,4383 Cedar Ln,96051,1985-01-04,rural,51600.0,0.525,4.3,0,3.1,10400.0,70.1,1,0
APP04271,Chloe Davis,904-31-4769,chloe.davis834@example.com,1283 Lakeview Blvd,96186,1973-07-15,rural,63900.0,0.37,9.3,2,4.4,19400.0,62.4,1,0
APP04272,Daniel Patel,957-93-9814,daniel.patel12@example.com,1551 Hillcrest Way,96066,1988-11-27,rural,85800.0,0.379,9.0,0,13.9,26500.0,66.4,0,1
APP04273,Olivia Kim,960-78-7290,olivia.kim379@example.com,1631 Elm Dr,90424,1973-07-01,metro,38800.0,0.458,14.7,1,5.4,23200.0,14.4,1,0
APP04274,Linh Johnson,992-65-8750,linh.johnson799@example.com,929 Lakeview Blvd,91446,1958-07-05,metro,43500.0,0.376,7.3,0,5.6,15300.0,35.9,1,0
APP04275,Fatima Wilson,991-37-7041,fatima.wilson182@example.com,8506 Maple Ave,90410,1976-11-09,metro,,0.295,13.6,0,4.1,15300.0,39.5,0,1
APP04276,Grace Smith,988-33-4875,grace.smith322@example.com,978 Maple Ave,91006,1975-09-29,metro,36200.0,0.498,7.2,0,6.8,26300.0,35.2,1,0
APP04277,Aisha Taylor,979-53-5374,aisha.taylor244@example.com,921 Pine Rd,91453,1951-05-14,metro,,0.47,11.6,0,8.3,21200.0,29.5,0,1
APP04278,Omar Lee,993-61-3460,omar.lee314@example.com,3194 Pine Rd,90722,1992-07-06,metro,40600.0,0.271,6.0,1,11.5,17500.0,52.8,0,1
APP04279,Emma Ali,947-70-3992,emma.ali287@example.com,8223 Cedar Ln,90663,1963-12-08,metro,62400.0,0.278,4.5,0,8.0,16600.0,37.5,0,1
APP04280,Kevin Clark,902-59-4342,kevin.clark398@example.com,3522 Maple Ave,96106,1968-09-22,rural,51100.0,0.156,11.9,1,6.3,13700.0,67.5,0,1
APP04281,Grace Moore,930-83-5598,grace.moore646@example.com,1179 Elm Dr,90269,1953-05-24,metro,58400.0,0.428,0.9,0,4.5,35100.0,41.8,0,0
APP04282,Fatima Garcia,981-71-9379,fatima.garcia966@example.com,404 Pine Rd,90050,1956-08-20,metro,50800.0,0.258,6.1,0,4.2,3300.0,32.7,1,0
APP04283,Daniel Brown,966-57-5029,daniel.brown914@example.com,4097 Lakeview Blvd,96119,1967-02-17,rural,137000.0,0.341,1.8,0,7.3,26600.0,76.8,0,1
APP04284,Carlos Lopez,983-88-3199,carlos.lopez25@example.com,1880 Pine Rd,96076,1990-02-28,rural,86300.0,0.377,17.4,1,6.5,18300.0,77.1,1,0
APP04285,Ravi Taylor,930-88-6488,ravi.taylor456@example.com,6164 Maple Ave,91276,1960-02-12,metro,65300.0,0.45,4.7,1,9.2,18600.0,43.1,1,0
APP04286,Priya Garcia,974-32-3486,priya.garcia762@example.com,3082 Pine Rd,96139,1976-12-10,rural,75200.0,0.428,9.4,0,12.0,18800.0,53.8,1,1
APP04287,Priya Johnson,935-17-2851,priya.johnson530@example.com,4201 Cedar Ln,96023,1977-12-06,rural,57900.0,0.123,13.7,2,4.4,16800.0,80.3,0,1
APP04288,Daniel Kim,911-69-5795,daniel.kim639@example.com,8735 Maple Ave,91921,1974-01-23,metro,135000.0,0.521,3.0,0,6.3,27400.0,31.7,0,1
APP04289,Emma Lopez,992-69-9910,emma.lopez876@example.com,3770 Maple Ave,90775,1984-06-04,metro,91300.0,0.536,3.4,1,9.0,11200.0,39.9,1,0
APP04290,Priya Clark,959-83-9468,priya.clark138@example.com,3729 Maple Ave,91270,1963-01-05,metro,143500.0,0.207,7.5,1,3.9,17500.0,36.3,0,1
APP04291,Fatima Kim,983-55-4060,fatima.kim182@example.com,8592 Lakeview Blvd,91881,1971-03-25,metro,35000.0,0.599,13.6,0,1.9,27000.0,26.2,1,0
APP04292,Mateo Smith,906-84-1514,mateo.smith339@example.com,7797 Elm Dr,96008,1986-10-19,rural,50800.0,0.279,4.4,1,7.1,4000.0,69.2,0,1
APP04293,Ravi Ali,917-28-1085,ravi.ali634@example.com,567 Lakeview Blvd,90893,1979-11-06,metro,47200.0,0.43,12.4,0,5.9,3900.0,23.4,0,1
APP04294,Maria Moore,977-10-3168,maria.moore487@example.com,3767 Maple Ave,96091,1983-04-10,rural,61100.0,0.464,5.2,0,6.6,10700.0,73.9,1,0
APP04295,Sofia Brown,962-26-1383,sofia.brown518@example.com,2027 Cedar Ln,95908,1963-04-20,rural,36800.0,0.422,10.9,0,,28000.0,89.7,0,0
APP04296,Mateo Lopez,958-30-4390,mateo.lopez422@example.com,9754 Cedar Ln,90824,1989-06-04,metro,52600.0,0.447,11.0,0,13.6,9900.0,37.5,0,1
APP04297,Mateo Davis,934-34-9440,mateo.davis679@example.com,7582 Lakeview Blvd,90057,1985-08-24,metro,149400.0,0.332,1.9,0,2.3,11600.0,16.7,0,1
APP04298,Omar Smith,968-10-5442,omar.smith83@example.com,9711 Hillcrest Way,90830,1962-09-19,metro,47400.0,0.356,8.2,0,3.1,10500.0,32.1,1,0
APP04299,Daniel Smith,949-93-8848,daniel.smith245@example.com,422 Oak St,96145,1988-07-15,rural,76200.0,0.43,10.0,0,4.1,26900.0,55.0,1,0
APP04300,Chloe Taylor,980-17-8263,chloe.taylor110@example.com,6393 Oak St,91641,1979-07-21,metro,64300.0,0.349,9.8,1,,25900.0,35.9,1,0
APP04301,Noah Ali,945-45-4771,noah.ali879@example.com,917 Hillcrest Way,95978,1989-06-26,rural,78200.0,0.343,6.9,0,3.0,11200.0,79.6,0,1
APP04302,James Lopez,925-12-3387,james.lopez202@example.com,418 Elm Dr,91245,1977-08-18,metro,54900.0,0.452,3.6,0,2.2,14100.0,37.5,1,0
APP04303,Fatima Lopez,929-25-2219,fatima.lopez159@example.com,8501 Maple Ave,90411,1965-06-30,metro,48000.0,0.439,15.7,0,1.5,21400.0,38.9,0,1
APP04304,Olivia Clark,905-96-3001,olivia.clark794@example.com,4331 Elm Dr,90833,1954-05-24,metro,111700.0,0.282,15.1,0,9.5,19300.0,43.4,0,1
APP04305,Priya Smith,932-77-4279,priya.smith425@example.com,6152 Hillcrest Way,96160,1966-08-01,rural,47600.0,0.289,8.2,0,7.3,17400.0,55.5,1,0
APP04306,Maria Ramirez,956-72-4094,maria.ramirez893@example.com,8516 Lakeview Blvd,90925,1961-08-12,metro,49100.0,0.484,5.9,0,5.1,23900.0,36.7,0,1
APP04307,Carlos Hernandez,934-41-9074,carlos.hernandez217@example.com,6030 Elm Dr,90454,1987-09-14,metro,70700.0,0.357,7.5,0,5.2,12500.0,33.9,1,0
APP04308,Aisha Smith,982-73-6071,aisha.smith521@example.com,510 Maple Ave,91702,1976-02-26,metro,77800.0,0.186,8.0,2,4.3,25700.0,44.2,1,0
APP04309,Alex Johnson,932-96-6291,alex.johnson109@example.com,5169 Hillcrest Way,96173,1998-04-24,rural,44900.0,0.281,10.0,0,3.8,12900.0,84.3,0,1
APP04310,Fatima Hernandez,945-12-2242,fatima.hernandez681@example.com,7263 Lakeview Blvd,91464,1993-11-22,metro,33500.0,0.378,22.0,0,8.3,29300.0,48.5,1,0
APP04311,Carlos Martinez,933-35-9749,carlos.martinez515@example.com,7853 Oak St,96022,1950-10-25,rural,34500.0,0.196,7.6,0,6.6,30400.0,73.2,1,0
APP04312,Priya Martinez,992-68-7007,priya.martinez324@example.com,7887 Hillcrest Way,91847,1967-08-21,metro,151400.0,0.219,11.2,0,,18100.0,44.7,0,1
APP04313,Olivia Patel,934-91-5485,olivia.patel757@example.com,5321 Elm Dr,90040,1963-05-21,metro,79000.0,0.471,4.8,0,,20700.0,37.6,0,1
APP04314,Omar Chen,933-68-6180,omar.chen605@example.com,2056 Hillcrest Way,91799,1952-08-12,metro,64400.0,0.437,4.9,0,6.3,30800.0,38.4,1,0
APP04315,Chloe Martinez,946-47-7766,chloe.martinez107@example.com,6964 Maple Ave,91371,1973-06-13,metro,62400.0,0.332,5.7,1,17.4,10900.0,38.5,0,1
APP04316,Carlos Clark,969-55-2155,carlos.clark738@example.com,784 Elm Dr,91188,1967-08-18,metro,48400.0,0.166,20.5,0,9.3,29500.0,22.5,1,1
APP04317,Ravi Chen,990-88-3340,ravi.chen39@example.com,365 Cedar Ln,90742,1951-04-18,metro,54800.0,0.102,3.1,0,4.8,20700.0,39.9,0,1
APP04318,Hiro Kim,910-83-3549,hiro.kim750@example.com,2393 Lakeview Blvd,91624,1982-07-02,metro,83400.0,0.224,9.0,0,7.8,36800.0,34.5,0,1
APP04319,Fatima Taylor,937-89-5668,fatima.taylor163@example.com,2994 Maple Ave,90628,1979-02-05,metro,85900.0,0.486,16.7,0,3.0,29200.0,49.4,0,1
APP04320,Sofia Ramirez,902-30-9526,sofia.ramirez650@example.com,508 Oak St,91693,1999-12-07,metro,81600.0,0.446,7.9,1,4.7,20200.0,36.0,0,1
APP04321,Fatima Moore,906-77-4321,fatima.moore260@example.com,9438 Cedar Ln,90648,1986-10-24,metro,35500.0,0.406,4.1,0,13.2,23400.0,49.1,1,0
APP04322,Linh Brown,992-61-2394,linh.brown409@example.com,5385 Pine Rd,90294,1982-08-14,metro,43700.0,0.289,17.1,0,1.6,33600.0,39.1,1,0
APP04323,Chloe Martinez,921-63-3694,chloe.martinez365@example.com,4771 Hillcrest Way,91799,1956-01-31,metro,23700.0,0.686,4.5,0,4.6,31800.0,40.7,1,0
APP04324,Omar Patel,939-23-2970,omar.patel233@example.com,1978 Cedar Ln,90605,1989-11-27,metro,95900.0,0.49,6.4,1,13.9,14800.0,35.0,0,0
APP04325,Ravi Lee,918-21-6865,ravi.lee197@example.com,2219 Lakeview Blvd,95949,1978-01-29,rural,59100.0,0.163,5.5,0,10.5,19300.0,81.7,0,1
APP04326,Emma Nguyen,919-67-1102,emma.nguyen982@example.com,858 Pine Rd,96043,1966-08-13,rural,53100.0,0.266,5.1,0,5.7,23900.0,61.2,1,0
APP04327,Hiro Clark,984-54-3423,hiro.clark158@example.com,713 Lakeview Blvd,90250,1978-03-26,metro,89200.0,0.416,8.3,0,1.3,33700.0,24.4,1,0
APP04328,Mateo Nguyen,931-75-7173,mateo.nguyen353@example.com,6768 Oak St,90274,1983-03-24,metro,53300.0,0.316,14.5,0,6.6,41000.0,56.1,0,1
APP04329,Hiro Ali,947-58-4043,hiro.ali86@example.com,7930 Oak St,91355,1981-07-23,metro,42600.0,0.33,5.9,0,,18900.0,42.2,0,1
APP04330,Aisha Johnson,915-81-6733,aisha.johnson710@example.com,1234 Maple Ave,96089,1965-04-07,rural,69400.0,0.332,7.8,0,6.8,27400.0,73.8,1,0
APP04331,Maria Johnson,912-84-9792,maria.johnson848@example.com,3365 Maple Ave,90008,1979-07-01,metro,105100.0,0.375,4.0,1,6.7,25200.0,21.9,0,1
APP04332,Hiro Taylor,973-14-3733,hiro.taylor881@example.com,9449 Pine Rd,95976,1954-08-30,rural,37900.0,0.489,7.6,0,3.8,38700.0,66.6,1,0
APP04333,Ravi Garcia,955-69-9118,ravi.garcia261@example.com,417 Hillcrest Way,90093,1960-06-23,metro,65300.0,0.392,9.8,0,13.1,4200.0,40.5,1,0
APP04334,Daniel Ramirez,910-75-8005,daniel.ramirez247@example.com,6296 Cedar Ln,90913,1995-08-06,metro,50300.0,0.295,3.0,0,8.6,22500.0,32.0,1,0
APP04335,Carlos Nguyen,955-48-8226,carlos.nguyen418@example.com,2970 Elm Dr,90242,1987-11-09,metro,117600.0,0.357,12.8,0,17.5,21400.0,44.7,0,1
APP04336,Olivia Nguyen,920-46-7514,olivia.nguyen339@example.com,7233 Lakeview Blvd,90720,1971-02-12,metro,94000.0,0.522,19.3,0,6.5,2000.0,15.9,0,1
APP04337,Emma Hernandez,983-53-7297,emma.hernandez149@example.com,859 Cedar Ln,90854,1971-03-17,metro,81800.0,0.395,25.1,1,6.1,8800.0,45.8,1,0
APP04338,Mateo Wilson,976-99-7459,mateo.wilson889@example.com,1366 Hillcrest Way,90607,1960-10-11,metro,47600.0,0.194,10.2,0,4.3,18000.0,41.6,0,1
APP04339,Hiro Patel,924-64-8497,hiro.patel880@example.com,1753 Pine Rd,96036,1952-01-30,rural,37100.0,0.293,9.0,1,6.4,6700.0,66.1,0,0
APP04340,Chloe Moore,906-56-6227,chloe.moore983@example.com,8366 Cedar Ln,90950,1984-08-31,metro,36000.0,0.287,5.4,1,13.2,32300.0,20.1,0,0
APP04341,Priya Moore,953-48-6614,priya.moore221@example.com,4785 Hillcrest Way,91031,1981-09-13,metro,57400.0,0.446,0.9,1,9.9,4100.0,28.4,1,0
APP04342,Noah Martinez,987-12-2761,noah.martinez924@example.com,5024 Hillcrest Way,96155,1966-08-16,rural,42800.0,0.398,9.5,1,9.0,3500.0,66.9,1,0
APP04343,Linh Taylor,951-14-8316,linh.taylor600@example.com,1595 Hillcrest Way,91811,1987-05-07,metro,76300.0,0.384,5.0,0,6.7,26400.0,31.2,0,1
APP04344,Maria Ramirez,997-24-9445,maria.ramirez205@example.com,654 Maple Ave,90165,1976-11-13,metro,109500.0,0.279,8.2,0,1.8,23600.0,39.7,0,1
APP04345,Alex Davis,932-92-5029,alex.davis35@example.com,9506 Elm Dr,96008,1976-09-12,rural,66200.0,0.397,21.4,1,2.0,20000.0,77.6,0,0
APP04346,Carlos Garcia,929-88-8477,carlos.garcia816@example.com,969 Pine Rd,91388,1987-08-06,metro,54700.0,0.392,13.5,0,7.8,24100.0,35.7,1,0
APP04347,Aisha Garcia,933-13-2545,aisha.garcia932@example.com,6519 Cedar Ln,90984,1966-03-31,metro,27600.0,0.625,5.1,1,3.5,22700.0,40.3,1,0
APP04348,Priya Moore,930-34-2898,priya.moore840@example.com,2583 Cedar Ln,96027,1998-04-03,rural,89800.0,0.461,8.1,0,6.6,21600.0,65.0,0,1
APP04349,Grace Ramirez,985-14-2329,grace.ramirez160@example.com,483 Pine Rd,91568,1977-03-19,metro,57700.0,0.313,5.3,0,3.9,24300.0,28.6,0,1
APP04350,Daniel Chen,936-59-6377,daniel.chen428@example.com,2081 Oak St,91057,1963-10-07,metro,54900.0,0.14,14.2,0,8.1,35400.0,46.5,0,1
APP04351,Fatima Davis,993-81-5106,fatima.davis646@example.com,8712 Pine Rd,96179,1985-08-12,rural,78000.0,0.192,8.1,1,3.1,21200.0,69.9,0,1
APP04352,Noah Ramirez,989-52-7607,noah.ramirez991@example.com,8777 Lakeview Blvd,96032,1975-01-20,rural,37600.0,0.182,4.8,0,3.6,27500.0,60.3,0,1
APP04353,Hiro Davis,905-81-2863,hiro.davis155@example.com,4979 Cedar Ln,90399,1994-12-30,metro,54000.0,0.375,13.0,1,11.2,10600.0,24.5,0,1
APP04354,Ravi Chen,959-27-5060,ravi.chen615@example.com,7909 Maple Ave,91419,1997-03-26,metro,74800.0,0.347,8.8,1,14.2,8300.0,21.8,0,1
APP04355,Daniel Martinez,985-49-1932,daniel.martinez241@example.com,8382 Maple Ave,91274,1953-10-11,metro,50600.0,0.594,16.1,0,5.4,23700.0,30.2,1,0
APP04356,Olivia Kim,928-97-2217,olivia.kim255@example.com,3252 Oak St,90110,1995-04-04,metro,71000.0,0.434,13.4,0,4.2,29600.0,29.7,0,1
APP04357,Alex Martinez,978-18-1368,alex.martinez609@example.com,7617 Lakeview Blvd,90615,1983-04-08,metro,53400.0,0.25,10.6,1,6.0,23900.0,39.4,0,1
APP04358,Carlos Wilson,978-61-7112,carlos.wilson196@example.com,6245 Pine Rd,90313,1983-09-30,metro,43600.0,0.198,19.5,0,2.4,25600.0,41.3,0,1
APP04359,Carlos Ramirez,947-21-3543,carlos.ramirez160@example.com,2250 Lakeview Blvd,90953,1973-07-07,metro,47800.0,0.229,22.3,1,6.1,20300.0,52.2,0,1
APP04360,Maria Davis,904-51-7263,maria.davis42@example.com,8069 Hillcrest Way,90685,1950-11-25,metro,62600.0,0.405,4.7,0,6.3,31700.0,53.3,1,0
APP04361,Carlos Garcia,949-25-2231,carlos.garcia719@example.com,5398 Cedar Ln,96082,2001-08-19,rural,110200.0,0.324,11.4,0,10.2,5700.0,68.6,0,1
APP04362,Grace Clark,921-17-4047,grace.clark628@example.com,6182 Pine Rd,96148,1952-06-23,rural,62600.0,0.233,8.9,0,11.5,21100.0,62.4,0,1
APP04363,Mateo Taylor,945-16-6133,mateo.taylor15@example.com,7673 Hillcrest Way,91636,1970-03-14,metro,30200.0,0.235,10.3,2,6.5,22800.0,44.7,0,1
APP04364,Omar Kim,939-86-1537,omar.kim321@example.com,926 Cedar Ln,96076,1970-06-01,rural,72100.0,0.083,2.2,0,9.0,16700.0,73.2,0,1
APP04365,Linh Taylor,964-99-6563,linh.taylor482@example.com,4245 Lakeview Blvd,91099,1975-01-27,metro,56500.0,0.291,2.6,0,12.2,13900.0,37.1,0,1
APP04366,Daniel Clark,924-90-8056,daniel.clark451@example.com,9233 Elm Dr,96176,1978-07-17,rural,113700.0,0.268,1.2,1,3.0,21900.0,56.5,0,1
APP04367,Mateo Hernandez,915-43-5024,mateo.hernandez286@example.com,2547 Hillcrest Way,90940,1990-05-01,metro,65800.0,0.438,8.9,0,10.8,30800.0,38.0,0,1
APP04368,Maria Nguyen,942-33-7041,maria.nguyen717@example.com,1085 Elm Dr,96193,1989-07-25,rural,,0.337,11.2,0,0.4,20700.0,72.6,0,1
APP04369,Ravi Johnson,922-60-7918,ravi.johnson650@example.com,93 Maple Ave,96125,1959-11-18,rural,22500.0,0.314,4.8,2,8.9,11300.0,97.2,1,0
APP04370,Olivia Nguyen,943-80-6755,olivia.nguyen312@example.com,8540 Hillcrest Way,95942,1964-11-10,rural,74800.0,0.22,18.5,1,5.9,29800.0,71.4,0,1
APP04371,Carlos Singh,914-22-9636,carlos.singh199@example.com,7984 Cedar Ln,96170,1987-04-12,rural,61600.0,0.577,12.8,0,4.5,22800.0,75.5,1,0
APP04372,Olivia Kim,949-53-4082,olivia.kim863@example.com,272 Cedar Ln,90353,1958-09-24,metro,,0.331,5.1,0,6.5,44100.0,22.6,0,1
APP04373,Carlos Martinez,950-12-9397,carlos.martinez605@example.com,919 Oak St,90305,1973-11-02,metro,57500.0,0.141,13.0,0,,16900.0,35.2,0,1
APP04374,Kevin Chen,990-77-8060,kevin.chen801@example.com,9161 Elm Dr,90411,1994-06-30,metro,76700.0,0.362,3.5,0,5.0,28700.0,18.0,0,1
APP04375,Grace Martinez,966-80-6329,grace.martinez785@example.com,9744 Elm Dr,96149,1978-02-23,rural,36300.0,0.421,18.4,0,3.7,18200.0,69.8,0,0
APP04376,Olivia Moore,989-27-3619,olivia.moore225@example.com,1302 Elm Dr,96042,1969-10-22,rural,46800.0,0.206,9.0,1,17.0,18400.0,78.4,0,1
APP04377,Fatima Chen,984-91-1968,fatima.chen280@example.com,8267 Oak St,91616,1985-09-20,metro,45800.0,0.526,7.2,1,9.9,8000.0,26.8,1,0
APP04378,Noah Ali,931-28-3736,noah.ali472@example.com,3221 Pine Rd,91443,1956-12-01,metro,119000.0,0.309,5.1,0,12.5,25400.0,30.0,0,1
APP04379,Chloe Taylor,979-30-9503,chloe.taylor30@example.com,3803 Elm Dr,95904,1954-10-06,rural,40700.0,0.247,18.7,0,2.6,12800.0,74.8,1,0
APP04380,James Martinez,926-70-9583,james.martinez761@example.com,8967 Cedar Ln,95978,1965-03-20,rural,58800.0,0.372,5.2,0,,27800.0,59.3,1,0
APP04381,Emma Lee,975-87-2738,emma.lee152@example.com,9231 Oak St,91673,1994-04-09,metro,34700.0,0.303,7.8,0,2.4,20100.0,29.7,1,0
APP04382,Noah Kim,977-32-9148,noah.kim391@example.com,5521 Hillcrest Way,91366,1973-12-11,metro,62400.0,0.423,17.2,0,6.1,17400.0,28.3,0,1
APP04383,Alex Nguyen,935-66-3743,alex.nguyen440@example.com,7932 Hillcrest Way,90257,1955-09-08,metro,36700.0,0.378,29.5,1,11.4,28500.0,41.0,0,1
APP04384,Mateo Clark,914-44-2732,mateo.clark680@example.com,6161 Cedar Ln,90580,1961-09-16,metro,70500.0,0.366,10.7,1,3.4,16900.0,34.7,1,0
APP04385,Maria Clark,969-43-4692,maria.clark701@example.com,5669 Pine Rd,91773,1989-01-08,metro,38000.0,0.304,13.8,1,2.0,16400.0,20.4,0,1
APP04386,Hiro Clark,988-21-1142,hiro.clark502@example.com,7367 Elm Dr,90473,1964-09-20,metro,49000.0,0.311,6.6,1,7.1,21100.0,36.8,1,0
APP04387,Carlos Lopez,946-84-9817,carlos.lopez898@example.com,5276 Hillcrest Way,91558,1954-10-19,metro,69100.0,0.316,5.9,0,5.3,35100.0,50.8,0,1
APP04388,Kevin Smith,922-52-3262,kevin.smith32@example.com,498 Lakeview Blvd,95922,1977-05-27,rural,72100.0,0.298,9.8,1,4.5,18700.0,73.3,0,1
APP04389,Carlos Smith,913-74-5225,carlos.smith926@example.com,3852 Elm Dr,90560,1961-03-14,metro,106400.0,0.341,14.0,0,7.5,12200.0,26.3,0,1
APP04390,Omar Moore,934-15-1303,omar.moore666@example.com,4282 Cedar Ln,90305,1956-01-16,metro,52900.0,0.276,11.4,1,10.1,22400.0,39.0,0,1
APP04391,Kevin Smith,901-96-3364,kevin.smith272@example.com,737 Pine Rd,91568,1979-05-10,metro,100700.0,0.45,26.4,0,6.3,23700.0,26.5,0,1
APP04392,Aisha Martinez,986-81-7013,aisha.martinez611@example.com,1439 Hillcrest Way,95946,1952-11-30,rural,106800.0,0.393,4.2,0,2.8,27600.0,78.2,1,0
APP04393,Grace Ramirez,993-76-5886,grace.ramirez304@example.com,7677 Elm Dr,90807,1963-09-09,metro,83600.0,0.512,12.8,0,1.9,18400.0,24.1,1,0
APP04394,Noah Chen,927-32-8495,noah.chen515@example.com,345 Pine Rd,96150,1956-02-15,rural,34300.0,0.269,4.3,0,5.7,18900.0,70.5,1,0
APP04395,Alex Hernandez,919-16-7910,alex.hernandez668@example.com,1364 Pine Rd,90598,1973-08-26,metro,81400.0,0.204,8.9,0,2.9,26600.0,24.0,0,1
APP04396,Mateo Clark,961-16-9383,mateo.clark168@example.com,57 Lakeview Blvd,91228,1959-09-03,metro,98000.0,0.336,8.1,0,13.6,24800.0,37.6,0,1
APP04397,Olivia Brown,905-55-1379,olivia.brown205@example.com,4559 Elm Dr,91119,1979-10-20,metro,97000.0,0.484,15.5,1,6.9,13600.0,40.5,0,1
APP04398,Linh Ali,933-20-2634,linh.ali102@example.com,4549 Oak St,91192,1998-08-25,metro,73500.0,0.448,5.0,1,8.3,28700.0,44.8,0,0
APP04399,Maria Taylor,959-17-9772,maria.taylor948@example.com,6822 Lakeview Blvd,90036,1991-09-25,metro,92300.0,0.228,15.0,1,3.0,13100.0,25.0,0,1
APP04400,Noah Moore,912-76-5417,noah.moore854@example.com,1406 Maple Ave,96184,1997-04-11,rural,51100.0,0.334,8.6,0,13.6,18300.0,64.5,0,1
APP04401,Alex Ramirez,951-61-3890,alex.ramirez691@example.com,6734 Hillcrest Way,91038,1972-03-09,metro,49700.0,0.23,4.5,0,7.8,19300.0,42.3,0,1
APP04402,Emma Taylor,930-30-6073,emma.taylor296@example.com,2805 Oak St,90602,1978-05-06,metro,42800.0,0.391,6.0,0,11.8,24900.0,46.0,1,0
APP04403,Omar Moore,961-31-5135,omar.moore425@example.com,5502 Cedar Ln,90643,1971-08-10,metro,68200.0,0.217,4.4,2,4.9,8900.0,39.5,0,1
APP04404,Kevin Garcia,974-14-1473,kevin.garcia487@example.com,506 Lakeview Blvd,90008,1969-10-12,metro,75900.0,0.331,22.3,0,4.6,14500.0,32.6,0,1
APP04405,Olivia Moore,953-95-5451,olivia.moore186@example.com,3909 Cedar Ln,96059,1989-01-10,rural,39200.0,0.323,24.6,0,5.1,6300.0,69.0,0,1
APP04406,Maria Lopez,922-25-4255,maria.lopez283@example.com,853 Oak St,91014,1994-06-12,metro,41000.0,0.343,11.7,0,3.8,17800.0,49.2,0,0
APP04407,Kevin Chen,998-76-1273,kevin.chen670@example.com,4454 Oak St,91406,1992-08-24,metro,61900.0,0.213,6.8,0,8.2,23300.0,47.9,0,1
APP04408,Mateo Patel,978-56-2914,mateo.patel608@example.com,7841 Oak St,90879,1984-09-10,metro,54600.0,0.1,10.8,0,6.6,33200.0,27.8,0,1
APP04409,Hiro Lopez,974-68-9322,hiro.lopez787@example.com,3303 Hillcrest Way,96002,1972-01-10,rural,45200.0,0.289,6.5,1,6.3,17700.0,74.8,1,0
APP04410,Fatima Garcia,954-76-5121,fatima.garcia81@example.com,533 Cedar Ln,91227,1974-11-03,metro,88100.0,0.312,8.7,0,1.7,26000.0,34.5,1,0
APP04411,Grace Brown,982-17-6881,grace.brown940@example.com,5318 Cedar Ln,91151,1950-10-04,metro,171400.0,0.273,16.8,0,1.7,23600.0,37.1,0,1
APP04412,Aisha Clark,941-18-3887,aisha.clark868@example.com,6793 Elm Dr,96173,1979-02-06,rural,82300.0,0.416,12.5,0,2.6,17600.0,72.6,1,0
APP04413,Mateo Moore,921-50-3809,mateo.moore214@example.com,1664 Elm Dr,90957,1963-03-13,metro,62100.0,0.235,14.4,0,3.9,3000.0,35.9,0,1
APP04414,Sofia Johnson,961-86-8063,sofia.johnson303@example.com,9906 Hillcrest Way,90405,1966-12-27,metro,46000.0,0.372,13.0,0,9.0,22700.0,17.4,1,0
APP04415,Chloe Smith,919-87-1384,chloe.smith455@example.com,8794 Oak St,91740,1953-11-01,metro,66100.0,0.124,15.3,1,9.1,27800.0,42.9,0,1
APP04416,Daniel Nguyen,960-36-9172,daniel.nguyen188@example.com,7464 Cedar Ln,96118,1967-05-25,rural,110900.0,0.376,8.9,0,4.4,28500.0,64.7,1,0
APP04417,Hiro Johnson,965-70-8754,hiro.johnson793@example.com,3038 Cedar Ln,95990,1990-11-13,rural,49500.0,0.468,6.3,0,12.7,11800.0,68.7,1,0
APP04418,James Clark,932-16-4168,james.clark922@example.com,9282 Elm Dr,91628,1963-12-17,metro,22300.0,0.386,7.9,0,2.7,31400.0,40.8,0,0
APP04419,Alex Patel,917-99-4085,alex.patel63@example.com,8000 Pine Rd,91744,1984-05-10,metro,39000.0,0.359,5.1,0,2.9,20600.0,36.7,0,1
APP04420,Alex Patel,901-18-6925,alex.patel830@example.com,8521 Lakeview Blvd,96151,1978-08-31,rural,36400.0,0.372,36.9,0,4.3,21400.0,57.6,0,1
APP04421,Alex Brown,907-96-5246,alex.brown798@example.com,4507 Cedar Ln,90771,1991-11-12,metro,61300.0,0.325,4.6,0,5.3,20600.0,23.2,0,1
APP04422,Daniel Ali,981-49-2340,daniel.ali808@example.com,6846 Maple Ave,90189,1954-10-26,metro,45200.0,0.234,8.1,0,7.9,12500.0,40.8,1,1
APP04423,Fatima Singh,957-19-6689,fatima.singh226@example.com,8574 Hillcrest Way,90569,1950-09-11,metro,64000.0,0.582,20.2,1,9.1,11800.0,20.4,1,0
APP04424,Priya Clark,911-22-1203,priya.clark429@example.com,4632 Pine Rd,96153,1963-10-17,rural,88000.0,0.318,7.1,1,0.6,24300.0,62.5,0,1
APP04425,Maria Singh,968-37-9172,maria.singh68@example.com,445 Oak St,90364,1988-07-09,metro,78200.0,0.607,10.8,0,7.8,27000.0,33.5,1,0
APP04426,Linh Brown,968-73-3626,linh.brown764@example.com,6409 Elm Dr,91079,1991-11-20,metro,85800.0,0.196,7.1,0,0.9,32200.0,42.3,0,1
APP04427,Carlos Lopez,941-34-7967,carlos.lopez433@example.com,997 Hillcrest Way,90214,1982-09-21,metro,24400.0,0.3,10.2,2,1.7,26400.0,50.7,1,0
APP04428,Daniel Brown,976-27-6874,daniel.brown8@example.com,2911 Hillcrest Way,91052,1966-01-29,metro,44100.0,0.103,4.2,0,,20700.0,51.9,1,1
APP04429,Hiro Johnson,988-57-6053,hiro.johnson944@example.com,8240 Lakeview Blvd,90419,1985-11-29,metro,85000.0,0.4,5.8,1,5.8,28600.0,16.9,1,1
APP04430,Fatima Hernandez,931-92-4080,fatima.hernandez46@example.com,3311 Pine Rd,91218,1952-04-20,metro,33700.0,0.35,5.3,0,7.6,12600.0,23.0,0,0
APP04431,Chloe Brown,997-25-5613,chloe.brown439@example.com,6307 Hillcrest Way,91549,1986-08-30,metro,43300.0,0.032,18.2,0,5.9,15100.0,30.3,0,1
APP04432,Mateo Davis,909-72-3364,mateo.davis852@example.com,8392 Elm Dr,91684,1960-05-12,metro,120500.0,0.523,15.5,0,13.2,21100.0,37.1,0,1
APP04433,Alex Clark,990-82-4366,alex.clark238@example.com,5605 Elm Dr,90373,1979-08-06,metro,78900.0,0.336,5.0,0,8.6,32100.0,44.5,0,1
APP04434,Hiro Ramirez,963-93-1898,hiro.ramirez813@example.com,2060 Oak St,90752,1973-02-19,metro,50800.0,0.228,14.6,0,9.9,37700.0,45.0,0,1
APP04435,Noah Hernandez,910-21-5705,noah.hernandez404@example.com,834 Pine Rd,95928,1994-03-06,rural,62000.0,0.426,7.0,0,7.9,16500.0,67.5,0,1
APP04436,Olivia Clark,903-29-2396,olivia.clark353@example.com,3171 Elm Dr,90389,1992-06-27,metro,50500.0,0.427,3.8,0,10.2,9000.0,39.5,0,0
APP04437,Sofia Lee,929-36-9326,sofia.lee970@example.com,3379 Cedar Ln,96014,1997-06-29,rural,67800.0,0.296,9.1,0,11.6,15200.0,72.8,0,1
APP04438,Maria Moore,940-67-5547,maria.moore693@example.com,1660 Maple Ave,91744,1958-05-15,metro,91400.0,0.383,1.5,0,5.1,18100.0,36.8,0,1
APP04439,Grace Patel,905-52-2048,grace.patel709@example.com,4614 Lakeview Blvd,90285,1968-02-04,metro,50600.0,0.288,4.6,2,5.8,16800.0,37.0,0,0
APP04440,Aisha Ali,904-42-5343,aisha.ali996@example.com,1813 Hillcrest Way,90731,1968-01-09,metro,51500.0,0.396,12.2,0,2.0,19200.0,27.9,0,1
APP04441,Mateo Garcia,964-19-8300,mateo.garcia348@example.com,5591 Lakeview Blvd,90633,1979-04-22,metro,57300.0,0.362,10.5,1,19.4,28700.0,24.8,1,0
APP04442,Aisha Lopez,901-86-1827,aisha.lopez847@example.com,4694 Lakeview Blvd,90503,1972-04-20,metro,43200.0,0.383,1.8,1,6.5,44000.0,46.4,1,0
APP04443,Omar Johnson,945-23-1085,omar.johnson935@example.com,508 Oak St,90256,1962-04-20,metro,111400.0,0.574,5.3,0,2.0,35400.0,36.1,1,0
APP04444,Aisha Johnson,936-23-6657,aisha.johnson951@example.com,7153 Lakeview Blvd,96102,1983-07-30,rural,59400.0,0.233,20.8,0,2.1,15300.0,57.3,0,1
APP04445,Chloe Patel,962-91-6367,chloe.patel667@example.com,8561 Hillcrest Way,91517,1959-12-11,metro,52300.0,0.447,7.3,0,4.4,10200.0,35.2,0,1
APP04446,Daniel Nguyen,963-50-5363,daniel.nguyen547@example.com,3977 Elm Dr,90974,1992-06-30,metro,77800.0,0.442,5.4,0,2.7,20900.0,30.0,0,0
APP04447,Carlos Singh,947-26-2592,carlos.singh136@example.com,8688 Elm Dr,96061,1963-09-19,rural,54600.0,0.243,4.3,0,0.7,23800.0,78.1,1,0
APP04448,Ravi Garcia,999-46-4914,ravi.garcia363@example.com,9688 Oak St,91160,2000-03-21,metro,38400.0,0.171,7.1,1,2.5,22900.0,35.8,0,1
APP04449,Olivia Smith,950-58-1979,olivia.smith950@example.com,9158 Elm Dr,90862,1969-09-25,metro,61700.0,0.173,6.3,2,9.5,22600.0,37.6,1,0
APP04450,Ravi Nguyen,965-66-6295,ravi.nguyen87@example.com,9894 Hillcrest Way,90681,1960-05-31,metro,69200.0,0.246,15.3,0,5.7,20300.0,22.2,0,1
APP04451,Aisha Kim,993-92-8011,aisha.kim73@example.com,1949 Maple Ave,96062,1957-07-10,rural,102800.0,0.25,6.8,0,13.1,30700.0,78.8,0,1
APP04452,Priya Brown,989-32-7420,priya.brown23@example.com,1817 Lakeview Blvd,96080,1990-10-18,rural,115300.0,0.467,2.9,0,5.1,32000.0,65.6,0,0
APP04453,Ravi Taylor,999-91-2575,ravi.taylor202@example.com,869 Elm Dr,90854,1990-12-25,metro,52100.0,0.423,12.6,1,4.2,32600.0,52.3,1,0
APP04454,Omar Ali,900-56-9278,omar.ali811@example.com,7537 Hillcrest Way,91550,1977-01-29,metro,70900.0,0.294,7.2,0,21.6,25900.0,28.4,0,1
APP04455,Priya Taylor,992-40-6458,priya.taylor517@example.com,6817 Elm Dr,90175,1996-06-01,metro,43100.0,0.308,10.1,2,6.2,30800.0,30.2,1,0
APP04456,Hiro Moore,978-39-4415,hiro.moore933@example.com,8924 Cedar Ln,91744,1969-03-18,metro,78600.0,0.387,12.5,1,3.0,18300.0,45.0,0,1
APP04457,James Brown,948-34-1533,james.brown926@example.com,2810 Oak St,96016,1963-02-13,rural,70200.0,0.458,4.6,0,5.7,14400.0,77.6,1,0
APP04458,Mateo Ramirez,962-64-7919,mateo.ramirez466@example.com,3868 Elm Dr,96031,1978-08-28,rural,32300.0,0.407,8.8,0,0.9,16100.0,83.8,1,0
APP04459,Priya Lopez,919-75-6357,priya.lopez576@example.com,5102 Pine Rd,95921,1990-10-22,rural,85800.0,0.192,8.3,1,4.2,11600.0,58.9,0,1
APP04460,Alex Kim,990-99-2150,alex.kim41@example.com,9672 Pine Rd,95927,1996-06-21,rural,61800.0,0.251,8.1,1,4.4,18300.0,71.5,1,0
APP04461,Omar Johnson,960-39-3093,omar.johnson808@example.com,9876 Hillcrest Way,96169,1957-02-11,rural,72800.0,0.574,12.2,0,7.9,23700.0,79.7,1,0
APP04462,Emma Chen,980-77-8570,emma.chen669@example.com,989 Oak St,90272,1983-12-30,metro,109900.0,0.439,6.1,0,0.3,24400.0,32.5,0,1
APP04463,Noah Ali,957-99-9990,noah.ali987@example.com,4101 Pine Rd,91856,1996-07-30,metro,108200.0,0.48,4.9,1,8.2,14600.0,40.3,1,0
APP04464,Maria Hernandez,986-83-2864,maria.hernandez861@example.com,9821 Elm Dr,90525,1977-06-18,metro,44800.0,0.328,19.8,0,10.4,12700.0,44.7,0,1
APP04465,Alex Ali,908-36-4576,alex.ali422@example.com,5549 Maple Ave,96012,1956-09-16,rural,49300.0,0.09,17.4,1,3.5,22900.0,60.8,0,1
APP04466,Ravi Garcia,960-64-1906,ravi.garcia919@example.com,535 Lakeview Blvd,96149,1973-03-06,rural,81600.0,0.438,7.6,1,2.4,29500.0,78.6,1,0
APP04467,Daniel Moore,940-47-9348,daniel.moore656@example.com,8308 Hillcrest Way,91535,1956-02-15,metro,68500.0,0.571,12.8,0,1.4,39400.0,11.9,1,0
APP04468,Maria Moore,993-37-7313,maria.moore581@example.com,270 Cedar Ln,90339,1952-09-07,metro,113600.0,0.494,12.2,0,3.0,18400.0,41.5,1,0
APP04469,James Brown,900-11-4421,james.brown778@example.com,4524 Hillcrest Way,90049,1957-05-08,metro,54400.0,0.2,5.9,0,7.6,2900.0,42.2,0,1
APP04470,Alex Lee,943-72-5147,alex.lee287@example.com,3964 Oak St,91361,2001-09-30,metro,33300.0,0.462,34.6,0,2.6,29500.0,32.7,0,0
APP04471,Kevin Singh,967-77-7284,kevin.singh139@example.com,3666 Oak St,91336,1971-08-27,metro,48600.0,0.235,5.6,1,4.6,39900.0,46.6,1,0
APP04472,Fatima Ali,929-83-3371,fatima.ali444@example.com,5042 Cedar Ln,91887,1973-12-09,metro,49900.0,0.422,14.0,1,6.2,41400.0,28.8,0,1
APP04473,Sofia Johnson,991-68-3578,sofia.johnson389@example.com,1426 Pine Rd,90172,1959-02-17,metro,30500.0,0.296,22.7,0,4.4,11300.0,40.5,1,0
APP04474,Priya Singh,979-39-3335,priya.singh892@example.com,6263 Oak St,96047,1983-05-06,rural,50300.0,0.276,4.9,0,3.0,14100.0,51.6,0,1
APP04475,Emma Ali,910-45-2849,emma.ali500@example.com,7021 Hillcrest Way,90792,1956-05-12,metro,54200.0,0.369,11.8,0,5.6,30900.0,30.8,1,0
APP04476,Omar Davis,925-74-8787,omar.davis859@example.com,3002 Oak St,90065,1969-11-16,metro,61800.0,0.533,14.7,1,0.1,12500.0,47.7,0,0
APP04477,Ravi Smith,934-42-2240,ravi.smith602@example.com,8828 Maple Ave,90461,1970-03-26,metro,85700.0,0.523,10.3,1,11.3,30500.0,29.2,0,1
APP04478,Alex Lopez,954-79-2414,alex.lopez980@example.com,8238 Elm Dr,95942,1974-10-06,rural,66200.0,0.175,11.1,1,4.1,23300.0,76.7,1,0
APP04479,Emma Nguyen,952-13-2824,emma.nguyen973@example.com,5451 Oak St,96036,1983-01-23,rural,31600.0,0.342,0.7,0,4.0,32000.0,74.3,1,0
APP04480,Alex Garcia,974-62-8740,alex.garcia811@example.com,9076 Lakeview Blvd,91583,1968-04-17,metro,45400.0,0.371,7.1,0,3.8,25900.0,32.2,1,0
APP04481,Chloe Clark,982-21-1304,chloe.clark908@example.com,5456 Oak St,90457,1954-08-27,metro,76700.0,0.197,5.1,0,8.1,17800.0,31.1,0,1
APP04482,Priya Johnson,993-25-2573,priya.johnson307@example.com,4941 Lakeview Blvd,91919,1998-06-12,metro,51500.0,0.436,12.9,0,4.2,24300.0,36.8,1,0
APP04483,Aisha Hernandez,985-42-9824,aisha.hernandez916@example.com,2545 Lakeview Blvd,95955,1983-10-24,rural,32700.0,0.377,26.5,0,3.1,12300.0,64.9,1,0
APP04484,Sofia Brown,979-57-4829,sofia.brown439@example.com,5379 Lakeview Blvd,90623,1994-03-01,metro,,0.253,3.0,1,3.5,20000.0,34.5,0,1
APP04485,Omar Kim,904-68-9776,omar.kim581@example.com,926 Maple Ave,91681,1961-09-27,metro,33100.0,0.613,5.2,1,3.4,23300.0,28.6,1,0
APP04486,Linh Garcia,996-20-9170,linh.garcia68@example.com,4864 Maple Ave,90231,1994-02-12,metro,109400.0,0.275,12.5,2,5.3,32800.0,32.8,0,1
APP04487,Grace Johnson,921-59-5824,grace.johnson434@example.com,449 Cedar Ln,90599,1956-11-11,metro,72300.0,0.501,7.4,2,2.8,14900.0,29.1,1,0
APP04488,Kevin Moore,930-74-4892,kevin.moore797@example.com,6433 Lakeview Blvd,90616,1978-02-15,metro,66700.0,0.165,18.9,0,9.6,36000.0,34.0,0,1
APP04489,Noah Taylor,958-75-3440,noah.taylor501@example.com,7117 Hillcrest Way,91826,1988-04-21,metro,52900.0,0.364,22.2,0,5.3,20000.0,33.6,0,0
APP04490,Linh Smith,935-56-1665,linh.smith105@example.com,1363 Elm Dr,91376,1996-09-05,metro,35000.0,0.274,14.4,0,2.8,26200.0,44.6,0,1
APP04491,Kevin Nguyen,900-56-4338,kevin.nguyen413@example.com,5837 Hillcrest Way,96097,1964-04-22,rural,102600.0,0.59,9.1,0,9.0,25200.0,82.6,0,0
APP04492,Grace Kim,916-90-1772,grace.kim406@example.com,9584 Oak St,90946,1976-06-19,metro,75100.0,0.37,7.6,0,,3800.0,33.3,0,1
APP04493,Maria Singh,919-25-6888,maria.singh648@example.com,1262 Lakeview Blvd,90156,1996-09-28,metro,45800.0,0.212,16.3,1,3.1,31600.0,45.2,0,1
APP04494,Daniel Lopez,990-22-9460,daniel.lopez104@example.com,5487 Lakeview Blvd,96172,1992-04-29,rural,39400.0,0.459,15.5,0,10.7,15400.0,87.4,0,0
APP04495,Aisha Smith,968-93-5487,aisha.smith193@example.com,1025 Elm Dr,91678,1952-10-10,metro,102700.0,0.269,16.3,0,11.0,28000.0,40.6,0,1
APP04496,Omar Clark,934-31-2726,omar.clark599@example.com,4655 Lakeview Blvd,96073,1964-12-17,rural,99900.0,0.356,15.0,0,1.4,30800.0,67.7,0,1
APP04497,Daniel Garcia,949-65-8810,daniel.garcia685@example.com,9503 Elm Dr,91164,1968-05-26,metro,50700.0,0.532,4.9,0,13.1,12900.0,25.5,1,0
APP04498,Ravi Clark,983-67-8646,ravi.clark506@example.com,4623 Oak St,96010,1990-05-10,rural,68900.0,0.432,20.0,0,8.2,23200.0,80.2,0,1
APP04499,Carlos Chen,928-59-9510,carlos.chen233@example.com,7468 Pine Rd,91472,1982-05-05,metro,82800.0,0.375,6.0,0,7.3,30200.0,41.1,0,1
APP04500,Kevin Clark,985-51-1373,kevin.clark966@example.com,307 Hillcrest Way,91917,1999-09-12,metro,,0.352,8.3,0,5.2,30500.0,49.8,0,1
APP04501,Chloe Singh,988-74-7441,chloe.singh212@example.com,7077 Elm Dr,90740,1993-05-24,metro,54200.0,0.317,15.9,0,14.2,25300.0,42.9,0,1
APP04502,Mateo Smith,948-50-3367,mateo.smith509@example.com,9900 Pine Rd,95925,1986-09-28,rural,49100.0,0.308,13.1,0,7.7,23500.0,78.8,0,0
APP04503,Fatima Taylor,994-42-6357,fatima.taylor581@example.com,5584 Lakeview Blvd,90031,1999-09-27,metro,45000.0,0.598,27.6,1,15.2,9600.0,40.7,1,0
APP04504,Olivia Taylor,987-50-1521,olivia.taylor973@example.com,9957 Cedar Ln,91886,1971-04-08,metro,71900.0,0.215,3.2,1,1.6,42300.0,49.0,0,1
APP04505,Noah Singh,900-62-7999,noah.singh669@example.com,1865 Cedar Ln,91358,1962-01-12,metro,85400.0,0.102,6.8,0,10.4,27000.0,31.1,0,1
APP04506,Kevin Smith,917-31-4761,kevin.smith352@example.com,4328 Maple Ave,90776,1954-05-25,metro,53100.0,0.259,5.6,0,3.2,23200.0,28.0,1,0
APP04507,Chloe Kim,928-26-5988,chloe.kim604@example.com,7892 Cedar Ln,91940,1970-04-08,metro,94100.0,0.425,11.8,1,5.8,37700.0,29.6,0,1
APP04508,Olivia Davis,915-84-9207,olivia.davis579@example.com,3563 Maple Ave,90435,1982-04-15,metro,60700.0,0.325,8.1,0,1.7,15400.0,26.5,0,1
APP04509,Sofia Johnson,965-17-4943,sofia.johnson675@example.com,704 Maple Ave,91229,2001-07-30,metro,76500.0,0.339,4.7,0,1.6,20100.0,45.7,0,1
APP04510,Daniel Garcia,911-70-4430,daniel.garcia485@example.com,4685 Pine Rd,90310,1993-08-29,metro,77300.0,0.309,10.0,1,9.3,18800.0,38.6,0,1
APP04511,Maria Nguyen,978-61-2846,maria.nguyen488@example.com,9584 Elm Dr,91540,1983-08-14,metro,52800.0,0.321,8.5,0,7.7,11700.0,41.0,0,1
APP04512,Chloe Johnson,996-92-7715,chloe.johnson389@example.com,6128 Maple Ave,90117,1998-04-26,metro,94100.0,0.293,14.2,0,10.8,17300.0,17.4,0,1
APP04513,Maria Nguyen,926-84-2719,maria.nguyen896@example.com,6608 Elm Dr,90018,1977-12-15,metro,104200.0,0.407,7.4,0,0.9,15000.0,35.4,0,1
APP04514,Fatima Kim,986-57-4932,fatima.kim777@example.com,7596 Cedar Ln,96081,1983-09-06,rural,111000.0,0.28,10.4,0,4.1,12600.0,70.4,1,0
APP04515,Emma Brown,987-43-8092,emma.brown177@example.com,9957 Elm Dr,90868,1987-08-16,metro,79000.0,0.327,15.0,0,2.2,17100.0,45.2,0,1
APP04516,Aisha Ramirez,988-92-4508,aisha.ramirez3@example.com,4527 Oak St,91471,1991-09-27,metro,42200.0,0.336,1.5,1,10.2,19400.0,31.6,1,0
APP04517,Priya Ali,980-65-7807,priya.ali445@example.com,7805 Oak St,96109,1989-08-15,rural,65100.0,0.329,28.2,0,5.8,21600.0,68.8,0,1
APP04518,Maria Moore,903-49-3885,maria.moore806@example.com,4774 Lakeview Blvd,91290,1979-10-06,metro,42900.0,0.4,8.4,0,2.9,27700.0,32.5,1,0
APP04519,Linh Ali,960-94-1071,linh.ali902@example.com,1396 Cedar Ln,91341,1992-05-01,metro,52800.0,0.266,10.6,1,11.7,20600.0,31.1,1,0
APP04520,James Wilson,999-96-2719,james.wilson448@example.com,8134 Lakeview Blvd,90596,1977-05-01,metro,74700.0,0.171,6.3,0,4.4,18000.0,39.2,0,1
APP04521,Maria Johnson,931-18-9366,maria.johnson807@example.com,203 Pine Rd,91489,1984-07-16,metro,34400.0,0.206,5.3,0,12.0,19100.0,20.6,0,1
APP04522,Fatima Nguyen,951-21-6039,fatima.nguyen810@example.com,5936 Maple Ave,95941,1998-07-16,rural,41000.0,0.43,3.4,1,,15700.0,83.8,1,0
APP04523,Mateo Ramirez,949-63-7027,mateo.ramirez696@example.com,6771 Hillcrest Way,90129,1971-07-26,metro,54400.0,0.42,13.7,1,0.5,16800.0,47.4,1,0
APP04524,Carlos Chen,975-61-9859,carlos.chen748@example.com,9063 Oak St,91266,1998-08-03,metro,54400.0,0.281,8.2,0,5.0,21700.0,24.6,0,1
APP04525,Olivia Lee,988-80-2742,olivia.lee949@example.com,1661 Oak St,91325,1979-02-20,metro,53900.0,0.281,4.3,1,11.1,44200.0,38.0,1,0
APP04526,Kevin Singh,923-48-9148,kevin.singh30@example.com,9931 Lakeview Blvd,96184,1990-01-29,rural,57700.0,0.613,6.4,1,3.4,24900.0,71.9,1,0
APP04527,Chloe Chen,907-19-9531,chloe.chen983@example.com,8990 Maple Ave,96125,1968-10-20,rural,78900.0,0.141,12.1,0,5.8,23100.0,69.4,0,1
APP04528,Daniel Singh,920-76-3470,daniel.singh398@example.com,6252 Oak St,91725,1957-01-20,metro,41200.0,0.417,5.7,1,6.5,16300.0,42.7,1,0
APP04529,Alex Lee,999-96-2467,alex.lee404@example.com,4761 Oak St,96109,1950-01-28,rural,60900.0,0.356,5.2,0,7.7,21900.0,66.0,0,1
APP04530,Aisha Singh,900-35-9367,aisha.singh976@example.com,2727 Elm Dr,90863,2001-01-21,metro,49700.0,0.331,11.5,0,1.3,37300.0,25.0,1,0
APP04531,Alex Clark,953-65-3060,alex.clark912@example.com,9729 Pine Rd,91852,1998-04-29,metro,93100.0,0.516,3.8,0,0.9,15600.0,15.4,0,0
APP04532,Kevin Clark,915-88-6685,kevin.clark203@example.com,7875 Oak St,91690,1993-11-16,metro,35100.0,0.487,8.1,2,7.3,36600.0,39.9,1,0
APP04533,Ravi Garcia,914-24-8983,ravi.garcia102@example.com,5495 Hillcrest Way,91502,1974-07-14,metro,78000.0,0.392,9.2,0,5.2,22100.0,35.4,0,1
APP04534,Priya Ali,948-16-1306,priya.ali142@example.com,8597 Pine Rd,96047,1973-07-19,rural,79500.0,0.438,4.3,0,5.1,10900.0,77.5,1,0
APP04535,Maria Chen,987-81-1520,maria.chen111@example.com,6034 Lakeview Blvd,90347,1987-08-09,metro,105000.0,0.257,10.6,0,0.6,23100.0,29.8,0,1
APP04536,Grace Brown,976-97-5662,grace.brown207@example.com,3022 Lakeview Blvd,90628,1968-11-14,metro,73100.0,0.219,1.6,0,6.5,17900.0,41.7,0,1
APP04537,Mateo Lee,953-45-7938,mateo.lee229@example.com,2187 Lakeview Blvd,90636,2000-06-18,metro,57800.0,0.189,5.0,1,6.5,18300.0,36.9,0,1
APP04538,Emma Garcia,979-92-4036,emma.garcia855@example.com,2184 Elm Dr,96090,1954-12-13,rural,55000.0,0.336,5.9,1,5.8,13100.0,62.6,1,0
APP04539,Grace Brown,905-16-7467,grace.brown608@example.com,9806 Hillcrest Way,91908,1956-09-11,metro,44200.0,0.299,15.6,0,3.9,36700.0,26.2,0,1
APP04540,Alex Ali,904-99-4291,alex.ali87@example.com,924 Lakeview Blvd,91888,1986-02-21,metro,37900.0,0.262,7.3,0,10.6,22200.0,25.8,1,0
APP04541,Fatima Lopez,932-91-9196,fatima.lopez722@example.com,3003 Hillcrest Way,90692,2000-02-04,metro,83700.0,0.332,5.5,0,11.0,12400.0,39.1,0,1
APP04542,Mateo Hernandez,972-13-6619,mateo.hernandez941@example.com,8189 Oak St,91104,1990-11-25,metro,62500.0,0.394,15.0,3,6.7,42100.0,40.8,1,0
APP04543,Carlos Chen,985-27-4370,carlos.chen294@example.com,1646 Pine Rd,96101,1973-06-24,rural,63200.0,0.261,3.1,1,11.0,24100.0,70.4,1,0
APP04544,Maria Nguyen,964-33-8063,maria.nguyen794@example.com,3036 Lakeview Blvd,90148,2001-01-20,metro,41700.0,0.299,7.8,0,5.2,34200.0,41.5,1,0
APP04545,Carlos Lee,980-26-8796,carlos.lee737@example.com,3854 Lakeview Blvd,96107,1983-04-14,rural,106900.0,0.422,6.1,0,,27300.0,69.7,1,0
APP04546,Priya Kim,988-39-9916,priya.kim298@example.com,1198 Oak St,90207,1969-06-03,metro,46100.0,0.02,2.8,0,1.4,23100.0,39.7,0,1
APP04547,Chloe Taylor,949-54-9329,chloe.taylor183@example.com,8791 Pine Rd,90289,1986-03-29,metro,69300.0,0.507,4.0,0,5.7,2000.0,39.5,0,1
APP04548,Daniel Lopez,906-94-3184,daniel.lopez728@example.com,8105 Pine Rd,90380,1971-12-04,metro,62000.0,0.532,2.9,0,5.3,13700.0,33.8,1,0
APP04549,Mateo Clark,972-36-9207,mateo.clark456@example.com,833 Cedar Ln,91530,1972-04-03,metro,70400.0,0.371,15.5,1,5.9,21600.0,37.8,1,0
APP04550,Aisha Garcia,941-10-6531,aisha.garcia249@example.com,2588 Pine Rd,96146,1959-01-22,rural,54900.0,0.447,10.9,1,4.9,11000.0,76.5,1,0
APP04551,Chloe Smith,960-50-8721,chloe.smith175@example.com,8871 Cedar Ln,90899,1951-07-14,metro,61200.0,0.368,12.4,0,5.8,7900.0,41.1,1,0
APP04552,Kevin Wilson,963-32-4069,kevin.wilson264@example.com,3229 Oak St,90877,1963-01-24,metro,,0.451,7.2,1,12.4,32900.0,40.5,1,0
APP04553,Hiro Hernandez,900-20-6086,hiro.hernandez397@example.com,1991 Maple Ave,96074,1986-09-30,rural,192700.0,0.225,13.0,1,11.1,21800.0,81.8,0,1
APP04554,Kevin Martinez,956-17-8011,kevin.martinez956@example.com,3710 Hillcrest Way,90699,1966-06-27,metro,39500.0,0.307,4.6,1,17.5,34100.0,28.9,0,1
APP04555,Noah Martinez,935-36-2040,noah.martinez912@example.com,1174 Cedar Ln,91674,1983-11-13,metro,30300.0,0.02,22.8,1,8.0,15100.0,34.1,0,1
APP04556,Carlos Brown,980-99-5448,carlos.brown956@example.com,4108 Maple Ave,91489,1971-01-27,metro,,0.399,2.9,0,5.8,22000.0,41.4,1,0
APP04557,Maria Singh,964-24-1072,maria.singh657@example.com,6961 Cedar Ln,91161,1995-10-24,metro,100800.0,0.465,16.0,0,4.5,18600.0,26.6,0,1
APP04558,Daniel Ramirez,990-77-8330,daniel.ramirez356@example.com,6703 Elm Dr,95957,1990-08-14,rural,94900.0,0.413,8.9,0,3.5,18500.0,67.5,0,1
APP04559,Ravi Davis,921-38-1569,ravi.davis370@example.com,5929 Hillcrest Way,95947,1995-08-01,rural,85400.0,0.466,5.9,1,11.0,9400.0,77.8,0,1
APP04560,Chloe Martinez,990-19-5665,chloe.martinez771@example.com,4202 Maple Ave,90636,2000-03-31,metro,64600.0,0.311,9.9,0,7.8,10700.0,43.4,0,1
APP04561,Kevin Moore,972-81-5975,kevin.moore295@example.com,1064 Hillcrest Way,90921,1951-11-19,metro,72600.0,0.306,8.0,0,7.9,25400.0,36.7,0,1
APP04562,Maria Martinez,989-59-2228,maria.martinez231@example.com,7917 Hillcrest Way,96153,1994-01-16,rural,47000.0,0.203,13.9,0,3.1,27600.0,79.0,0,0
APP04563,Olivia Garcia,924-76-5511,olivia.garcia290@example.com,7473 Maple Ave,90758,1982-06-15,metro,56400.0,0.295,6.4,0,0.3,11700.0,25.4,0,1
APP04564,Omar Clark,948-60-8227,omar.clark801@example.com,8195 Maple Ave,95995,1960-05-14,rural,70800.0,0.663,10.0,1,8.3,8900.0,75.1,0,0
APP04565,Chloe Brown,912-47-2786,chloe.brown280@example.com,754 Hillcrest Way,96190,1984-08-09,rural,71700.0,0.276,4.8,0,0.9,20600.0,71.0,1,0
APP04566,Maria Garcia,910-57-3428,maria.garcia191@example.com,4207 Maple Ave,91967,1987-08-31,metro,86400.0,0.121,3.4,2,11.2,12200.0,43.0,0,1
APP04567,Olivia Patel,968-48-3209,olivia.patel954@example.com,9978 Elm Dr,95917,1981-03-15,rural,72400.0,0.589,10.6,1,12.6,23800.0,88.2,1,0
APP04568,Daniel Ali,935-98-4788,daniel.ali762@example.com,3763 Oak St,90659,2000-05-02,metro,89800.0,0.257,25.9,0,5.1,14100.0,27.8,0,1
APP04569,Hiro Martinez,909-93-8445,hiro.martinez582@example.com,5886 Cedar Ln,96169,1966-08-01,rural,66200.0,0.459,8.4,2,3.4,29800.0,56.6,0,0
APP04570,Ravi Ali,940-91-8371,ravi.ali958@example.com,9406 Maple Ave,91127,2000-11-29,metro,73100.0,0.25,5.5,0,4.2,7200.0,26.6,1,0
APP04571,Emma Brown,975-59-1504,emma.brown90@example.com,3163 Hillcrest Way,95975,1966-10-18,rural,63000.0,0.317,3.3,1,8.0,30200.0,60.3,1,0
APP04572,Alex Johnson,955-20-4547,alex.johnson954@example.com,8991 Pine Rd,95999,1984-11-27,rural,40900.0,0.42,6.3,1,1.2,26200.0,87.5,1,0
APP04573,Sofia Garcia,942-10-7891,sofia.garcia703@example.com,6394 Pine Rd,91487,1998-07-29,metro,56900.0,0.314,10.6,1,7.0,25000.0,40.2,0,1
APP04574,Fatima Davis,907-21-7548,fatima.davis371@example.com,1027 Maple Ave,90872,1972-08-30,metro,37400.0,0.366,7.9,0,6.2,14000.0,38.8,1,0
APP04575,Chloe Ali,904-47-5733,chloe.ali222@example.com,9659 Elm Dr,90425,1985-08-22,metro,78400.0,0.282,8.8,0,3.9,24100.0,43.0,0,1
APP04576,Grace Nguyen,958-88-6929,grace.nguyen652@example.com,7376 Lakeview Blvd,96067,1952-12-24,rural,54800.0,0.513,5.6,0,13.8,28300.0,73.0,0,0
APP04577,Omar Clark,965-91-5330,omar.clark310@example.com,62 Pine Rd,91059,1988-07-08,metro,39800.0,0.28,8.8,1,10.8,4100.0,40.7,0,1
APP04578,Fatima Kim,931-83-4320,fatima.kim108@example.com,598 Lakeview Blvd,91920,1994-03-29,metro,89700.0,0.321,3.8,1,6.8,22000.0,42.1,0,1
APP04579,Fatima Wilson,916-44-9936,fatima.wilson731@example.com,8947 Oak St,90111,1998-04-08,metro,69800.0,0.411,16.6,3,5.9,14400.0,46.4,0,0
APP04580,Priya Chen,939-75-9457,priya.chen401@example.com,9711 Elm Dr,95978,1981-11-29,rural,36700.0,0.2,3.2,0,4.4,20100.0,79.5,1,0
APP04581,Sofia Ramirez,904-11-5345,sofia.ramirez554@example.com,9898 Pine Rd,95910,1966-07-27,rural,96500.0,0.291,21.5,0,2.9,18000.0,73.7,0,1
APP04582,Omar Martinez,983-75-9576,omar.martinez73@example.com,5732 Maple Ave,91413,1991-09-08,metro,80400.0,0.388,6.4,1,4.8,17700.0,36.4,0,1
APP04583,Alex Hernandez,922-89-5225,alex.hernandez653@example.com,7329 Pine Rd,91217,1981-02-15,metro,48800.0,0.19,8.3,2,1.7,27100.0,36.3,0,1
APP04584,Emma Patel,928-71-1226,emma.patel483@example.com,6037 Lakeview Blvd,96033,1972-04-10,rural,60300.0,0.389,7.9,0,5.7,15900.0,77.0,1,0
APP04585,Ravi Martinez,919-90-9869,ravi.martinez185@example.com,6613 Lakeview Blvd,90736,1992-08-25,metro,88800.0,0.343,13.7,0,2.1,9000.0,39.3,0,1
APP04586,Priya Clark,946-44-1860,priya.clark671@example.com,6425 Lakeview Blvd,96194,1950-09-20,rural,50400.0,0.373,4.3,0,1.7,14300.0,73.5,1,0
APP04587,Maria Singh,975-38-3604,maria.singh574@example.com,3256 Hillcrest Way,91764,1978-02-09,metro,57600.0,0.445,8.6,3,4.9,18900.0,26.7,0,0
APP04588,Sofia Taylor,904-32-3247,sofia.taylor718@example.com,618 Cedar Ln,91213,1991-07-18,metro,,0.287,6.5,2,3.5,18200.0,27.1,0,1
APP04589,Grace Martinez,977-63-8935,grace.martinez106@example.com,3069 Pine Rd,90525,1972-01-01,metro,51500.0,0.336,2.7,1,0.8,16700.0,34.8,1,0
APP04590,Hiro Kim,908-83-7912,hiro.kim594@example.com,7961 Oak St,96169,1989-04-06,rural,46900.0,0.351,1.2,1,1.1,26800.0,73.7,1,0
APP04591,Carlos Moore,906-93-8425,carlos.moore480@example.com,3416 Cedar Ln,96008,1971-03-14,rural,79200.0,0.286,5.0,2,2.0,35400.0,77.8,1,0
APP04592,Daniel Brown,921-74-4962,daniel.brown923@example.com,2200 Elm Dr,96031,1991-12-12,rural,45500.0,0.264,17.0,0,1.3,19200.0,80.1,1,0
APP04593,Priya Wilson,968-92-5690,priya.wilson843@example.com,7229 Pine Rd,90745,1996-04-08,metro,75600.0,0.045,3.6,0,2.2,24500.0,34.8,0,1
APP04594,Linh Lopez,929-43-5696,linh.lopez404@example.com,6796 Maple Ave,91872,1956-05-19,metro,69900.0,0.238,14.0,1,8.0,32400.0,26.4,0,1
APP04595,Daniel Davis,982-72-5981,daniel.davis281@example.com,8493 Elm Dr,90669,1987-05-27,metro,30400.0,0.577,15.4,1,2.5,15900.0,27.5,0,0
APP04596,Kevin Brown,914-75-7338,kevin.brown9@example.com,1988 Lakeview Blvd,91614,1965-04-14,metro,54000.0,0.189,9.3,1,12.7,27400.0,39.1,0,0
APP04597,Linh Singh,908-17-7731,linh.singh560@example.com,3519 Hillcrest Way,90697,1996-03-25,metro,52400.0,0.382,6.4,0,4.6,29200.0,33.4,1,0
APP04598,Emma Wilson,990-30-3594,emma.wilson376@example.com,7179 Elm Dr,91073,1972-10-08,metro,42200.0,0.406,4.7,0,8.7,20500.0,37.8,0,0
APP04599,Priya Garcia,988-83-2347,priya.garcia143@example.com,1372 Elm Dr,96136,1996-07-21,rural,,0.336,10.9,0,5.9,41300.0,77.8,1,0
APP04600,Olivia Martinez,910-75-3276,olivia.martinez503@example.com,9444 Lakeview Blvd,95933,1985-05-02,rural,40900.0,0.277,5.7,1,4.0,11800.0,65.0,1,0
APP04601,Kevin Wilson,965-37-9169,kevin.wilson986@example.com,9931 Oak St,90052,1987-03-22,metro,66700.0,0.167,17.4,1,5.5,17300.0,50.2,0,1
APP04602,Aisha Lee,964-45-6638,aisha.lee913@example.com,9691 Lakeview Blvd,91413,1962-08-22,metro,38100.0,0.284,13.0,0,7.3,23300.0,28.5,1,0
APP04603,Omar Brown,955-65-5099,omar.brown152@example.com,2243 Cedar Ln,96120,1983-03-13,rural,117300.0,0.373,4.4,0,7.4,32800.0,61.3,0,1
APP04604,Daniel Hernandez,998-55-2646,daniel.hernandez470@example.com,9769 Elm Dr,95919,1955-03-04,rural,31200.0,0.453,5.8,0,6.9,21100.0,64.2,1,0
APP04605,Ravi Lee,911-96-5441,ravi.lee300@example.com,8104 Cedar Ln,90633,1987-12-09,metro,62500.0,0.329,5.5,1,17.4,32100.0,49.9,1,0
APP04606,Daniel Hernandez,984-10-9004,daniel.hernandez777@example.com,7765 Maple Ave,91088,1958-02-03,metro,109300.0,0.357,3.5,0,2.6,2000.0,42.4,0,1
APP04607,Carlos Singh,992-26-3266,carlos.singh686@example.com,7182 Hillcrest Way,90125,2001-08-14,metro,88500.0,0.025,17.4,0,10.6,14400.0,30.8,0,1
APP04608,Noah Kim,987-19-5801,noah.kim422@example.com,3313 Oak St,90860,1988-11-22,metro,42700.0,0.068,7.9,0,,33600.0,45.0,0,0
APP04609,Fatima Kim,958-40-9277,fatima.kim400@example.com,5834 Cedar Ln,91325,1972-12-18,metro,72100.0,0.411,1.9,1,2.6,17400.0,32.4,0,1
APP04610,Sofia Garcia,900-57-5627,sofia.garcia816@example.com,9783 Elm Dr,90680,1961-06-15,metro,62900.0,0.434,5.0,0,8.8,10800.0,49.5,1,0
APP04611,Ravi Davis,909-53-1134,ravi.davis56@example.com,2746 Hillcrest Way,90436,1965-08-21,metro,73900.0,0.322,13.0,0,9.8,31300.0,21.4,0,1
APP04612,Noah Chen,964-91-8119,noah.chen504@example.com,1776 Elm Dr,96195,1953-04-26,rural,58700.0,0.341,12.5,0,5.8,34600.0,70.3,0,1
APP04613,Daniel Singh,923-27-6215,daniel.singh198@example.com,6459 Cedar Ln,91311,1985-04-13,metro,56500.0,0.575,8.7,0,2.4,13100.0,35.5,1,0
APP04614,Noah Patel,928-74-9550,noah.patel570@example.com,2205 Lakeview Blvd,91590,1969-12-28,metro,68700.0,0.219,7.2,0,,34200.0,31.4,0,1
APP04615,Omar Johnson,934-71-8524,omar.johnson323@example.com,165 Lakeview Blvd,91814,1977-09-06,metro,128300.0,0.277,8.8,1,3.0,24500.0,34.9,0,1
APP04616,Chloe Ali,960-45-6371,chloe.ali137@example.com,7582 Hillcrest Way,90960,1966-02-01,metro,62000.0,0.312,18.9,0,6.0,23500.0,40.1,0,1
APP04617,Aisha Johnson,977-64-2607,aisha.johnson627@example.com,9481 Maple Ave,95924,2000-05-20,rural,75100.0,0.536,10.9,1,9.0,19500.0,63.8,1,0
APP04618,James Singh,992-29-9205,james.singh573@example.com,7828 Hillcrest Way,96052,1998-03-18,rural,71600.0,0.395,6.8,0,8.9,29600.0,56.3,0,0
APP04619,Fatima Garcia,952-79-5824,fatima.garcia741@example.com,5780 Lakeview Blvd,95938,1968-05-21,rural,52000.0,0.301,21.5,0,7.6,16500.0,64.7,0,1
APP04620,Chloe Clark,931-36-8175,chloe.clark924@example.com,3300 Lakeview Blvd,91990,1977-03-24,metro,68000.0,0.479,7.0,0,1.2,19200.0,36.6,0,0
APP04621,Fatima Garcia,947-40-7411,fatima.garcia347@example.com,3025 Pine Rd,90078,1969-09-30,metro,91900.0,0.248,8.3,0,1.4,5300.0,32.3,0,1
APP04622,Olivia Chen,963-18-7148,olivia.chen909@example.com,6164 Elm Dr,91278,1971-07-09,metro,76200.0,0.221,9.5,0,12.0,24300.0,37.1,1,0
APP04623,Chloe Singh,920-73-3327,chloe.singh392@example.com,6682 Pine Rd,90040,1964-08-02,metro,63500.0,0.164,10.5,0,2.9,36100.0,36.9,0,1
APP04624,Aisha Brown,961-72-9912,aisha.brown983@example.com,271 Hillcrest Way,96095,1962-12-30,rural,41900.0,0.269,8.0,1,3.0,16600.0,76.6,0,0
APP04625,Noah Ramirez,949-97-9377,noah.ramirez551@example.com,6706 Lakeview Blvd,96104,1955-08-05,rural,142700.0,0.302,11.8,0,3.1,23300.0,73.8,0,1
APP04626,Omar Kim,940-79-9874,omar.kim64@example.com,7799 Elm Dr,91413,1951-12-07,metro,41300.0,0.271,19.1,1,5.9,7600.0,43.6,0,1
APP04627,James Chen,947-85-6832,james.chen937@example.com,7799 Maple Ave,90955,1998-09-11,metro,75800.0,0.205,6.3,3,7.8,15600.0,36.0,1,0
APP04628,Ravi Martinez,982-67-5663,ravi.martinez327@example.com,9563 Maple Ave,91405,1963-08-05,metro,62300.0,0.505,12.1,0,7.0,2800.0,34.4,1,0
APP04629,Emma Garcia,910-43-3136,emma.garcia988@example.com,8378 Oak St,90353,1988-05-02,metro,,0.337,12.1,1,10.6,17500.0,44.3,0,1
APP04630,Mateo Johnson,936-35-3516,mateo.johnson998@example.com,1495 Elm Dr,90791,1997-06-03,metro,57600.0,0.324,6.7,2,5.7,17200.0,33.8,1,0
APP04631,Alex Garcia,974-75-2108,alex.garcia118@example.com,3796 Maple Ave,91098,1957-12-07,metro,61800.0,0.731,6.3,2,4.9,26700.0,31.1,0,0
APP04632,Mateo Ramirez,906-78-9171,mateo.ramirez127@example.com,3378 Hillcrest Way,96095,1953-05-01,rural,111000.0,0.352,5.4,0,5.5,19600.0,59.3,0,1
APP04633,Carlos Hernandez,944-15-1833,carlos.hernandez939@example.com,3530 Lakeview Blvd,96161,2000-08-17,rural,37400.0,0.455,8.4,1,14.9,29500.0,62.0,1,0
APP04634,Sofia Davis,956-98-2565,sofia.davis22@example.com,8724 Cedar Ln,95936,1961-08-05,rural,44100.0,0.4,3.2,0,5.9,7400.0,75.4,1,0
APP04635,Hiro Moore,961-13-3460,hiro.moore316@example.com,7998 Elm Dr,90105,1951-04-06,metro,45000.0,0.301,15.6,0,,10800.0,34.1,0,1
APP04636,Omar Nguyen,972-70-7506,omar.nguyen754@example.com,7715 Elm Dr,95982,1955-03-13,rural,57300.0,0.298,13.0,1,4.7,18900.0,66.9,0,1
APP04637,Carlos Smith,970-98-8802,carlos.smith897@example.com,4373 Pine Rd,96074,1997-03-10,rural,63500.0,0.222,8.6,0,7.7,15000.0,67.5,1,0
APP04638,Alex Taylor,930-27-6690,alex.taylor630@example.com,3263 Oak St,91367,1957-07-23,metro,,0.36,12.8,0,8.2,5500.0,47.2,0,1
APP04639,Grace Lopez,994-69-4862,grace.lopez523@example.com,8306 Maple Ave,91426,1963-10-06,metro,137200.0,0.283,4.9,1,7.0,14700.0,30.8,0,1
APP04640,Aisha Nguyen,943-58-2198,aisha.nguyen682@example.com,5454 Pine Rd,96144,1958-03-09,rural,69000.0,0.172,7.2,1,4.1,27100.0,88.7,0,1
APP04641,Grace Hernandez,904-45-3115,grace.hernandez764@example.com,8567 Oak St,96142,1979-04-08,rural,64300.0,0.344,13.6,0,5.0,20400.0,82.3,0,0
APP04642,Maria Taylor,999-36-7630,maria.taylor598@example.com,5842 Lakeview Blvd,90211,1990-01-13,metro,70400.0,0.384,4.0,3,14.1,24900.0,51.6,1,0
APP04643,Emma Lee,939-96-2158,emma.lee942@example.com,3086 Hillcrest Way,91037,1959-09-06,metro,28700.0,0.355,3.9,1,9.8,15000.0,50.8,1,0
APP04644,Daniel Lee,902-42-7781,daniel.lee351@example.com,3499 Pine Rd,90649,1965-11-22,metro,48700.0,0.196,6.6,0,5.3,28900.0,38.6,1,0
APP04645,Linh Hernandez,959-50-1635,linh.hernandez535@example.com,2243 Elm Dr,91733,1993-09-20,metro,61500.0,0.476,17.1,1,2.1,18200.0,30.7,0,0
APP04646,Kevin Patel,934-51-7817,kevin.patel81@example.com,538 Hillcrest Way,90776,1971-12-19,metro,44800.0,0.359,6.8,1,9.4,9600.0,38.2,0,1
APP04647,Linh Davis,906-16-7416,linh.davis809@example.com,3933 Hillcrest Way,90690,1970-11-05,metro,59800.0,0.212,12.6,1,7.9,24800.0,30.6,0,1
APP04648,Mateo Lee,971-80-9536,mateo.lee473@example.com,4688 Oak St,91255,1954-11-13,metro,69900.0,0.244,3.0,0,7.6,30900.0,55.4,1,0
APP04649,Omar Patel,922-95-5907,omar.patel359@example.com,5873 Pine Rd,91625,1965-08-19,metro,70400.0,0.135,7.3,0,4.5,31600.0,38.2,0,1
APP04650,Daniel Kim,974-27-5181,daniel.kim490@example.com,2583 Oak St,91723,1989-02-24,metro,81300.0,0.317,2.0,0,0.7,20100.0,34.9,1,0
APP04651,Daniel Smith,917-38-4471,daniel.smith421@example.com,7458 Pine Rd,91511,1990-03-23,metro,,0.16,8.1,0,6.3,14500.0,36.0,0,1
APP04652,Noah Lee,960-16-3958,noah.lee664@example.com,4642 Maple Ave,95952,1958-10-08,rural,41400.0,0.285,6.9,0,9.4,32800.0,80.7,0,0
APP04653,Omar Ali,961-61-9545,omar.ali911@example.com,756 Oak St,96064,1990-10-07,rural,96500.0,0.293,6.3,0,3.3,23500.0,74.4,0,1
APP04654,Emma Taylor,986-41-3751,emma.taylor719@example.com,6952 Oak St,95958,1998-02-12,rural,98500.0,0.368,8.8,1,5.5,28300.0,86.6,1,0
APP04655,Omar Lee,998-34-7749,omar.lee724@example.com,5201 Cedar Ln,91280,1958-05-24,metro,62600.0,0.635,3.5,2,4.9,16800.0,16.6,0,0
APP04656,Alex Patel,943-64-6465,alex.patel789@example.com,4980 Cedar Ln,91857,1997-05-19,metro,124600.0,0.353,10.1,0,4.0,21100.0,38.3,0,1
APP04657,Fatima Ramirez,976-31-9074,fatima.ramirez552@example.com,1105 Hillcrest Way,91432,1980-03-04,metro,75800.0,0.264,10.8,0,6.4,13100.0,31.9,0,1
APP04658,Noah Ali,913-51-9482,noah.ali377@example.com,5007 Cedar Ln,91238,1973-05-18,metro,52800.0,0.494,6.2,0,9.5,13200.0,29.1,1,0
APP04659,Priya Lopez,928-98-2878,priya.lopez700@example.com,3544 Maple Ave,91675,1967-04-30,metro,128600.0,0.301,9.2,0,2.0,6200.0,22.7,0,1
APP04660,Grace Clark,999-69-5340,grace.clark832@example.com,1788 Elm Dr,90553,2000-06-05,metro,69800.0,0.293,9.4,0,5.1,26600.0,45.3,0,1
APP04661,Chloe Nguyen,937-83-8440,chloe.nguyen764@example.com,7284 Cedar Ln,96155,1989-03-09,rural,79900.0,0.364,10.8,2,5.5,11500.0,70.2,1,0
APP04662,Fatima Lee,927-59-9908,fatima.lee145@example.com,516 Elm Dr,96036,1997-01-03,rural,61800.0,0.56,1.2,0,5.3,11900.0,77.6,1,0
APP04663,Noah Garcia,973-38-7481,noah.garcia607@example.com,1403 Pine Rd,91231,1972-04-24,metro,37900.0,0.349,1.9,0,1.7,11300.0,32.6,1,0
APP04664,Aisha Davis,954-23-2588,aisha.davis963@example.com,2294 Elm Dr,90725,1989-06-20,metro,,0.116,8.5,0,6.7,26000.0,29.6,0,1
APP04665,Omar Martinez,948-40-4903,omar.martinez329@example.com,1130 Elm Dr,96139,1990-01-26,rural,51700.0,0.351,5.5,0,4.7,15500.0,72.2,1,0
APP04666,Carlos Nguyen,967-50-5100,carlos.nguyen919@example.com,9497 Hillcrest Way,90790,1984-12-08,metro,90200.0,0.29,14.2,1,3.5,20800.0,41.3,0,1
APP04667,Grace Martinez,996-31-5792,grace.martinez51@example.com,528 Lakeview Blvd,95985,1996-02-08,rural,,0.491,3.0,1,3.1,14700.0,69.0,1,0
APP04668,Priya Lee,950-64-2909,priya.lee574@example.com,4658 Maple Ave,95971,1982-02-22,rural,98000.0,0.212,2.0,0,1.6,34100.0,89.1,0,1
APP04669,Grace Moore,930-35-2055,grace.moore245@example.com,1148 Maple Ave,96184,1951-05-17,rural,49800.0,0.56,5.5,0,4.5,17200.0,81.7,1,0
APP04670,Hiro Johnson,932-88-7638,hiro.johnson666@example.com,8715 Elm Dr,90018,1993-12-19,metro,99100.0,0.334,8.4,1,3.6,23900.0,41.5,0,1
APP04671,Emma Lopez,909-18-3480,emma.lopez413@example.com,6323 Maple Ave,90522,1999-09-18,metro,43700.0,0.428,16.7,0,6.2,16100.0,42.9,0,1
APP04672,Mateo Singh,955-17-4924,mateo.singh138@example.com,2454 Elm Dr,91815,2000-12-28,metro,52700.0,0.433,15.2,0,3.8,28700.0,18.3,1,0
APP04673,Maria Clark,901-24-6310,maria.clark772@example.com,7952 Elm Dr,91410,1995-07-23,metro,55500.0,0.463,4.6,0,2.7,3500.0,47.3,1,0
APP04674,Mateo Brown,984-74-4634,mateo.brown861@example.com,2557 Elm Dr,90178,1956-06-30,metro,45800.0,0.502,10.1,1,7.6,18700.0,47.0,1,0
APP04675,Emma Johnson,913-12-1956,emma.johnson275@example.com,7522 Maple Ave,91715,1994-03-15,metro,76800.0,0.375,5.2,0,2.8,18300.0,31.4,1,0
APP04676,Alex Johnson,998-92-2769,alex.johnson297@example.com,4064 Oak St,90382,1962-02-01,metro,45200.0,0.158,19.2,0,3.3,30600.0,39.8,0,1
APP04677,Emma Ali,929-28-9754,emma.ali269@example.com,6057 Elm Dr,91618,1990-08-31,metro,95500.0,0.41,5.7,1,5.0,24900.0,60.5,0,1
APP04678,Kevin Smith,948-53-9801,kevin.smith371@example.com,3511 Lakeview Blvd,91190,1986-02-21,metro,108000.0,0.488,3.5,0,1.9,36600.0,30.0,0,1
APP04679,Hiro Wilson,921-86-2699,hiro.wilson183@example.com,7304 Lakeview Blvd,91630,1990-05-24,metro,58300.0,0.377,7.1,1,28.7,29900.0,27.5,1,0
APP04680,Fatima Ramirez,963-60-4237,fatima.ramirez105@example.com,4915 Hillcrest Way,91939,1968-12-06,metro,102200.0,0.406,10.8,2,3.4,33600.0,30.4,0,1
APP04681,Noah Kim,973-90-6162,noah.kim698@example.com,4616 Pine Rd,96148,1964-09-10,rural,48900.0,0.206,4.2,1,1.4,22600.0,64.7,0,1
APP04682,Omar Ramirez,965-78-2973,omar.ramirez274@example.com,2542 Oak St,96155,1971-12-06,rural,83400.0,0.264,6.6,0,3.8,2000.0,63.1,0,1
APP04683,Omar Smith,993-95-8540,omar.smith173@example.com,7763 Lakeview Blvd,91631,1993-03-13,metro,60000.0,0.464,10.6,2,3.8,26400.0,21.8,0,1
APP04684,Noah Singh,911-16-1730,noah.singh792@example.com,8691 Oak St,91502,1977-11-22,metro,23200.0,0.433,8.4,0,11.2,29500.0,23.2,1,0
APP04685,Omar Clark,956-80-3969,omar.clark944@example.com,7348 Hillcrest Way,96033,1959-01-04,rural,55100.0,0.349,11.9,0,1.8,19800.0,79.6,1,0
APP04686,James Singh,967-70-4604,james.singh44@example.com,3644 Hillcrest Way,90023,1999-02-10,metro,63300.0,0.124,6.2,1,6.6,31900.0,28.0,0,1
APP04687,Mateo Patel,920-44-2470,mateo.patel636@example.com,229 Hillcrest Way,90237,1978-07-11,metro,35100.0,0.26,10.9,1,9.6,14700.0,23.6,1,0
APP04688,Sofia Chen,908-64-5512,sofia.chen948@example.com,5801 Maple Ave,91476,2000-08-24,metro,136700.0,0.302,6.2,1,3.7,23500.0,52.0,0,1
APP04689,Grace Davis,942-80-8228,grace.davis272@example.com,7686 Elm Dr,95960,2000-09-12,rural,33400.0,0.533,21.7,1,5.4,27300.0,67.4,1,0
APP04690,Olivia Wilson,996-88-7862,olivia.wilson907@example.com,6402 Oak St,91342,1958-12-31,metro,162200.0,0.545,4.6,0,2.7,18700.0,45.7,0,1
APP04691,Kevin Brown,933-88-1887,kevin.brown360@example.com,4194 Oak St,91730,1979-12-16,metro,80400.0,0.454,14.1,1,7.2,25200.0,52.0,0,1
APP04692,Kevin Ali,974-97-6412,kevin.ali562@example.com,9763 Oak St,96175,1981-09-08,rural,77600.0,0.358,7.7,0,12.7,28400.0,77.8,1,1
APP04693,Emma Clark,902-12-2674,emma.clark228@example.com,2585 Lakeview Blvd,90125,1979-06-29,metro,76500.0,0.287,9.2,0,19.5,23300.0,24.6,0,1
APP04694,Alex Moore,989-59-3532,alex.moore634@example.com,7723 Maple Ave,90715,1955-04-29,metro,57100.0,0.286,16.6,0,7.8,19900.0,31.5,0,1
APP04695,James Johnson,988-98-8568,james.johnson617@example.com,7678 Elm Dr,96139,1974-07-30,rural,46400.0,0.414,13.9,0,7.5,26600.0,79.0,0,0
APP04696,Hiro Hernandez,964-80-5716,hiro.hernandez92@example.com,9223 Lakeview Blvd,90803,1964-05-24,metro,44300.0,0.55,10.5,0,9.4,15100.0,25.9,0,0
APP04697,James Ali,912-87-3539,james.ali913@example.com,8793 Lakeview Blvd,96073,1959-06-11,rural,51300.0,0.379,10.5,0,4.8,20600.0,83.2,1,0
APP04698,Maria Wilson,985-99-4875,maria.wilson717@example.com,326 Elm Dr,96089,1951-04-09,rural,49600.0,0.316,14.0,0,6.5,33600.0,72.1,1,0
APP04699,James Davis,911-93-9866,james.davis593@example.com,6473 Lakeview Blvd,95984,1982-10-08,rural,78200.0,0.085,4.9,1,,23600.0,74.3,0,1
APP04700,James Nguyen,953-85-1933,james.nguyen874@example.com,1266 Pine Rd,91758,1998-01-14,metro,55400.0,0.176,10.2,0,1.8,27400.0,33.0,0,1
APP04701,Olivia Nguyen,904-44-7952,olivia.nguyen771@example.com,7689 Lakeview Blvd,96133,1954-01-17,rural,50500.0,0.254,16.8,0,23.5,11600.0,73.5,0,1
APP04702,James Lopez,957-54-1296,james.lopez127@example.com,2161 Lakeview Blvd,96119,1953-05-17,rural,64100.0,0.428,9.9,1,1.0,15800.0,73.1,1,0
APP04703,Fatima Smith,989-30-2051,fatima.smith825@example.com,1781 Lakeview Blvd,96176,1955-11-24,rural,55300.0,0.54,4.6,2,2.4,23800.0,66.7,0,0
APP04704,Noah Lee,935-95-1656,noah.lee85@example.com,7843 Elm Dr,90896,1993-09-25,metro,30700.0,0.297,12.6,0,1.8,20400.0,42.0,1,0
APP04705,Kevin Lee,929-84-2219,kevin.lee49@example.com,166 Cedar Ln,96118,1971-07-09,rural,76400.0,0.204,6.4,0,4.1,27500.0,75.9,0,1
APP04706,Noah Ali,953-26-8806,noah.ali161@example.com,9544 Elm Dr,90596,1983-08-01,metro,52100.0,0.409,10.4,0,5.1,30400.0,36.3,1,0
APP04707,Hiro Lee,906-32-8507,hiro.lee782@example.com,5274 Hillcrest Way,91567,1985-03-23,metro,60500.0,0.429,10.0,0,2.3,24400.0,37.4,1,0
APP04708,Ravi Taylor,937-40-4170,ravi.taylor845@example.com,8051 Elm Dr,96011,1982-11-24,rural,53900.0,0.179,9.0,1,2.4,14400.0,75.9,0,0
APP04709,James Lopez,944-77-6974,james.lopez157@example.com,463 Hillcrest Way,91953,1999-09-22,metro,65100.0,0.246,4.9,1,12.0,20500.0,30.8,0,1
APP04710,Emma Taylor,992-93-2249,emma.taylor205@example.com,4463 Oak St,96114,1969-11-16,rural,45100.0,0.337,13.7,1,6.7,8400.0,73.0,0,1
APP04711,Daniel Singh,902-68-3086,daniel.singh888@example.com,6624 Cedar Ln,91033,1989-12-10,metro,37300.0,0.279,19.6,0,8.5,32200.0,35.5,0,1
APP04712,Chloe Moore,972-27-8516,chloe.moore333@example.com,3023 Oak St,90310,1963-09-22,metro,48700.0,0.412,17.3,0,3.6,20000.0,51.6,1,0
APP04713,Mateo Taylor,937-35-9230,mateo.taylor316@example.com,1728 Elm Dr,90965,1960-05-01,metro,88400.0,0.277,17.3,1,6.0,21000.0,46.4,0,1
APP04714,Daniel Wilson,985-72-8787,daniel.wilson661@example.com,3438 Pine Rd,90249,1970-11-05,metro,62200.0,0.384,10.0,0,18.7,36700.0,41.2,0,1
APP04715,Sofia Clark,906-72-8938,sofia.clark806@example.com,5865 Pine Rd,90317,1958-11-11,metro,92900.0,0.302,4.0,0,1.7,19300.0,54.2,0,1
APP04716,Kevin Clark,981-84-5352,kevin.clark85@example.com,7150 Cedar Ln,95948,1995-04-17,rural,35400.0,0.598,11.5,0,6.3,25300.0,78.3,1,0
APP04717,Priya Johnson,988-83-9088,priya.johnson631@example.com,7860 Lakeview Blvd,90907,1952-11-23,metro,44800.0,0.646,5.0,0,16.6,32100.0,23.7,1,0
APP04718,Linh Lopez,982-77-6975,linh.lopez416@example.com,3657 Maple Ave,90527,1951-11-26,metro,93600.0,0.353,9.3,1,0.2,15100.0,31.3,0,1
APP04719,Carlos Davis,912-57-6906,carlos.davis370@example.com,201 Oak St,90050,1993-11-02,metro,124100.0,0.322,21.8,1,1.7,15900.0,40.2,0,1
APP04720,Chloe Patel,974-67-7218,chloe.patel359@example.com,4990 Oak St,90891,1973-10-21,metro,60600.0,0.517,8.4,2,5.7,14800.0,37.0,1,0
APP04721,Noah Kim,923-12-8747,noah.kim198@example.com,1639 Elm Dr,90060,1981-10-11,metro,42400.0,0.429,5.4,0,6.5,14300.0,44.3,1,0
APP04722,Priya Wilson,971-73-7596,priya.wilson750@example.com,8492 Maple Ave,90254,1976-06-29,metro,106000.0,0.411,8.3,0,3.6,27400.0,45.7,0,1
APP04723,Priya Martinez,969-11-4475,priya.martinez956@example.com,4060 Elm Dr,91725,1959-09-17,metro,,0.068,5.2,0,4.7,28500.0,25.9,1,0
APP04724,Ravi Ali,935-37-2115,ravi.ali832@example.com,1277 Hillcrest Way,96026,1974-06-26,rural,48600.0,0.34,14.4,0,3.4,3500.0,62.7,0,1
APP04725,Ravi Smith,965-88-7714,ravi.smith393@example.com,2503 Lakeview Blvd,91068,1984-02-16,metro,43600.0,0.379,4.8,0,11.1,26300.0,39.8,1,0
APP04726,Fatima Patel,949-88-6053,fatima.patel459@example.com,7039 Pine Rd,96190,1971-06-10,rural,41800.0,0.402,12.2,0,8.5,39400.0,86.7,1,0
APP04727,Grace Smith,903-69-1828,grace.smith921@example.com,1728 Cedar Ln,90598,1959-05-24,metro,50600.0,0.465,1.2,1,8.0,25900.0,53.7,1,0
APP04728,Mateo Taylor,932-91-4958,mateo.taylor55@example.com,9028 Pine Rd,96112,1987-03-29,rural,50100.0,0.246,5.6,0,5.2,7300.0,78.8,0,1
APP04729,James Clark,996-66-1856,james.clark760@example.com,7326 Maple Ave,90217,1951-07-09,metro,118600.0,0.39,7.8,0,16.5,20700.0,23.8,0,1
APP04730,Chloe Garcia,953-67-7570,chloe.garcia448@example.com,7779 Elm Dr,90764,1954-04-28,metro,69000.0,0.48,22.4,0,11.6,28500.0,28.6,0,0
APP04731,Olivia Clark,919-21-4558,olivia.clark739@example.com,5538 Hillcrest Way,90814,1984-06-12,metro,103300.0,0.02,11.7,0,6.5,33300.0,46.3,0,1
APP04732,Alex Clark,912-68-5906,alex.clark987@example.com,6959 Oak St,91170,1952-05-18,metro,57600.0,0.22,16.7,0,6.2,21700.0,39.2,0,1
APP04733,Grace Davis,937-98-5611,grace.davis367@example.com,1313 Hillcrest Way,90570,1991-05-09,metro,60800.0,0.262,6.1,0,0.8,25600.0,37.6,0,1
APP04734,Linh Taylor,973-47-3886,linh.taylor20@example.com,8905 Oak St,91025,1956-08-20,metro,50900.0,0.328,12.1,0,4.9,26800.0,24.6,0,1
APP04735,James Chen,983-15-5376,james.chen529@example.com,7454 Pine Rd,96084,1951-08-20,rural,59700.0,0.332,6.1,1,4.3,16100.0,61.3,1,0
APP04736,Ravi Smith,997-28-9769,ravi.smith560@example.com,8920 Hillcrest Way,91036,1951-06-26,metro,90400.0,0.408,6.2,0,8.1,22300.0,39.5,0,1
APP04737,Emma Smith,953-82-7371,emma.smith201@example.com,3312 Maple Ave,90813,1965-09-22,metro,73100.0,0.669,10.2,0,2.8,16000.0,27.4,1,0
APP04738,Ravi Ramirez,995-50-9362,ravi.ramirez535@example.com,6700 Maple Ave,90114,1996-10-23,metro,55800.0,0.206,0.8,1,8.1,14100.0,49.4,0,1
APP04739,Linh Brown,925-58-1437,linh.brown749@example.com,4505 Cedar Ln,95972,1985-03-26,rural,92800.0,0.378,20.3,1,5.9,16500.0,65.9,0,1
APP04740,Kevin Wilson,990-91-9338,kevin.wilson130@example.com,3165 Pine Rd,91979,1952-05-30,metro,36500.0,0.31,4.0,0,14.1,19500.0,30.6,0,0
APP04741,Chloe Clark,924-46-7581,chloe.clark98@example.com,6534 Oak St,96125,1962-12-15,rural,53200.0,0.206,11.4,0,7.7,17600.0,83.9,0,1
APP04742,Hiro Singh,935-28-6683,hiro.singh148@example.com,4831 Pine Rd,91946,1979-10-18,metro,32500.0,0.495,13.7,1,14.7,14200.0,21.3,1,0
APP04743,Kevin Patel,945-36-6637,kevin.patel334@example.com,7243 Maple Ave,90660,1991-01-18,metro,36900.0,0.44,5.0,0,16.1,29400.0,38.4,1,0
APP04744,Hiro Davis,942-21-1048,hiro.davis461@example.com,7757 Maple Ave,95931,1963-10-29,rural,73600.0,0.263,1.7,0,8.2,25000.0,48.1,1,0
APP04745,Sofia Lee,980-83-5445,sofia.lee987@example.com,3003 Oak St,91930,1971-09-01,metro,80000.0,0.448,17.4,1,0.9,22500.0,29.3,1,0
APP04746,Sofia Lopez,954-61-1066,sofia.lopez652@example.com,2110 Elm Dr,91600,1997-04-11,metro,34700.0,0.252,8.6,1,2.8,12000.0,14.3,1,0
APP04747,Priya Garcia,938-26-4247,priya.garcia292@example.com,8604 Hillcrest Way,95970,1984-06-20,rural,58700.0,0.209,5.2,0,4.1,15200.0,66.7,1,0
APP04748,Omar Taylor,940-87-2758,omar.taylor152@example.com,4005 Oak St,91228,1969-12-15,metro,77600.0,0.275,5.0,1,10.3,32800.0,24.3,0,1
APP04749,Fatima Ramirez,991-35-5453,fatima.ramirez348@example.com,2562 Pine Rd,95974,1953-03-18,rural,38900.0,0.247,8.2,0,9.1,12800.0,71.9,1,0
APP04750,Hiro Wilson,985-50-8984,hiro.wilson355@example.com,5465 Elm Dr,91171,1971-09-09,metro,56100.0,0.354,8.1,1,1.5,18100.0,44.3,1,0
APP04751,Daniel Ali,906-87-7608,daniel.ali502@example.com,4403 Hillcrest Way,96080,1995-04-10,rural,93500.0,0.127,21.3,1,2.6,27600.0,76.5,0,1
APP04752,Fatima Hernandez,942-63-8648,fatima.hernandez598@example.com,1664 Cedar Ln,90162,1954-01-25,metro,38900.0,0.456,6.0,0,7.7,24200.0,34.4,1,0
APP04753,Emma Kim,916-37-7842,emma.kim66@example.com,8539 Lakeview Blvd,91762,1993-01-05,metro,83000.0,0.495,7.7,0,8.6,20800.0,43.2,0,1
APP04754,Grace Garcia,992-19-4393,grace.garcia201@example.com,1714 Maple Ave,91826,1963-08-25,metro,81100.0,0.499,14.2,0,0.6,21000.0,29.9,0,1
APP04755,Sofia Lopez,980-85-8963,sofia.lopez215@example.com,5888 Hillcrest Way,96131,1972-07-10,rural,72900.0,0.209,7.4,1,4.7,12800.0,50.8,0,1
APP04756,Alex Smith,912-67-4365,alex.smith389@example.com,2909 Cedar Ln,90510,1987-02-21,metro,74600.0,0.236,6.9,0,2.9,23300.0,34.0,0,1
APP04757,Emma Johnson,998-68-4035,emma.johnson609@example.com,2113 Pine Rd,90723,1991-04-18,metro,47100.0,0.541,5.0,0,4.8,33200.0,35.9,1,0
APP04758,Chloe Garcia,903-65-7223,chloe.garcia715@example.com,8317 Maple Ave,91708,1953-04-03,metro,58400.0,0.131,7.3,1,4.1,19800.0,32.5,0,1
APP04759,Omar Johnson,987-74-5686,omar.johnson835@example.com,669 Elm Dr,91056,1998-05-06,metro,48200.0,0.533,4.6,0,6.3,20100.0,35.5,1,0
APP04760,Chloe Martinez,910-93-2774,chloe.martinez912@example.com,4466 Oak St,95957,1956-03-12,rural,55800.0,0.426,12.7,1,9.8,20900.0,76.6,1,0
APP04761,Alex Wilson,902-25-4517,alex.wilson561@example.com,1690 Cedar Ln,90312,1963-03-07,metro,54900.0,0.356,7.3,0,,20700.0,39.8,0,1
APP04762,Hiro Nguyen,953-36-9145,hiro.nguyen288@example.com,1323 Oak St,95913,1983-09-29,rural,61400.0,0.6,10.5,1,,12400.0,74.4,1,0
APP04763,Daniel Garcia,904-72-3117,daniel.garcia804@example.com,7657 Oak St,90389,1952-11-08,metro,62200.0,0.287,9.1,1,12.1,22200.0,34.5,0,1
APP04764,James Wilson,940-92-2174,james.wilson758@example.com,3283 Oak St,95983,1982-08-05,rural,73800.0,0.183,13.7,0,6.7,16100.0,75.9,0,1
APP04765,Noah Singh,969-96-8020,noah.singh776@example.com,1114 Oak St,91856,2000-02-03,metro,68000.0,0.329,1.9,0,4.6,16000.0,29.3,1,0
APP04766,Maria Moore,935-97-3488,maria.moore454@example.com,9031 Cedar Ln,96060,1986-09-06,rural,54700.0,0.356,15.0,0,11.6,15100.0,66.5,0,1
APP04767,Noah Garcia,957-66-1397,noah.garcia471@example.com,9629 Lakeview Blvd,91506,1953-12-23,metro,72700.0,0.369,19.6,1,12.9,29900.0,22.1,0,1
APP04768,Ravi Chen,911-78-2892,ravi.chen441@example.com,7992 Hillcrest Way,90472,1954-02-24,metro,35800.0,0.306,10.1,0,5.0,21500.0,34.1,1,0
APP04769,Aisha Lopez,977-19-3632,aisha.lopez666@example.com,7915 Maple Ave,96027,1989-09-12,rural,103400.0,0.401,15.3,1,3.3,4900.0,64.9,0,1
APP04770,James Nguyen,953-57-1117,james.nguyen815@example.com,1011 Cedar Ln,90627,1994-05-08,metro,19900.0,0.246,5.5,0,5.2,23100.0,52.0,1,0
APP04771,Chloe Taylor,914-93-5062,chloe.taylor868@example.com,6989 Oak St,90869,1990-10-19,metro,27600.0,0.203,8.2,1,3.2,24600.0,44.2,0,0
APP04772,Maria Kim,986-88-9522,maria.kim352@example.com,2467 Hillcrest Way,90877,1997-04-26,metro,88700.0,0.478,12.5,0,9.3,2000.0,42.4,0,1
APP04773,Omar Martinez,994-34-3714,omar.martinez914@example.com,6486 Maple Ave,96031,1999-10-25,rural,89300.0,0.306,5.1,0,2.9,15800.0,69.2,0,1
APP04774,Priya Chen,992-74-3885,priya.chen213@example.com,219 Pine Rd,96049,1958-08-12,rural,57100.0,0.285,2.7,0,8.8,22200.0,76.7,0,1
APP04775,Carlos Ramirez,971-81-1525,carlos.ramirez235@example.com,4812 Oak St,96180,1974-02-04,rural,67200.0,0.353,11.2,1,7.1,9400.0,71.6,1,0
APP04776,Alex Singh,905-84-4451,alex.singh534@example.com,4722 Elm Dr,91012,1991-11-18,metro,40700.0,0.25,9.8,0,5.0,33900.0,40.2,1,0
APP04777,Alex Ali,969-20-4657,alex.ali852@example.com,3790 Elm Dr,96050,1981-11-26,rural,62000.0,0.307,1.5,0,0.9,30000.0,81.5,1,0
APP04778,Alex Patel,953-53-9077,alex.patel113@example.com,8748 Hillcrest Way,90962,1978-12-24,metro,60400.0,0.621,2.1,1,3.3,20900.0,41.9,1,0
APP04779,Mateo Johnson,911-19-2698,mateo.johnson336@example.com,7539 Hillcrest Way,91264,1971-08-23,metro,56200.0,0.335,21.0,1,1.9,11300.0,38.5,0,1
APP04780,Carlos Johnson,911-97-9105,carlos.johnson400@example.com,3445 Lakeview Blvd,90495,1958-04-10,metro,81000.0,0.356,12.2,0,1.4,13700.0,48.6,0,1
APP04781,Aisha Garcia,907-65-8505,aisha.garcia227@example.com,1753 Lakeview Blvd,90516,1984-09-13,metro,70200.0,0.188,8.5,0,12.4,29300.0,19.0,0,1
APP04782,Ravi Wilson,912-50-5295,ravi.wilson288@example.com,8373 Lakeview Blvd,91302,1950-02-21,metro,35100.0,0.313,22.6,0,8.7,17900.0,31.5,1,0
APP04783,Ravi Davis,913-70-7666,ravi.davis917@example.com,1565 Maple Ave,90528,1951-08-04,metro,85700.0,0.345,3.5,2,3.7,25300.0,34.1,0,1
APP04784,Aisha Davis,971-18-5481,aisha.davis107@example.com,1494 Hillcrest Way,91820,2000-08-02,metro,81000.0,0.454,15.8,0,2.3,2200.0,35.5,0,1
APP04785,Hiro Martinez,978-39-8279,hiro.martinez482@example.com,7127 Hillcrest Way,90264,1992-12-31,metro,60500.0,0.105,5.0,0,8.6,23600.0,28.8,0,1
APP04786,Carlos Patel,969-55-9455,carlos.patel236@example.com,5317 Pine Rd,91942,1986-01-06,metro,61200.0,0.36,11.6,0,3.3,29800.0,39.4,1,1
APP04787,Maria Ali,917-87-7952,maria.ali199@example.com,2409 Maple Ave,90901,1969-09-11,metro,46000.0,0.279,14.4,0,8.3,15200.0,43.3,0,1
APP04788,Ravi Lopez,957-63-6044,ravi.lopez644@example.com,8102 Pine Rd,90861,1996-07-13,metro,48200.0,0.241,3.8,0,2.5,43000.0,3.9,1,0
APP04789,Noah Clark,977-25-6749,noah.clark13@example.com,3785 Pine Rd,95999,1953-08-21,rural,97900.0,0.242,26.7,0,6.3,26600.0,63.7,0,1
APP04790,Aisha Wilson,932-93-9394,aisha.wilson563@example.com,6775 Lakeview Blvd,96018,1986-07-07,rural,55600.0,0.376,5.2,2,3.2,24300.0,66.9,0,0
APP04791,James Singh,907-13-4025,james.singh628@example.com,3326 Elm Dr,91640,1975-04-14,metro,47200.0,0.404,9.0,0,4.3,15700.0,29.7,0,1
APP04792,Fatima Wilson,951-35-6738,fatima.wilson745@example.com,7082 Pine Rd,91827,1997-01-13,metro,77100.0,0.351,23.2,0,6.4,25500.0,31.8,0,1
APP04793,Sofia Singh,972-99-4069,sofia.singh616@example.com,2016 Oak St,90984,1976-08-30,metro,69500.0,0.36,7.0,0,18.6,26500.0,41.4,0,1
APP04794,Olivia Wilson,947-87-9116,olivia.wilson374@example.com,7537 Oak St,90837,1952-01-03,metro,45000.0,0.551,19.9,2,3.4,16000.0,41.8,0,0
APP04795,Linh Singh,993-32-8680,linh.singh405@example.com,443 Maple Ave,96091,1959-11-01,rural,42000.0,0.085,12.5,1,2.1,24800.0,72.4,1,1
APP04796,Carlos Smith,969-50-7792,carlos.smith809@example.com,757 Hillcrest Way,90619,1990-10-03,metro,47900.0,0.44,7.8,0,2.8,9900.0,11.8,0,1
APP04797,Sofia Lopez,997-37-3987,sofia.lopez539@example.com,2752 Maple Ave,91827,1976-07-29,metro,58700.0,0.497,6.3,0,4.0,43700.0,48.3,0,1
APP04798,Kevin Hernandez,902-67-3863,kevin.hernandez520@example.com,6921 Hillcrest Way,90284,1986-11-08,metro,64000.0,0.307,6.9,0,5.3,13400.0,33.1,0,0
APP04799,Alex Johnson,901-56-6838,alex.johnson422@example.com,7121 Cedar Ln,91581,1953-06-26,metro,32200.0,0.14,10.5,0,4.4,15900.0,29.8,0,0
APP04800,Grace Chen,966-25-6291,grace.chen977@example.com,4518 Lakeview Blvd,96191,1966-10-20,rural,63500.0,0.181,14.0,1,8.7,19000.0,52.3,1,1
APP04801,Emma Smith,919-79-7218,emma.smith417@example.com,1036 Pine Rd,91331,1962-11-22,metro,59800.0,0.473,4.7,1,7.8,18700.0,46.2,0,0
APP04802,Mateo Johnson,921-22-7166,mateo.johnson898@example.com,7001 Lakeview Blvd,91275,1994-05-16,metro,74100.0,0.408,4.9,0,,20300.0,31.7,0,1
APP04803,Daniel Smith,935-29-6753,daniel.smith479@example.com,9509 Hillcrest Way,91296,1976-05-28,metro,100500.0,0.295,6.1,0,10.7,2000.0,42.7,0,1
APP04804,Aisha Garcia,977-42-3206,aisha.garcia160@example.com,974 Pine Rd,90409,1998-06-02,metro,59000.0,0.408,7.0,0,13.5,28100.0,32.9,1,0
APP04805,Fatima Taylor,995-18-2876,fatima.taylor645@example.com,6863 Hillcrest Way,90112,1950-12-18,metro,98700.0,0.369,9.2,0,10.8,25300.0,35.1,0,1
APP04806,Maria Garcia,921-89-6325,maria.garcia57@example.com,3733 Hillcrest Way,91339,1991-04-23,metro,60900.0,0.532,6.3,0,0.5,16100.0,20.2,1,0
APP04807,Omar Nguyen,947-86-9738,omar.nguyen322@example.com,4738 Hillcrest Way,90851,1990-05-25,metro,45600.0,0.299,6.3,1,,13000.0,29.5,1,0
APP04808,Olivia Wilson,946-48-7700,olivia.wilson253@example.com,458 Hillcrest Way,91706,1998-01-13,metro,80900.0,0.235,8.0,2,3.8,26300.0,32.1,0,1
APP04809,Grace Wilson,984-10-1444,grace.wilson835@example.com,9018 Hillcrest Way,96117,1998-12-26,rural,32300.0,0.341,8.7,0,7.3,29300.0,69.9,0,0
APP04810,Noah Davis,928-29-4868,noah.davis41@example.com,5593 Elm Dr,90434,1978-08-25,metro,86000.0,0.337,11.0,1,5.9,18000.0,31.2,0,1
APP04811,Omar Singh,964-71-5632,omar.singh668@example.com,4725 Oak St,96130,1962-02-08,rural,54300.0,0.289,10.1,1,5.5,16900.0,71.9,1,0
APP04812,Fatima Garcia,901-80-4461,fatima.garcia319@example.com,8118 Oak St,90632,1998-01-22,metro,53800.0,0.4,6.7,0,4.4,12700.0,28.9,1,0
APP04813,Grace Johnson,953-15-9722,grace.johnson969@example.com,6712 Pine Rd,91700,1958-02-27,metro,47600.0,0.329,5.2,0,2.4,16200.0,37.3,0,0
APP04814,Aisha Hernandez,933-76-5213,aisha.hernandez335@example.com,1138 Hillcrest Way,95993,1966-08-06,rural,56700.0,0.383,10.2,0,4.6,29100.0,73.2,0,0
APP04815,Maria Smith,951-14-1418,maria.smith75@example.com,747 Elm Dr,90445,1967-09-04,metro,56500.0,0.688,4.7,0,7.2,35200.0,32.1,1,0
APP04816,Linh Ramirez,912-16-3118,linh.ramirez575@example.com,392 Oak St,90484,1958-04-01,metro,52100.0,0.125,14.2,0,9.0,27300.0,26.0,0,1
APP04817,Chloe Johnson,929-74-4616,chloe.johnson627@example.com,6804 Elm Dr,90172,1983-05-07,metro,134200.0,0.351,7.8,0,7.0,9500.0,48.3,0,1
APP04818,Alex Smith,958-10-8418,alex.smith866@example.com,6941 Lakeview Blvd,95908,1975-03-29,rural,43000.0,0.484,36.2,0,4.6,27100.0,68.9,1,0
APP04819,Alex Lopez,932-40-5495,alex.lopez259@example.com,3483 Hillcrest Way,91299,1982-02-05,metro,75600.0,0.394,4.1,0,4.0,15400.0,23.8,1,0
APP04820,Chloe Lopez,994-54-4875,chloe.lopez508@example.com,5639 Elm Dr,90298,1957-10-03,metro,60100.0,0.251,10.5,0,3.6,14100.0,32.2,0,1
APP04821,Alex Wilson,980-87-7722,alex.wilson93@example.com,3450 Oak St,90826,1978-06-08,metro,60000.0,0.31,10.1,0,1.4,16400.0,48.6,0,1
APP04822,Mateo Taylor,942-32-4856,mateo.taylor42@example.com,9388 Pine Rd,91015,2001-09-14,metro,60400.0,0.303,5.9,0,0.4,23600.0,59.8,0,1
APP04823,Chloe Ali,909-24-4032,chloe.ali340@example.com,2494 Cedar Ln,95906,1983-04-17,rural,71000.0,0.259,1.5,0,3.7,11400.0,84.9,0,0
APP04824,Grace Brown,959-91-9595,grace.brown482@example.com,1186 Elm Dr,91932,1986-10-10,metro,59300.0,0.268,4.0,0,2.3,28400.0,43.4,0,1
APP04825,Daniel Lee,981-48-7560,daniel.lee789@example.com,5132 Oak St,90446,1974-04-02,metro,67100.0,0.354,7.6,2,13.4,34600.0,35.8,0,1
APP04826,Ravi Brown,914-22-5519,ravi.brown270@example.com,8382 Elm Dr,90313,1951-09-21,metro,26700.0,0.366,12.9,0,0.9,25700.0,42.0,1,1
APP04827,Hiro Davis,930-46-6674,hiro.davis21@example.com,448 Lakeview Blvd,95996,1954-04-01,rural,64700.0,0.263,6.3,1,4.4,35700.0,69.4,1,0
APP04828,Aisha Wilson,987-36-4523,aisha.wilson131@example.com,550 Oak St,91914,1996-11-13,metro,49800.0,0.236,7.2,2,18.3,30500.0,23.2,0,0
APP04829,Carlos Taylor,917-93-6017,carlos.taylor185@example.com,3665 Lakeview Blvd,95926,1976-07-13,rural,84200.0,0.378,8.6,0,,15000.0,72.1,0,0
APP04830,James Smith,936-67-2526,james.smith744@example.com,9266 Hillcrest Way,90223,1957-10-01,metro,67900.0,0.343,9.3,0,3.7,22600.0,26.6,0,1
APP04831,Carlos Ramirez,968-71-2388,carlos.ramirez302@example.com,7737 Elm Dr,91307,1997-12-02,metro,73900.0,0.319,8.4,0,13.3,11800.0,38.5,0,1
APP04832,Ravi Garcia,913-16-1926,ravi.garcia768@example.com,2750 Lakeview Blvd,90228,1984-06-09,metro,78500.0,0.261,17.9,0,3.3,20300.0,41.6,0,1
APP04833,Carlos Brown,955-19-2537,carlos.brown40@example.com,8277 Pine Rd,91672,1986-12-21,metro,84700.0,0.189,7.1,0,5.6,28900.0,21.6,1,0
APP04834,Omar Smith,975-81-8410,omar.smith778@example.com,1812 Pine Rd,91310,1974-12-12,metro,64800.0,0.214,10.6,1,26.8,13800.0,48.1,1,0
APP04835,Maria Lopez,995-49-6115,maria.lopez330@example.com,1391 Hillcrest Way,90981,1995-12-22,metro,59500.0,0.292,3.4,0,7.4,14000.0,39.7,0,0
APP04836,Fatima Ali,997-97-1503,fatima.ali431@example.com,3703 Elm Dr,90404,1986-01-17,metro,107300.0,0.368,10.4,0,4.6,25200.0,38.8,1,0
APP04837,Linh Ramirez,982-36-1580,linh.ramirez172@example.com,8450 Hillcrest Way,91983,1953-01-12,metro,26800.0,0.313,6.2,1,5.2,24600.0,42.0,1,0
APP04838,Maria Martinez,965-17-2588,maria.martinez584@example.com,2132 Elm Dr,91691,1977-03-10,metro,103700.0,0.162,18.5,0,5.3,5500.0,33.1,0,1
APP04839,Omar Lopez,940-76-2693,omar.lopez656@example.com,5151 Hillcrest Way,95936,1954-01-03,rural,32300.0,0.504,11.8,1,8.9,18300.0,65.4,1,0
APP04840,James Martinez,975-61-6134,james.martinez123@example.com,4658 Cedar Ln,90129,1991-05-11,metro,39900.0,0.406,8.8,0,10.0,18600.0,30.3,0,1
APP04841,Linh Davis,999-49-1097,linh.davis412@example.com,3259 Cedar Ln,90362,1973-05-21,metro,82800.0,0.387,18.6,0,4.5,21800.0,34.2,0,1
APP04842,Linh Patel,901-55-6185,linh.patel313@example.com,2885 Elm Dr,95904,1961-05-24,rural,25100.0,0.28,14.0,0,6.2,49200.0,77.5,1,0
APP04843,Sofia Taylor,984-91-2962,sofia.taylor335@example.com,4567 Elm Dr,91943,1962-03-09,metro,49500.0,0.267,9.2,1,4.0,8300.0,40.3,0,1
APP04844,Omar Nguyen,977-34-5475,omar.nguyen780@example.com,7435 Oak St,91073,1970-01-07,metro,50900.0,0.266,5.2,2,1.2,16700.0,33.1,1,0
APP04845,Mateo Davis,937-54-7393,mateo.davis437@example.com,5849 Elm Dr,90994,2000-06-07,metro,63900.0,0.173,3.5,1,11.1,28300.0,40.3,0,1
APP04846,Ravi Lee,954-54-9942,ravi.lee906@example.com,31 Oak St,96140,1987-05-03,rural,74900.0,0.475,5.7,1,8.0,24000.0,66.6,1,0
APP04847,Mateo Smith,924-31-5317,mateo.smith646@example.com,291 Lakeview Blvd,95925,1980-01-29,rural,67900.0,0.311,12.1,0,15.8,15400.0,79.4,0,1
APP04848,Ravi Taylor,924-59-7173,ravi.taylor252@example.com,5173 Pine Rd,90541,1967-08-03,metro,97800.0,0.29,8.9,1,8.5,12600.0,45.0,0,1
APP04849,Emma Ramirez,933-27-2279,emma.ramirez187@example.com,9614 Lakeview Blvd,91505,1967-05-17,metro,34900.0,0.3,6.8,0,1.3,5100.0,46.7,1,0
APP04850,Carlos Kim,967-46-4899,carlos.kim152@example.com,376 Pine Rd,90265,1971-04-25,metro,42400.0,0.511,9.9,0,15.8,8600.0,33.4,0,0
APP04851,Chloe Ramirez,982-34-4015,chloe.ramirez253@example.com,4693 Lakeview Blvd,96102,1977-01-06,rural,47600.0,0.326,6.5,0,3.9,25300.0,64.7,0,0
APP04852,Priya Patel,906-41-3063,priya.patel886@example.com,3429 Cedar Ln,91955,1977-01-30,metro,87600.0,0.442,8.3,1,7.9,19700.0,46.4,1,0
APP04853,Aisha Johnson,920-64-6254,aisha.johnson233@example.com,2888 Lakeview Blvd,91064,1982-10-09,metro,38300.0,0.415,9.2,0,4.2,3100.0,40.1,0,1
APP04854,Ravi Taylor,935-31-5243,ravi.taylor733@example.com,202 Maple Ave,91480,1991-07-06,metro,50900.0,0.4,7.7,1,2.5,17900.0,50.5,1,0
APP04855,Olivia Davis,923-18-3393,olivia.davis604@example.com,1424 Cedar Ln,90712,1979-11-05,metro,140900.0,0.343,16.2,1,10.5,14700.0,27.1,0,1
APP04856,Ravi Garcia,946-92-4853,ravi.garcia698@example.com,7121 Oak St,95911,1962-12-23,rural,131300.0,0.057,7.2,1,8.0,40600.0,68.1,0,1
APP04857,Omar Garcia,965-84-2840,omar.garcia364@example.com,2527 Pine Rd,90633,1984-05-15,metro,62900.0,0.417,10.7,1,19.1,33100.0,18.1,1,0
APP04858,Grace Lee,950-29-8574,grace.lee395@example.com,5180 Elm Dr,90033,1955-11-19,metro,119800.0,0.14,9.5,0,11.2,17400.0,49.4,0,1
APP04859,Linh Lee,976-94-1418,linh.lee780@example.com,5673 Cedar Ln,91491,1997-06-21,metro,48800.0,0.334,9.3,0,4.9,14400.0,31.4,0,1
APP04860,Carlos Wilson,999-14-6397,carlos.wilson981@example.com,309 Hillcrest Way,96040,1955-09-28,rural,51000.0,0.147,8.2,0,7.7,28000.0,61.5,1,0
APP04861,Linh Patel,907-80-9097,linh.patel51@example.com,4997 Elm Dr,96062,1987-04-17,rural,32600.0,0.316,8.3,1,8.7,25300.0,81.2,1,0
APP04862,Alex Kim,976-70-4148,alex.kim45@example.com,8919 Lakeview Blvd,95914,1957-07-08,rural,79900.0,0.196,13.9,0,2.4,20700.0,70.3,0,1
APP04863,Emma Davis,942-10-3006,emma.davis321@example.com,2541 Pine Rd,90895,1973-08-11,metro,37300.0,0.318,16.2,0,,17300.0,41.3,0,1
APP04864,Kevin Ramirez,934-20-4830,kevin.ramirez845@example.com,3669 Pine Rd,95968,1996-07-24,rural,42300.0,0.112,5.0,0,1.4,27600.0,73.0,0,1
APP04865,Fatima Clark,919-86-9095,fatima.clark651@example.com,8443 Pine Rd,91260,1992-04-13,metro,75300.0,0.027,14.0,0,10.7,15800.0,37.1,0,1
APP04866,Carlos Davis,961-88-7142,carlos.davis433@example.com,6578 Hillcrest Way,91200,1987-04-26,metro,44300.0,0.272,3.5,2,16.2,19200.0,39.7,1,0
APP04867,Linh Singh,945-66-2064,linh.singh534@example.com,9109 Cedar Ln,95949,1983-03-12,rural,,0.403,5.3,1,7.2,19100.0,81.1,0,0
APP04868,Olivia Lopez,942-13-5645,olivia.lopez501@example.com,9085 Cedar Ln,90176,1960-06-05,metro,53000.0,0.159,8.2,0,9.3,29300.0,31.9,0,1
APP04869,Hiro Clark,917-63-5343,hiro.clark181@example.com,2418 Hillcrest Way,96102,1956-09-08,rural,87900.0,0.288,12.5,1,6.4,16600.0,73.2,0,1
APP04870,Aisha Nguyen,947-51-5331,aisha.nguyen903@example.com,6884 Lakeview Blvd,90785,1961-01-14,metro,53600.0,0.286,3.8,0,,3400.0,25.9,1,0
APP04871,Ravi Chen,934-62-4463,ravi.chen410@example.com,1033 Cedar Ln,91109,1977-09-16,metro,26000.0,0.196,14.5,2,,21000.0,35.6,1,0
APP04872,Maria Nguyen,978-17-7162,maria.nguyen994@example.com,7851 Maple Ave,90128,1991-05-29,metro,71900.0,0.238,10.1,0,3.4,26000.0,42.3,0,1
APP04873,Fatima Lee,954-31-7180,fatima.lee269@example.com,9688 Elm Dr,91066,2000-07-29,metro,69300.0,0.531,0.9,2,11.8,10000.0,39.6,1,0
APP04874,James Ali,953-27-8703,james.ali370@example.com,3706 Lakeview Blvd,90603,1971-04-10,metro,69300.0,0.216,10.0,1,2.0,24800.0,36.5,0,1
APP04875,Priya Ali,962-24-4468,priya.ali907@example.com,381 Elm Dr,91101,1958-02-06,metro,38700.0,0.374,3.5,2,2.4,20200.0,27.0,1,0
APP04876,Noah Wilson,924-17-4489,noah.wilson828@example.com,8743 Pine Rd,95937,1959-01-07,rural,151800.0,0.361,15.6,1,5.3,22100.0,68.5,0,1
APP04877,Maria Ali,979-38-6521,maria.ali752@example.com,8873 Elm Dr,91595,2000-03-16,metro,46500.0,0.301,9.6,0,5.4,6000.0,43.7,0,1
APP04878,Noah Singh,911-22-8964,noah.singh783@example.com,8088 Hillcrest Way,91954,1959-02-05,metro,65000.0,0.61,12.4,0,3.8,20400.0,31.0,0,0
APP04879,Omar Ramirez,969-70-2856,omar.ramirez743@example.com,2715 Hillcrest Way,90047,1984-10-29,metro,130100.0,0.4,11.8,0,10.1,22600.0,31.3,0,1
APP04880,Grace Ramirez,925-54-6913,grace.ramirez728@example.com,1183 Cedar Ln,91129,1968-07-05,metro,46500.0,0.172,3.5,0,8.9,28900.0,26.7,1,0
APP04881,Noah Hernandez,927-36-2587,noah.hernandez581@example.com,8873 Maple Ave,96045,2001-07-11,rural,56500.0,0.237,17.2,0,8.6,19300.0,68.4,0,1
APP04882,Hiro Kim,945-71-8842,hiro.kim197@example.com,6651 Elm Dr,90440,1958-02-19,metro,67000.0,0.345,4.8,0,0.2,40500.0,31.9,1,0
APP04883,Alex Garcia,978-22-2790,alex.garcia129@example.com,6037 Oak St,91416,2000-03-22,metro,39800.0,0.412,6.4,0,6.3,15700.0,45.0,0,1
APP04884,Noah Lopez,990-80-8655,noah.lopez158@example.com,7632 Lakeview Blvd,91239,1999-07-10,metro,51000.0,0.534,13.2,0,3.6,33300.0,30.5,1,0
APP04885,James Ramirez,948-10-8892,james.ramirez114@example.com,2798 Oak St,96115,1992-11-19,rural,61300.0,0.246,3.2,0,8.1,2600.0,72.8,0,1
APP04886,Maria Moore,954-23-3408,maria.moore452@example.com,9389 Lakeview Blvd,91546,1969-05-19,metro,87800.0,0.29,10.4,1,2.3,14500.0,40.8,0,1
APP04887,Maria Johnson,958-74-5716,maria.johnson934@example.com,6942 Oak St,90762,1959-07-19,metro,80400.0,0.45,6.3,0,10.7,26700.0,20.7,0,1
APP04888,Daniel Ramirez,950-90-4533,daniel.ramirez742@example.com,4435 Hillcrest Way,91932,1995-05-05,metro,32200.0,0.379,4.4,0,24.9,27500.0,29.4,1,0
APP04889,Daniel Lopez,983-59-4840,daniel.lopez968@example.com,2901 Elm Dr,91600,1991-03-27,metro,59200.0,0.353,19.1,1,6.8,23400.0,36.8,0,1
APP04890,Ravi Martinez,946-74-5962,ravi.martinez166@example.com,1107 Pine Rd,91540,1952-07-15,metro,44500.0,0.345,4.5,0,,11200.0,40.9,1,0
APP04891,Emma Moore,901-76-6581,emma.moore451@example.com,5719 Pine Rd,96076,1964-08-12,rural,32700.0,0.431,11.3,2,1.0,20900.0,75.2,1,0
APP04892,Aisha Brown,944-81-7181,aisha.brown291@example.com,9546 Elm Dr,96022,1987-11-20,rural,38500.0,0.294,9.6,2,5.7,19400.0,59.8,1,0
APP04893,Emma Taylor,960-93-9226,emma.taylor154@example.com,9922 Pine Rd,90190,1996-03-05,metro,63800.0,0.417,5.6,0,6.1,13100.0,29.5,0,1
APP04894,Hiro Hernandez,917-54-6643,hiro.hernandez145@example.com,5873 Lakeview Blvd,91283,1984-03-17,metro,44000.0,0.179,16.8,0,11.3,12400.0,22.9,0,1
APP04895,Chloe Martinez,953-63-9419,chloe.martinez22@example.com,4343 Cedar Ln,90132,1992-08-17,metro,37100.0,0.522,4.4,0,7.2,20200.0,42.1,1,0
APP04896,Sofia Singh,931-60-5568,sofia.singh966@example.com,2367 Hillcrest Way,90621,1964-11-14,metro,64700.0,0.317,10.0,3,13.9,27300.0,38.2,0,1
APP04897,Olivia Johnson,960-19-6676,olivia.johnson54@example.com,4107 Pine Rd,96129,1956-10-08,rural,81700.0,0.554,6.6,1,3.9,18400.0,56.9,1,0
APP04898,Fatima Clark,920-33-6500,fatima.clark753@example.com,2894 Pine Rd,91688,1959-10-03,metro,62500.0,0.271,10.2,0,6.8,29100.0,39.7,0,1
APP04899,Priya Garcia,985-73-8415,priya.garcia92@example.com,1944 Lakeview Blvd,90176,1966-01-30,metro,53300.0,0.258,2.2,2,10.2,11000.0,30.4,0,1
APP04900,Olivia Kim,986-52-3717,olivia.kim383@example.com,54 Cedar Ln,91774,1993-03-06,metro,73100.0,0.363,2.9,2,5.4,21400.0,31.6,1,1
APP04901,Fatima Taylor,953-15-8542,fatima.taylor375@example.com,1857 Hillcrest Way,90356,2001-04-09,metro,56900.0,0.244,11.4,0,3.2,21700.0,28.2,0,1
APP04902,Carlos Moore,984-99-9348,carlos.moore951@example.com,6554 Oak St,91592,1967-11-11,metro,98900.0,0.24,9.1,1,5.8,11200.0,35.6,0,1
APP04903,Emma Hernandez,910-52-8278,emma.hernandez594@example.com,2168 Hillcrest Way,90829,1980-09-25,metro,30900.0,0.546,6.4,2,,24100.0,36.9,1,0
APP04904,Aisha Lopez,942-75-6060,aisha.lopez224@example.com,8081 Oak St,96043,2001-05-03,rural,52600.0,0.284,7.7,0,2.8,12100.0,68.5,1,0
APP04905,Omar Wilson,960-60-7848,omar.wilson571@example.com,5723 Pine Rd,96076,1964-01-16,rural,99500.0,0.244,18.0,0,4.6,17900.0,93.3,0,1
APP04906,Alex Smith,978-19-8512,alex.smith504@example.com,4940 Maple Ave,91133,1971-02-08,metro,38200.0,0.341,3.9,1,4.0,30200.0,45.5,1,0
APP04907,Ravi Ali,954-50-8308,ravi.ali960@example.com,1912 Hillcrest Way,96139,1968-05-09,rural,73700.0,0.221,9.6,0,13.0,19900.0,80.9,0,0
APP04908,Chloe Kim,997-94-7206,chloe.kim545@example.com,1482 Elm Dr,91068,1992-07-02,metro,83800.0,0.441,5.7,0,9.5,32900.0,29.8,0,1
APP04909,Ravi Garcia,939-66-3186,ravi.garcia511@example.com,639 Cedar Ln,91429,1954-06-07,metro,73900.0,0.46,8.2,2,2.6,17400.0,38.1,1,0
APP04910,Aisha Nguyen,994-48-5503,aisha.nguyen586@example.com,5632 Hillcrest Way,95955,1957-11-18,rural,43600.0,0.227,15.0,0,8.6,16400.0,88.1,1,0
APP04911,Chloe Hernandez,904-73-9364,chloe.hernandez47@example.com,6462 Hillcrest Way,90433,1979-05-30,metro,105200.0,0.33,8.1,0,1.2,35700.0,22.2,1,0
APP04912,Noah Ramirez,917-67-2094,noah.ramirez925@example.com,9129 Maple Ave,91509,1963-01-16,metro,135800.0,0.342,5.8,0,6.3,18000.0,33.7,0,1
APP04913,Priya Hernandez,984-35-1604,priya.hernandez621@example.com,4508 Pine Rd,90446,1983-01-17,metro,61000.0,0.193,2.9,1,9.4,32700.0,42.2,0,1
APP04914,Daniel Davis,931-17-5227,daniel.davis429@example.com,51 Cedar Ln,91969,1991-07-29,metro,121800.0,0.071,12.0,1,0.7,19500.0,31.8,0,1
APP04915,Maria Clark,915-79-3261,maria.clark939@example.com,4278 Elm Dr,91574,1987-08-09,metro,45900.0,0.411,13.2,1,11.7,18800.0,20.9,1,0
APP04916,Priya Martinez,921-48-3673,priya.martinez268@example.com,6012 Hillcrest Way,91613,1953-11-10,metro,101500.0,0.228,10.6,0,10.7,29800.0,30.2,0,1
APP04917,Grace Clark,979-91-5563,grace.clark669@example.com,2776 Elm Dr,90711,1996-01-16,metro,129900.0,0.379,12.5,0,5.7,15100.0,25.9,0,1
APP04918,Noah Garcia,902-41-9434,noah.garcia106@example.com,7068 Oak St,96053,1984-09-12,rural,76700.0,0.533,4.9,0,3.8,20100.0,91.5,0,0
APP04919,Grace Taylor,916-56-5262,grace.taylor30@example.com,447 Elm Dr,91177,1953-11-20,metro,66400.0,0.316,18.1,0,5.9,16400.0,36.0,0,1
APP04920,Mateo Garcia,985-69-3142,mateo.garcia975@example.com,968 Oak St,90521,1978-03-15,metro,86800.0,0.517,20.0,1,2.6,18200.0,28.0,1,0
APP04921,Noah Ramirez,983-46-9132,noah.ramirez288@example.com,5216 Maple Ave,90739,1978-04-18,metro,67400.0,0.509,13.9,1,3.7,20800.0,24.0,1,0
APP04922,Ravi Wilson,970-57-6878,ravi.wilson455@example.com,9599 Cedar Ln,90710,1973-09-02,metro,92900.0,0.4,4.1,0,6.8,26200.0,47.0,0,0
APP04923,Ravi Johnson,917-65-5351,ravi.johnson259@example.com,7261 Lakeview Blvd,91908,2000-04-06,metro,34900.0,0.306,11.0,0,0.8,15900.0,41.4,1,0
APP04924,Chloe Martinez,996-97-3518,chloe.martinez947@example.com,406 Lakeview Blvd,91853,1961-01-13,metro,43600.0,0.598,6.7,0,0.7,20200.0,36.7,1,0
APP04925,Alex Davis,984-18-4096,alex.davis762@example.com,6572 Maple Ave,90802,1985-02-13,metro,112500.0,0.077,3.3,1,18.9,25900.0,41.8,0,1
APP04926,Linh Ramirez,960-34-7505,linh.ramirez271@example.com,8789 Lakeview Blvd,91159,1998-08-17,metro,,0.39,9.0,0,15.1,14100.0,31.6,0,1
APP04927,Olivia Davis,972-88-4519,olivia.davis843@example.com,27 Elm Dr,91015,1990-12-13,metro,123300.0,0.213,8.3,2,3.4,17200.0,29.9,0,1
APP04928,Hiro Ali,958-66-1989,hiro.ali64@example.com,6608 Maple Ave,90138,1992-04-11,metro,53800.0,0.267,13.4,0,6.6,24200.0,23.2,0,1
APP04929,Sofia Ali,909-84-4139,sofia.ali913@example.com,6985 Hillcrest Way,91161,1998-04-13,metro,29900.0,0.166,10.5,2,15.2,23700.0,16.1,0,0
APP04930,Priya Garcia,991-21-5269,priya.garcia362@example.com,8674 Maple Ave,96100,1970-03-29,rural,65300.0,0.112,26.4,0,10.0,24600.0,83.8,0,1
APP04931,Noah Johnson,972-28-6914,noah.johnson737@example.com,6654 Pine Rd,96150,1961-04-24,rural,87400.0,0.351,6.0,1,7.5,19400.0,77.3,1,0
APP04932,Emma Moore,965-61-3902,emma.moore427@example.com,9885 Lakeview Blvd,90522,1952-10-21,metro,,0.259,9.2,0,12.7,16100.0,34.3,0,1
APP04933,Ravi Johnson,948-69-6844,ravi.johnson305@example.com,3001 Oak St,90475,1980-02-08,metro,79600.0,0.303,6.8,1,11.7,13700.0,34.5,0,0
APP04934,Priya Martinez,999-34-3878,priya.martinez239@example.com,7726 Hillcrest Way,90688,1977-09-02,metro,106200.0,0.024,10.9,0,8.5,34600.0,37.7,0,1
APP04935,Linh Hernandez,933-67-8138,linh.hernandez659@example.com,3066 Maple Ave,96106,1979-09-23,rural,49500.0,0.173,4.5,2,3.1,19600.0,69.0,1,0
APP04936,Sofia Brown,901-37-1884,sofia.brown912@example.com,2962 Hillcrest Way,90360,1995-11-02,metro,61600.0,0.291,7.6,0,4.3,14500.0,53.4,0,1
APP04937,Priya Brown,926-81-3235,priya.brown532@example.com,2451 Pine Rd,91538,1972-06-11,metro,49000.0,0.42,9.4,0,14.8,18800.0,43.5,0,1
APP04938,Priya Taylor,906-43-6852,priya.taylor666@example.com,2282 Lakeview Blvd,91952,1972-04-03,metro,35500.0,0.294,28.8,0,1.2,15200.0,29.5,0,1
APP04939,Alex Nguyen,955-44-4499,alex.nguyen608@example.com,3916 Lakeview Blvd,90691,1997-04-22,metro,58900.0,0.281,4.9,0,5.4,25400.0,26.5,1,0
APP04940,Sofia Smith,985-71-1739,sofia.smith205@example.com,7600 Maple Ave,91574,1956-01-05,metro,87000.0,0.268,21.2,0,10.8,31600.0,40.0,0,1
APP04941,Carlos Smith,936-62-3299,carlos.smith544@example.com,2684 Pine Rd,90471,1960-07-22,metro,64900.0,0.364,7.1,1,1.9,14500.0,47.0,1,0
APP04942,Aisha Garcia,936-50-4759,aisha.garcia550@example.com,5066 Lakeview Blvd,91854,1951-01-30,metro,141600.0,0.166,9.0,0,2.3,10900.0,28.6,0,1
APP04943,Noah Lee,919-79-7577,noah.lee495@example.com,6000 Cedar Ln,91116,1973-02-05,metro,100100.0,0.29,12.1,0,3.1,9400.0,31.1,0,1
APP04944,Hiro Chen,944-11-2820,hiro.chen359@example.com,9837 Maple Ave,96150,2000-12-13,rural,27300.0,0.438,10.5,1,7.9,24500.0,63.9,1,0
APP04945,Fatima Ramirez,921-18-3721,fatima.ramirez904@example.com,8889 Cedar Ln,90887,1981-12-24,metro,63400.0,0.297,2.7,1,7.4,36300.0,27.3,0,1
APP04946,Aisha Ramirez,926-72-7112,aisha.ramirez766@example.com,5236 Elm Dr,91027,1980-04-13,metro,63400.0,0.282,7.2,0,7.2,17100.0,36.2,0,1
APP04947,Kevin Ramirez,946-36-4587,kevin.ramirez291@example.com,8299 Lakeview Blvd,95911,1983-02-22,rural,62500.0,0.206,14.8,1,3.4,33900.0,72.8,1,0
APP04948,James Brown,908-19-1503,james.brown848@example.com,4742 Maple Ave,91556,1991-05-24,metro,86300.0,0.355,3.0,1,3.1,11900.0,36.5,0,1
APP04949,Priya Kim,905-39-6832,priya.kim555@example.com,1905 Hillcrest Way,91506,1964-07-21,metro,42700.0,0.504,13.9,0,10.1,13600.0,21.5,1,0
APP04950,Maria Nguyen,948-95-2659,maria.nguyen854@example.com,3221 Maple Ave,91790,1999-07-04,metro,98500.0,0.363,16.8,1,10.4,25600.0,55.8,0,1
APP04951,Linh Patel,938-89-6911,linh.patel298@example.com,4713 Hillcrest Way,91722,1956-04-14,metro,69200.0,0.584,10.9,1,7.4,2000.0,37.0,1,0
APP04952,Olivia Clark,990-17-1872,olivia.clark397@example.com,5761 Hillcrest Way,96107,1959-07-09,rural,74700.0,0.286,10.2,0,3.1,21400.0,85.8,1,0
APP04953,Kevin Kim,964-48-3344,kevin.kim842@example.com,6751 Lakeview Blvd,91002,1992-04-27,metro,75600.0,0.505,8.4,0,1.1,10500.0,28.1,1,0
APP04954,Aisha Patel,981-45-5284,aisha.patel482@example.com,2131 Cedar Ln,90876,1973-05-07,metro,64100.0,0.276,12.7,0,4.6,17300.0,57.6,0,1
APP04955,Carlos Taylor,944-67-2012,carlos.taylor232@example.com,6999 Elm Dr,90369,1957-07-27,metro,148800.0,0.505,5.3,0,1.2,28100.0,36.7,1,0
APP04956,Linh Hernandez,918-22-8614,linh.hernandez643@example.com,9051 Elm Dr,91684,1977-02-16,metro,48600.0,0.39,19.9,0,2.2,32800.0,40.7,1,0
APP04957,Hiro Garcia,976-23-4839,hiro.garcia226@example.com,6073 Oak St,95932,2001-07-23,rural,92400.0,0.396,16.6,2,11.1,16000.0,81.7,0,1
APP04958,Omar Lee,914-49-8526,omar.lee81@example.com,9151 Lakeview Blvd,91600,1995-10-18,metro,64900.0,0.523,9.0,1,4.7,20700.0,35.4,1,0
APP04959,Linh Johnson,999-45-6696,linh.johnson303@example.com,3555 Maple Ave,96093,1984-10-03,rural,49600.0,0.474,10.2,0,1.6,18000.0,73.7,0,0
APP04960,Daniel Hernandez,947-57-4793,daniel.hernandez319@example.com,2994 Elm Dr,91904,1999-09-10,metro,40500.0,0.336,7.2,0,4.3,8200.0,42.6,0,0
APP04961,Mateo Hernandez,917-31-5848,mateo.hernandez584@example.com,5107 Cedar Ln,90864,1964-04-29,metro,37100.0,0.291,14.7,1,7.8,30800.0,23.5,1,0
APP04962,Hiro Davis,928-23-1048,hiro.davis565@example.com,3549 Lakeview Blvd,96072,1958-12-20,rural,49900.0,0.365,13.1,0,16.5,16500.0,75.2,0,1
APP04963,Chloe Chen,929-19-2445,chloe.chen111@example.com,9396 Lakeview Blvd,96043,1980-09-19,rural,46300.0,0.199,17.7,1,,34900.0,57.6,0,0
APP04964,Linh Lee,928-60-1221,linh.lee564@example.com,9688 Hillcrest Way,90745,1958-07-13,metro,67000.0,0.42,4.0,1,8.0,23500.0,25.5,1,0
APP04965,Linh Johnson,956-34-3449,linh.johnson820@example.com,4996 Elm Dr,91653,2001-10-26,metro,66800.0,0.264,13.5,1,3.9,13900.0,33.8,0,1
APP04966,Fatima Ali,950-18-2709,fatima.ali603@example.com,4562 Elm Dr,90453,1956-01-13,metro,87000.0,0.376,6.2,2,4.5,29400.0,27.5,1,1
APP04967,Emma Johnson,913-52-6617,emma.johnson427@example.com,866 Elm Dr,91007,1974-01-21,metro,101000.0,0.449,7.2,0,5.1,4700.0,27.3,1,0
APP04968,Hiro Johnson,997-74-9936,hiro.johnson930@example.com,7566 Pine Rd,91197,1982-10-17,metro,54000.0,0.389,6.4,1,8.0,34900.0,39.2,0,1
APP04969,Noah Lopez,942-20-2830,noah.lopez411@example.com,7227 Cedar Ln,95931,1987-10-24,rural,86900.0,0.392,14.1,0,4.2,28500.0,72.0,0,1
APP04970,Mateo Ramirez,966-92-5443,mateo.ramirez295@example.com,687 Elm Dr,96027,1957-12-23,rural,25000.0,0.336,16.4,1,1.4,27200.0,75.5,1,0
APP04971,Maria Ali,977-58-5651,maria.ali474@example.com,6234 Maple Ave,91629,1959-05-02,metro,158700.0,0.341,14.4,2,4.4,10500.0,37.7,0,1
APP04972,Fatima Smith,976-67-8723,fatima.smith433@example.com,5928 Hillcrest Way,91527,1997-12-09,metro,90400.0,0.496,6.0,0,10.0,14800.0,35.1,0,1
APP04973,Sofia Patel,977-14-3329,sofia.patel29@example.com,4821 Pine Rd,96066,1979-12-13,rural,86100.0,0.119,5.0,0,9.5,17800.0,78.3,1,1
APP04974,Grace Patel,983-80-9849,grace.patel888@example.com,2962 Pine Rd,91398,1970-12-26,metro,104500.0,0.441,25.6,1,4.5,7900.0,37.4,0,0
APP04975,Priya Davis,999-26-2843,priya.davis585@example.com,3151 Elm Dr,96160,1997-03-27,rural,48700.0,0.297,8.4,0,8.7,10100.0,64.8,1,0
APP04976,Linh Ali,944-23-9311,linh.ali155@example.com,7325 Pine Rd,91133,1975-04-15,metro,82400.0,0.243,8.4,0,3.0,24700.0,18.4,0,1
APP04977,Daniel Wilson,969-46-2316,daniel.wilson39@example.com,9105 Cedar Ln,90135,1989-04-16,metro,58800.0,0.274,3.2,0,5.9,17400.0,42.7,0,1
APP04978,Alex Chen,942-43-1894,alex.chen261@example.com,9271 Pine Rd,96086,1955-08-29,rural,43500.0,0.435,8.0,0,6.0,23600.0,71.2,0,0
APP04979,Kevin Moore,965-39-9437,kevin.moore815@example.com,7672 Cedar Ln,91265,1956-04-17,metro,98000.0,0.328,7.0,1,4.7,21900.0,41.2,0,1
APP04980,James Brown,989-24-6652,james.brown736@example.com,2840 Cedar Ln,91127,1965-04-25,metro,80500.0,0.562,8.7,0,11.3,2000.0,38.7,1,0
APP04981,James Ali,933-43-9994,james.ali830@example.com,2855 Elm Dr,95919,1958-02-03,rural,52300.0,0.3,6.0,1,4.7,13600.0,80.1,1,0
APP04982,Noah Singh,918-43-8783,noah.singh823@example.com,1391 Elm Dr,96111,2001-08-29,rural,176500.0,0.528,23.1,0,6.7,10600.0,81.7,0,1
APP04983,Chloe Ramirez,944-50-5145,chloe.ramirez834@example.com,5292 Cedar Ln,95929,1968-07-01,rural,46800.0,0.204,9.0,0,6.7,16300.0,55.3,1,0
APP04984,Mateo Kim,972-78-7117,mateo.kim99@example.com,4246 Hillcrest Way,90655,1977-01-09,metro,35800.0,0.245,5.4,1,,13300.0,33.8,1,0
APP04985,Noah Brown,934-83-9729,noah.brown64@example.com,6234 Cedar Ln,91880,1978-04-09,metro,46100.0,0.327,4.1,0,2.4,26300.0,52.7,0,1
APP04986,Aisha Lopez,906-68-1415,aisha.lopez211@example.com,204 Hillcrest Way,91759,1979-07-01,metro,40100.0,0.172,14.9,0,2.0,25400.0,32.7,0,1
APP04987,Linh Johnson,902-56-3265,linh.johnson930@example.com,9989 Maple Ave,90303,1966-09-30,metro,45900.0,0.283,21.1,0,5.5,28900.0,40.9,0,1
APP04988,Noah Hernandez,970-52-1495,noah.hernandez571@example.com,1854 Lakeview Blvd,91351,1999-03-14,metro,76200.0,0.066,5.8,0,3.1,18300.0,34.1,0,1
APP04989,James Patel,965-57-7155,james.patel84@example.com,5574 Lakeview Blvd,96065,1973-01-21,rural,90000.0,0.339,15.1,2,8.2,21600.0,60.2,0,0
APP04990,Noah Nguyen,914-57-7724,noah.nguyen932@example.com,159 Elm Dr,91141,1985-07-21,metro,50400.0,0.428,4.2,1,3.7,19400.0,49.5,1,0
APP04991,Chloe Patel,955-25-4073,chloe.patel887@example.com,2046 Cedar Ln,91715,1968-11-19,metro,61100.0,0.305,10.3,0,3.1,23900.0,33.1,0,1
APP04992,Linh Garcia,902-36-8622,linh.garcia86@example.com,7314 Elm Dr,96193,1983-12-24,rural,56700.0,0.469,12.1,0,1.0,15700.0,80.7,1,0
APP04993,Olivia Brown,974-33-3898,olivia.brown965@example.com,81 Hillcrest Way,91960,1955-07-17,metro,45800.0,0.294,8.6,0,3.6,15300.0,31.2,1,0
APP04994,Chloe Kim,917-98-6540,chloe.kim794@example.com,8414 Pine Rd,91143,1977-09-28,metro,63100.0,0.393,5.2,1,7.9,15000.0,20.8,0,1
APP04995,James Nguyen,992-66-1893,james.nguyen748@example.com,3006 Pine Rd,90562,1981-08-28,metro,35500.0,0.409,16.8,0,,17200.0,37.2,1,0
APP04996,Sofia Moore,946-22-1280,sofia.moore703@example.com,9343 Oak St,90596,1968-03-15,metro,100400.0,0.364,5.2,0,4.9,23000.0,27.4,0,1
APP04997,Fatima Moore,926-17-2945,fatima.moore66@example.com,3623 Lakeview Blvd,95988,1975-05-19,rural,41600.0,0.312,9.7,1,11.5,16700.0,62.1,1,0
APP04998,James Patel,968-70-9980,james.patel454@example.com,6888 Elm Dr,90701,1992-02-14,metro,57400.0,0.581,16.3,0,8.7,21000.0,36.1,1,0
APP04999,Chloe Garcia,974-36-5351,chloe.garcia567@example.com,2484 Elm Dr,90827,1973-10-13,metro,86800.0,0.298,10.9,0,2.9,16200.0,34.5,0,1
APP05000,Noah Ali,947-89-5899,noah.ali914@example.com,2913 Lakeview Blvd,91442,1974-06-20,metro,43200.0,0.322,7.7,0,7.6,17900.0,22.3,1,0
